"Species","SpecCode","Suporder","Order","Family","Maximum_body_length","Body_elongation","Vertical_eye_position","Relative_eye_size","Oral_gape_position","Relative_maxillary_length"
"Abramites_eques",14737,"Teleostei","Characiformes","Anostomidae",18.5,2.754541467,0.386362758,0.62962963,0.386362758,0.233600823
"Abramites_hypselonotus",10768,"Teleostei","Characiformes","Anostomidae",14,2.951111516,0.396532958,0.468741005,0.482063585,0.136261585
"Acanthicus_hystrix",13268,"Teleostei","Siluriformes","Loricariidae",53,4.535059574,0.595910568,0.144950084,0,0
"Acanthocharax_microlepis",51803,"Teleostei","Characiformes","Characidae",8.5,2.561653574,0.596713231,0.44295677,0.645220915,0.427611996
"Acanthodoras_cataphractus",47599,"Teleostei","Siluriformes","Doradidae",12,4.143437064,0.57247185,0.18237942,0.382291321,0.341908108
"Acanthodoras_spinosissimus",12103,"Teleostei","Siluriformes","Doradidae",14,3.840304563,0.492843062,0.170081817,0.278656324,0.486323116
"Acanthopoma_annectens",48774,"Teleostei","Siluriformes","Trichomycteridae",12,6.99180696,0.354219198,0.314532654,0,0
"Acarichthys_heckelii",12258,"Teleostei","Perciformes","Cichlidae",13.4,2.879540602,0.575777121,0.26662963,0.360308198,0.253437037
"Acaronia_nassa",12260,"Teleostei","Perciformes","Cichlidae",15.4,2.248830964,0.526075829,0.51282092,0.393415482,0.598044823
"Acaronia_vultuosa",46568,"Teleostei","Perciformes","Cichlidae",12.2,2.143874428,0.556801309,0.418181818,0.477258265,0.562430303
"Acentronichthys_leptos",47798,"Teleostei","Siluriformes","Heptapteridae",11,7.548666872,0.584100383,0.200088039,0.407296534,"NA"
"Acestridium_dichromum",57630,"Teleostei","Siluriformes","Loricariidae",6.3,11.30526842,0.473684211,0.38176998,0,0
"Acestridium_discus",50557,"Teleostei","Siluriformes","Loricariidae",7,17.03136719,0.484625,0.433884492,0,0
"Acestridium_martini",57632,"Teleostei","Siluriformes","Loricariidae",7,17.17460317,0.647047619,0.446428571,0,0
"Acestridium_triplax",64041,"Teleostei","Siluriformes","Loricariidae",5.55,13.93615597,0.740954698,0.269632277,0,0
"Acestrocephalus_anomalus",52917,"Teleostei","Characiformes","Characidae",20,3.655639218,0.59058452,0.453841417,0.59058452,0.809114151
"Acestrocephalus_boehlkei",51805,"Teleostei","Characiformes","Characidae",14,3.597270369,0.509883579,0.518419326,0.481697541,1.079619021
"Acestrocephalus_pallidus",63995,"Teleostei","Characiformes","Characidae",6.05,3.574136318,0.539919849,0.517730496,0.501897324,1.270035461
"Acestrocephalus_sardina",53309,"Teleostei","Characiformes","Characidae",13.5,3.413600884,0.646407984,0.486223266,0.624307604,1.042382421
"Acestrorhynchus_altus",51076,"Teleostei","Characiformes","Acestrorhynchidae",23.3,3.641088049,0.599980973,0.392471558,0.547076918,1.321887225
"Acestrorhynchus_britskii",52499,"Teleostei","Characiformes","Acestrorhynchidae",16.5,4.779245455,0.531390909,0.450140633,0.531390909,1.198472658
"Acestrorhynchus_falcatus",23498,"Teleostei","Characiformes","Acestrorhynchidae",30,4.776882734,0.639142277,0.401410907,0.575369574,1.041610679
"Acestrorhynchus_falcirostris",13123,"Teleostei","Characiformes","Acestrorhynchidae",45,5.868843224,0.682197042,0.458820602,0.644068882,1.553815804
"Acestrorhynchus_grandoculis",51808,"Teleostei","Characiformes","Acestrorhynchidae",11,6.15980447,0.643040081,0.444174921,0.53566739,1.451435213
"Acestrorhynchus_heterolepis",27261,"Teleostei","Characiformes","Acestrorhynchidae",40.8,5.111346232,0.561279459,0.458714782,0.503254776,1.562371618
"Acestrorhynchus_isalineae",52522,"Teleostei","Characiformes","Acestrorhynchidae",10.1,6.408764927,0.559917711,0.533989079,0.509978772,1.552650717
"Acestrorhynchus_lacustris",51077,"Teleostei","Characiformes","Acestrorhynchidae",27,4.289617918,0.616108251,0.44198177,0.560704125,1.171920638
"Acestrorhynchus_maculipinna",52523,"Teleostei","Characiformes","Acestrorhynchidae",8,6.606775281,0.620314607,0.515625,0.620314607,1.762578125
"Acestrorhynchus_microlepis",12336,"Teleostei","Characiformes","Acestrorhynchidae",37,5.163057152,0.541481721,0.428250256,0.507401785,0.989978058
"Acestrorhynchus_minimus",51809,"Teleostei","Characiformes","Acestrorhynchidae",6.3,6.056471209,0.677164761,0.529016869,0.620429844,1.491270349
"Acestrorhynchus_nasutus",51815,"Teleostei","Characiformes","Acestrorhynchidae",7,6.599681021,0.552250979,0.556036124,0.467685225,1.865268484
"Acestrorhynchus_pantaneiro",52503,"Teleostei","Characiformes","Acestrorhynchidae",35.2,4.178191439,0.556195819,0.454465121,0.506526585,1.225987511
"Acinocheirodon_melanogramma",56582,"Teleostei","Pleuronectiformes","Achiridae",4,3.4764727,0.512414732,0.500244978,0.517948221,0.494986118
"Acnodon_normani",26526,"Teleostei","Characiformes","Characidae",19.9,2.048494388,0.544456783,0.442944102,0.48515951,0.223498856
"Acnodon_oligacanthus",28029,"Teleostei","Characiformes","Characidae",20,2.065171732,0.598321927,0.414001105,0.465776881,0.362907862
"Acnodon_senai",52504,"Teleostei","Characiformes","Characidae",13.2,2.216714444,0.559992533,0.42016972,0.511993173,0.215969632
"Acrobrycon_ipanquianus",51078,"Teleostei","Characiformes","Characidae",12,3.335582331,0.544421316,0.40203927,0.507051685,0.493493159
"Adontosternarchus_balaenops",27834,"Teleostei","Gymnotiformes","Apteronotidae",25,5.810673152,0.571984436,0.134617465,0.505836576,0.476133471
"Adontosternarchus_clarkae",48021,"Teleostei","Gymnotiformes","Apteronotidae",19,7.274110048,0.598086124,0.133328717,0.56937799,0.556975174
"Adontosternarchus_devenanzii",27831,"Teleostei","Gymnotiformes","Apteronotidae",19,6.195643584,0.524189321,0.137494654,0.475802614,0.3581682
"Adontosternarchus_sachsi",48019,"Teleostei","Gymnotiformes","Apteronotidae",32.2,8.478255319,0.495265957,0.190434306,0.461531915,0.511751644
"Aequidens_chimantanus",46570,"Teleostei","Perciformes","Cichlidae",10.2,2.196328876,0.575591042,0.372884223,0.336973797,0.242906685
"Aequidens_diadema",13108,"Teleostei","Perciformes","Cichlidae",12,2.414934524,0.629696429,0.211602908,0.37814881,0.355897305
"Aequidens_epae",51471,"Teleostei","Perciformes","Cichlidae",11.3,2.296979104,0.561043488,0.404950253,0.351806972,0.245092898
"Aequidens_gerciliae",51469,"Teleostei","Perciformes","Cichlidae",13,2.35116865,0.590280571,0.308905072,0.354184902,0.351347898
"Aequidens_mauesanus",50071,"Teleostei","Perciformes","Cichlidae",13.4,2.177637838,0.630306825,0.321555505,0.390782375,0.231632825
"Aequidens_metae",12273,"Teleostei","Perciformes","Cichlidae",12.5,2.076915859,0.535078109,0.226885245,0.374863387,0.226295724
"Aequidens_michaeli",51472,"Teleostei","Perciformes","Cichlidae",20,2.197228575,0.588330943,0.358346685,0.36910965,0.231563686
"Aequidens_pallidus",46581,"Teleostei","Perciformes","Cichlidae",14.3,2.347077153,0.591414683,0.368105706,0.417798828,0.232985459
"Aequidens_paloemeuensis",47545,"Teleostei","Perciformes","Cichlidae",10,2.430110683,0.627615085,0.378013941,0.412800813,0.298982973
"Aequidens_patricki",26733,"Teleostei","Perciformes","Cichlidae",12,2.547522197,0.576599144,0.346704201,0.467285508,0.396337586
"Aequidens_plagiozonatus",46586,"Teleostei","Perciformes","Cichlidae",10.3,2.144744803,0.57804231,0.323886899,0.427998546,0.268756051
"Aequidens_potaroensis",46594,"Teleostei","Perciformes","Cichlidae",10,2.373659281,0.633197192,0.345580888,0.466877673,0.31766055
"Aequidens_rondoni",52210,"Teleostei","Perciformes","Cichlidae",10,2.162231694,0.568994646,0.244776398,0.415184576,0.362236025
"Aequidens_tetramerus",12278,"Teleostei","Perciformes","Cichlidae",25,2.345990085,0.582143773,0.343891032,0.419926944,0.361990051
"Aequidens_tubicen",57663,"Teleostei","Perciformes","Cichlidae",12,2.20284737,0.53511967,0.309007195,0.295458145,0.317111396
"Aequidens_viridis",57661,"Teleostei","Perciformes","Cichlidae",16.5,2.146675825,0.578765676,0.322309472,0.352778169,0.270182867
"Agamyxis_albomaculatus",13258,"Teleostei","Siluriformes","Doradidae",15,2.950207394,0.402126465,0.219512195,0.202865475,"NA"
"Agamyxis_pectinifrons",12104,"Teleostei","Siluriformes","Doradidae",15,3.562309278,0.474226804,0.255561352,0.288706186,"NA"
"Ageneiosus_inermis",47969,"Teleostei","Siluriformes","Auchenipteridae",64.8,4.843402617,0.441368551,0.239799389,0.554374794,0.882506301
"Ageneiosus_magoi",53701,"Teleostei","Siluriformes","Auchenipteridae",18.1,3.821209497,0.539742352,0.269947779,0.609276775,0.545296181
"Ageneiosus_militaris",53698,"Teleostei","Siluriformes","Auchenipteridae",30,5.43419225,0.529326972,0.291995257,0.664857782,0.653402648
"Ageneiosus_pardalis",53704,"Teleostei","Siluriformes","Auchenipteridae",46.2,4.576814407,0.52386146,0.23233044,0.566878215,1.060074523
"Ageneiosus_polystictus",48604,"Teleostei","Siluriformes","Auchenipteridae",45,4.572352827,0.415623676,0.34375,0.67414032,0.880509458
"Ageneiosus_ucayalensis",48607,"Teleostei","Siluriformes","Auchenipteridae",35.2,5.413555191,0.647214694,0.394657198,0.732783052,1.088010504
"Ageneiosus_uranophthalmus",65400,"Teleostei","Siluriformes","Auchenipteridae","NA",5.184823529,0.502262443,0.242424242,0.619909502,0.926050505
"Ageneiosus_vittatus",48610,"Teleostei","Siluriformes","Auchenipteridae",22,4.328259679,0.331298938,0.401087216,0.458997143,0.692320276
"Agoniates_halecinus",51817,"Teleostei","Characiformes","Characidae",26.8,5.468091491,0.628945611,0.374100617,0.671312832,0.839752741
"Aguarunichthys_inpai",52328,"Teleostei","Siluriformes","Pimelodidae",42,4.057813609,0.599508488,0.122403828,0.283484058,0.267621264
"Aguarunichthys_tocantinsensis",52326,"Teleostei","Siluriformes","Pimelodidae",32,4.882611425,0.506681015,0.212114564,0.13146803,0.689377319
"Aguarunichthys_torosus",48583,"Teleostei","Siluriformes","Pimelodidae",35,5.194127083,0.482537714,0.180005353,0.147295289,0.517883431
"Amaralia_oviraptor",68703,"Teleostei","Siluriformes","Aspredinidae",12.28,6.34378125,0.75,0.092307692,0.59375,"NA"
"Amazonsprattus_scintilla",554,"Teleostei","Clupeiformes","Engraulidae",2,8.155857143,0.513149351,0.687498489,0.331168831,0.598053512
"Amblydoras_affinis",57800,"Teleostei","Siluriformes","Doradidae",10,4.103843062,0.594691202,0.301183047,0.437871253,0.332337421
"Amblydoras_gonzalezi",47609,"Teleostei","Siluriformes","Doradidae",10,3.844033377,0.678325586,0.271472918,0.438835124,0.355865585
"Amblydoras_monitor",47610,"Teleostei","Siluriformes","Doradidae",9,4.148946539,0.481047828,0.393939394,0.335677171,"NA"
"Amblydoras_nauticus",51775,"Teleostei","Siluriformes","Doradidae",8,4.1462,0.486846667,0.337662338,0.247026667,"NA"
"Ammocryptocharax_elegans",48741,"Teleostei","Characiformes","Crenuchidae",3.25,7.707829628,0.440982385,0.64516129,0.272355433,0.854064516
"Ammocryptocharax_minutus",48742,"Teleostei","Characiformes","Crenuchidae",2,5.927755552,0.524899986,0.568864425,0.364988274,0.498001675
"Ammocryptocharax_vintonae",48743,"Teleostei","Characiformes","Crenuchidae",9.01,6.098945055,0.510857143,0.580570249,0.323384615,0.420542511
"Ammoglanis_pulex",58387,"Teleostei","Siluriformes","Trichomycteridae",1.49,8.337860488,0.461074837,0.185804659,0.18875638,0.259541762
"Anableps_anableps",7379,"Teleostei","Cyprinodontiformes","Anablepidae",30,6.578880593,0.787070524,0.569897948,0.63244473,0.428596728
"Anableps_microlepis",7380,"Teleostei","Cyprinodontiformes","Anablepidae",32,6.755882515,0.839551074,0.448956862,0.576973237,0.397696403
"Anablepsoides_atratus",49726,"Teleostei","Cyprinodontiformes","Rivulidae",4,5.303761992,0.679711181,0.575246843,0.844627902,0.324600367
"Anablepsoides_bahianus",49727,"Teleostei","Cyprinodontiformes","Rivulidae",6,5.023366541,0.461595865,0.430873898,0.44993609,0.350890716
"Anablepsoides_beniensis",49728,"Teleostei","Cyprinodontiformes","Rivulidae",4,5.294731903,0.580681541,0.519271942,0.672883937,0.271148527
"Anablepsoides_christinae",49740,"Teleostei","Cyprinodontiformes","Rivulidae",6.5,4.44924721,0.379999741,0.478221604,0.396545457,0.45043219
"Anablepsoides_deltaphilus",49746,"Teleostei","Cyprinodontiformes","Rivulidae",6,4.13297018,0.342582651,0.622692734,0.350739589,0.283035481
"Anablepsoides_derhami",49748,"Teleostei","Cyprinodontiformes","Rivulidae",5,4.363103871,0.488110898,0.518982822,0.59710839,0.274249216
"Anablepsoides_elongatus",49750,"Teleostei","Cyprinodontiformes","Rivulidae",5,5.809489049,0.480454649,0.476190476,0.518808323,0.383916667
"Anablepsoides_erberi",49751,"Teleostei","Cyprinodontiformes","Rivulidae",6,4.671792587,0.557748222,0.556170404,0.612155301,0.479880987
"Anablepsoides_gaucheri",64590,"Teleostei","Cyprinodontiformes","Rivulidae",5.71,4.806835572,0.608113888,0.486215648,0.677593144,0.313616613
"Anablepsoides_hartii",4769,"Teleostei","Cyprinodontiformes","Rivulidae",10,5.023925668,0.61553597,0.586445667,0.622572932,0.335287589
"Anablepsoides_holmiae",49759,"Teleostei","Cyprinodontiformes","Rivulidae",8,4.31438673,0.391316606,0.439342609,0.398095078,0.510935118
"Anablepsoides_igneus",49760,"Teleostei","Cyprinodontiformes","Rivulidae",15,5.063032707,0.636770281,0.516575889,0.682299813,0.368289406
"Anablepsoides_immaculatus",49761,"Teleostei","Cyprinodontiformes","Rivulidae",10,4.56957751,0.468231417,0.529672214,0.408259303,0.526404336
"Anablepsoides_intermittens",49762,"Teleostei","Cyprinodontiformes","Rivulidae",8,4.968292801,0.539329026,0.485321841,0.598160496,0.436399072
"Anablepsoides_iridescens",49763,"Teleostei","Cyprinodontiformes","Rivulidae",8,4.451459751,0.521572319,0.561303656,0.678591675,0.254090863
"Anablepsoides_jucundus",49766,"Teleostei","Cyprinodontiformes","Rivulidae",5,4.516442446,0.46256165,0.471475221,0.501823169,0.505550245
"Anablepsoides_lanceolatus",49768,"Teleostei","Cyprinodontiformes","Rivulidae",6,5.370263291,0.549005375,0.581902774,0.649760059,0.27616803
"Anablepsoides_limoncochae",49770,"Teleostei","Cyprinodontiformes","Rivulidae",8,4.959874496,0.537116985,0.62268319,0.617542745,0.234761567
"Anablepsoides_lungi",49772,"Teleostei","Cyprinodontiformes","Rivulidae",7.1,4.688379004,0.588690687,0.523327152,0.741955905,0.269466456
"Anablepsoides_mazaruni",49774,"Teleostei","Cyprinodontiformes","Rivulidae",6,5.301038799,0.673511977,0.562410569,0.548865761,"NA"
"Anablepsoides_micropus",49775,"Teleostei","Cyprinodontiformes","Rivulidae",7,4.624352654,0.499973305,0.551925956,0.586855546,0.327718797
"Anablepsoides_monticola",47124,"Teleostei","Cyprinodontiformes","Rivulidae",3.3,4.104389488,0.571875802,0.528689065,0.647596888,0.278487981
"Anablepsoides_ophiomimus",49781,"Teleostei","Cyprinodontiformes","Rivulidae",8.5,4.839171134,0.489604918,0.524248854,0.510237679,0.380059568
"Anablepsoides_ornatus",49782,"Teleostei","Cyprinodontiformes","Rivulidae",4,4.902663824,0.546087421,0.498292857,0.647012052,0.306218234
"Anablepsoides_peruanus",49784,"Teleostei","Cyprinodontiformes","Rivulidae",6,4.767680058,0.435813908,0.473893447,0.4536398,0.256558419
"Anablepsoides_rubrolineatus",49791,"Teleostei","Cyprinodontiformes","Rivulidae",6.5,4.952889322,0.405125252,0.505880671,0.488017453,0.322239302
"Anablepsoides_speciosus",49793,"Teleostei","Cyprinodontiformes","Rivulidae",4,5.120075,0.569815385,0.550838505,0.736875,0.295713303
"Anablepsoides_stagnatus",49794,"Teleostei","Cyprinodontiformes","Rivulidae",6,4.986895105,0.510711538,0.459208357,0.567646853,0.251599391
"Anablepsoides_taeniatus",49796,"Teleostei","Cyprinodontiformes","Rivulidae",6,4.905251806,0.75726486,0.483619613,0.855668007,0.426240767
"Anablepsoides_urophthalmus",49800,"Teleostei","Cyprinodontiformes","Rivulidae",7,4.839517219,0.487695808,0.519348646,0.487729761,0.201029713
"Anablepsoides_waimacui",49802,"Teleostei","Cyprinodontiformes","Rivulidae",8.5,5.034346103,0.518326131,0.437442614,0.587365381,0.348548729
"Anadoras_grypus",47615,"Teleostei","Siluriformes","Doradidae",11.4,3.73725305,0.535408968,0.314787767,0.447622885,0.281554053
"Anadoras_regani",47617,"Teleostei","Siluriformes","Doradidae",11,3.728002605,0.536003707,0.274185574,0.439997996,0.209251222
"Anadoras_weddellii",47618,"Teleostei","Siluriformes","Doradidae",15,3.911254622,0.458309463,0.296296296,0.322941513,0.256901235
"Anchovia_surinamensis",546,"Teleostei","Clupeiformes","Engraulidae",15,3.853519365,0.621393676,0.536434783,0.587759409,0.869565217
"Anchoviella_alleni",1665,"Teleostei","Clupeiformes","Engraulidae",9,5.72853661,0.479066177,0.484336504,0.427155909,0.678900326
"Anchoviella_carrikeri",1670,"Teleostei","Clupeiformes","Engraulidae",6.5,4.334557528,0.487749154,0.53968254,0.391525297,0.664777778
"Anchoviella_guianensis",1673,"Teleostei","Clupeiformes","Engraulidae",11.3,5.22291952,0.691939737,0.515151515,0.651904168,0.679121212
"Ancistrus_aguaboensis",58428,"Teleostei","Siluriformes","Loricariidae",7,5.416070864,0.649819677,0.280274355,0,0
"Ancistrus_brevifilis",50238,"Teleostei","Siluriformes","Loricariidae",12,5.284151524,0.636920567,0.246753247,0,0
"Ancistrus_bufonius",50240,"Teleostei","Siluriformes","Loricariidae",12,5.552857143,0.612244898,0.114285714,0,0
"Ancistrus_caucanus",50243,"Teleostei","Siluriformes","Loricariidae",5.2,4.747531866,0.594141824,0.263513959,0,0
"Ancistrus_centrolepis",50244,"Teleostei","Siluriformes","Loricariidae",18.4,5.255855022,0.629399151,0.349416583,0,0
"Ancistrus_cirrhosus",23347,"Teleostei","Siluriformes","Loricariidae",9,5.27082549,0.48751862,0.268338426,0,0
"Ancistrus_claro",57536,"Teleostei","Siluriformes","Loricariidae",7,4.651869644,0.715698485,0.260017244,0,0
"Ancistrus_clementinae",50247,"Teleostei","Siluriformes","Loricariidae",10.2,4.850632184,0.544114943,0.294181818,0,0
"Ancistrus_cryptophthalmus",49988,"Teleostei","Siluriformes","Loricariidae",6,5.234361584,0.613816218,0,0,0
"Ancistrus_cuiabae",57537,"Teleostei","Siluriformes","Loricariidae",12,4.208333333,0.557760417,0.246428425,0,0
"Ancistrus_dolichopterus",12213,"Teleostei","Siluriformes","Loricariidae",12,5.232775507,0.680349764,0.333387097,0,0
"Ancistrus_dubius",50249,"Teleostei","Siluriformes","Loricariidae",13,6.382134146,0.760630081,0.410566824,0,0
"Ancistrus_eustictus",50251,"Teleostei","Siluriformes","Loricariidae",18,4.078235812,0.691413732,0.223094056,0,0
"Ancistrus_formoso",49990,"Teleostei","Siluriformes","Loricariidae",8,6.694961418,0.743068766,0.121524457,0,0
"Ancistrus_gymnorhynchus",50256,"Teleostei","Siluriformes","Loricariidae",14.2,5.850972973,0.811824324,0.194887097,0,0
"Ancistrus_hoplogenys",50260,"Teleostei","Siluriformes","Loricariidae",16,5.423830508,0.58640678,0.402,0,0
"Ancistrus_leucostictus",48231,"Teleostei","Siluriformes","Loricariidae",10,5.043228892,0.53193662,0.4033385,0,0
"Ancistrus_lithurgicus",48232,"Teleostei","Siluriformes","Loricariidae",13.2,6.108108108,0.628076577,0.519054217,0,0
"Ancistrus_macrophthalmus",50279,"Teleostei","Siluriformes","Loricariidae",8,7.046527132,0.798449612,0.463721496,0,0
"Ancistrus_marcapatae",50047,"Teleostei","Siluriformes","Loricariidae",12.4,6.359590557,0.647103618,0.279780492,0,0
"Ancistrus_minutus",58429,"Teleostei","Siluriformes","Loricariidae",6,5.420942118,0.655001744,0.382689245,0,0
"Ancistrus_montanus",50286,"Teleostei","Siluriformes","Loricariidae",9.2,6.2714309,0.826042063,0.253855556,0,0
"Ancistrus_occloi",50304,"Teleostei","Siluriformes","Loricariidae",12,5.441007362,0.639779318,0.215686275,0,0
"Ancistrus_pirareta",53588,"Teleostei","Siluriformes","Loricariidae",16,6.941037327,0.823422558,0.349137563,0,0
"Ancistrus_ranunculus",51577,"Teleostei","Siluriformes","Loricariidae",19.5,5.916649044,0.820398175,0.21705736,0,0
"Ancistrus_stigmaticus",50308,"Teleostei","Siluriformes","Loricariidae",15.2,5.162503125,0.60903125,0.221979713,0,0
"Ancistrus_tamboensis",50309,"Teleostei","Siluriformes","Loricariidae",8.2,5.803571429,0.684629464,0.306290816,0,0
"Ancistrus_taunayi",50310,"Teleostei","Siluriformes","Loricariidae",12,5.376695156,0.782722902,0.400359756,0,0
"Ancistrus_temminckii",50312,"Teleostei","Siluriformes","Loricariidae",10,4.622842105,0.588307018,0.352690716,0,0
"Ancistrus_triradiatus",49169,"Teleostei","Siluriformes","Loricariidae",9.2,5.468208092,0.734127168,0.253568613,0,0
"Andeancistrus_platycephalus",49944,"Teleostei","Siluriformes","Loricariidae",14.5,"NA","NA","NA","NA","NA"
"Andinoacara_biseriatus",46569,"Teleostei","Perciformes","Cichlidae",12,2.561295016,0.542988148,0.440021563,0.357390002,0.277350621
"Andinoacara_latifrons",12271,"Teleostei","Perciformes","Cichlidae",17,2.277169561,0.594450863,0.290060138,0.423251606,0.258905046
"Andinoacara_pulcher",4727,"Teleostei","Perciformes","Cichlidae",16,2.189633998,0.566224456,0.239283668,0.415104174,0.273896848
"Andinoacara_rivulatus",12209,"Teleostei","Perciformes","Cichlidae",20,2.063446316,0.581056842,0.219034243,0.317894737,0.27855771
"Anduzedoras_oxyrhynchus",57803,"Teleostei","Siluriformes","Doradidae",32.3,4.68665035,0.507041958,0.529728155,0,0.322737864
"Anodus_elongatus",51222,"Teleostei","Characiformes","Hemiodontidae",30.3,5.438588509,0.401692943,0.499895855,0.412654746,0.571943345
"Anodus_orinocensis",57979,"Teleostei","Characiformes","Hemiodontidae",28,3.93330359,0.410250099,0.365504934,0.466659487,0.574197502
"Anostomus_anostomus",10766,"Teleostei","Characiformes","Anostomidae",16,4.385947191,0.492005338,0.615423077,0.55481119,0.244935897
"Anostomus_brevior",27835,"Teleostei","Characiformes","Anostomidae",12,3.935416564,0.482552654,0.508425725,0.599732311,0.336055441
"Anostomus_ternetzi",26386,"Teleostei","Characiformes","Anostomidae",12,4.796096568,0.396584051,0.612466844,0.592460984,0.318710467
"Apareiodon_affinis",23432,"Teleostei","Characiformes","Parodontidae",17,4.907667954,0.539156194,0.489442935,0.409362645,0.3816
"Apareiodon_gransabana",54758,"Teleostei","Characiformes","Parodontidae",9.2,4.462525667,0.447793959,0.401390349,0.341747271,0.386318495
"Apareiodon_hasemani",52509,"Teleostei","Characiformes","Parodontidae",7,5.471970474,0.544459644,0.431818182,0.326479138,0.183227273
"Apareiodon_ibitiensis",52505,"Teleostei","Characiformes","Parodontidae",11.3,5.301999543,0.352921428,0.575168049,0.229041052,"NA"
"Apareiodon_machrisi",52507,"Teleostei","Characiformes","Parodontidae",7.4,4.115879962,0.324924456,0.521518298,0.151234761,0.253503242
"Apareiodon_piracicabae",28259,"Teleostei","Characiformes","Parodontidae",12,4.59753231,0.472062577,0.45544549,0.24232477,0.396262758
"Apareiodon_vittatus",52506,"Teleostei","Characiformes","Parodontidae",14.5,4.967855192,0.518614561,0.386666667,0.287540518,0.381813333
"Apareiodon_vladii",62850,"Teleostei","Characiformes","Parodontidae",11.34,3.902718919,0.518918919,0.492753623,0.275675676,"NA"
"Aphanotorulus_ammophilus",53504,"Teleostei","Siluriformes","Loricariidae",16.1,5.925599379,0.667178956,0.315579843,0,0
"Aphanotorulus_unicolor",48973,"Teleostei","Siluriformes","Loricariidae",14,5.018245467,0.627395625,0.28590574,0,0
"Aphyocharacidium_bolivianum",53381,"Teleostei","Characiformes","Characidae",3.38,3.22930084,0.564645817,0.571491337,0.606109638,0.453224215
"Aphyocharacidium_melandetum",28005,"Teleostei","Characiformes","Characidae",4,3.420027455,0.461739255,0.601269612,0.474957485,0.526483641
"Aphyocharax_anisitsi",10618,"Teleostei","Characiformes","Characidae",6,3.734252566,0.587282781,0.531110876,0.607188575,0.513858173
"Aphyocharax_colifax",51818,"Teleostei","Characiformes","Characidae",5.02,3.916823485,0.517500941,0.465567749,0.458694016,0.428694318
"Aphyocharax_dentatus",27667,"Teleostei","Characiformes","Characidae",7.2,4.188791702,0.469796527,0.538085441,0.525947493,0.418262258
"Aphyocharax_erythrurus",12338,"Teleostei","Characiformes","Characidae",6,4.119874483,0.525284374,0.487179487,0.561521287,0.747230769
"Aphyocharax_nattereri",51080,"Teleostei","Characiformes","Characidae",3.1,3.884835549,0.591715865,0.54350532,0.66806549,0.636639919
"Aphyocharax_pusillus",51081,"Teleostei","Characiformes","Characidae",6.35,4.240993116,0.588938603,0.466666667,0.640845531,0.640316667
"Aphyocharax_rathbuni",12340,"Teleostei","Characiformes","Characidae",3,3.637248107,0.454301972,0.450162709,0.450733753,0.505349993
"Aphyocharax_yekwanae",61400,"Teleostei","Characiformes","Characidae",6,4.308084745,0.531467441,0.610185989,0.555941331,0.596427538
"Aphyocheirodon_hemigrammus",53386,"Teleostei","Characiformes","Characidae",5,2.769290768,0.49944299,0.469292322,0.48480106,0.576410521
"Aphyodite_grammica",52922,"Teleostei","Characiformes","Characidae",3.2,3.623591398,0.484030398,0.59507289,0.445777784,0.568914652
"Apionichthys_menezesi",62028,"Teleostei","Pleuronectiformes","Achiridae",6,"NA","NA","NA","NA","NA"
"Apionichthys_rosai",62027,"Teleostei","Pleuronectiformes","Achiridae",3.45,"NA","NA","NA","NA","NA"
"Apionichthys_sauli",62030,"Teleostei","Pleuronectiformes","Achiridae",7,"NA","NA","NA","NA","NA"
"Apionichthys_seripierriae",62029,"Teleostei","Pleuronectiformes","Achiridae",9,"NA","NA","NA","NA","NA"
"Apistogramma_agassizii",26703,"Teleostei","Perciformes","Cichlidae",4.2,3.295847894,0.532362245,0.544170222,0.45628447,0.506718233
"Apistogramma_alacrina",62004,"Teleostei","Perciformes","Cichlidae",5.49,2.546439843,0.637574314,0.357803948,0.396416601,0.373057811
"Apistogramma_arua",51778,"Teleostei","Perciformes","Cichlidae",4.4,2.919363638,0.641382717,0.389473684,0.451756779,0.526315789
"Apistogramma_atahualpa",57506,"Teleostei","Perciformes","Cichlidae",4.2,2.858179649,0.565069344,0.36801919,0.402487117,0.493655026
"Apistogramma_bitaeniata",13116,"Teleostei","Perciformes","Cichlidae",5,3.231094549,0.633723936,0.483113498,0.547410822,0.418129115
"Apistogramma_borellii",11138,"Teleostei","Perciformes","Cichlidae",4,2.891251179,0.516866986,0.434170537,0.41514098,0.40976489
"Apistogramma_brevis",46595,"Teleostei","Perciformes","Cichlidae",4,2.941367981,0.557894816,0.377777778,0.385972922,0.442355556
"Apistogramma_cacatuoides",12282,"Teleostei","Perciformes","Cichlidae",5,2.979815316,0.521706169,0.553571429,0.402156402,0.482482143
"Apistogramma_commbrae",12283,"Teleostei","Perciformes","Cichlidae",4,3.009039423,0.585473143,0.438674416,0.389038835,0.287050757
"Apistogramma_cruzi",26692,"Teleostei","Perciformes","Cichlidae",5.1,2.514526728,0.511603421,0.505571397,0.403986102,0.463347877
"Apistogramma_diplotaenia",46851,"Teleostei","Perciformes","Cichlidae",4,3.62293956,0.646282624,0.411735642,0.410473901,0.537550291
"Apistogramma_elizabethae",46608,"Teleostei","Perciformes","Cichlidae",4,3.245837414,0.657267157,0.411764706,0.534724279,0.517268908
"Apistogramma_eremnopyge",62078,"Teleostei","Perciformes","Cichlidae",3.44,2.918082968,0.596828148,0.371812094,0.514939525,0.398658659
"Apistogramma_eunotus",26690,"Teleostei","Perciformes","Cichlidae",5.3,2.826404085,0.536936999,0.556519078,0.47063047,0.400183636
"Apistogramma_geisleri",46615,"Teleostei","Perciformes","Cichlidae",3,2.628712477,0.536839451,0.42362595,0.425246171,0.515196753
"Apistogramma_gephyra",46618,"Teleostei","Perciformes","Cichlidae",4,3.258852697,0.613576474,0.449407905,0.496452684,0.493584702
"Apistogramma_gibbiceps",46624,"Teleostei","Perciformes","Cichlidae",5,2.955099495,0.620301604,0.424342205,0.473581269,0.381152467
"Apistogramma_gossei",46627,"Teleostei","Perciformes","Cichlidae",5,2.845413703,0.565211531,0.5125,0.391613628,0.352
"Apistogramma_guttata",57504,"Teleostei","Perciformes","Cichlidae",4,2.701379385,0.584131695,0.480746178,0.40213597,0.448541989
"Apistogramma_hippolytae",46631,"Teleostei","Perciformes","Cichlidae",5,2.637438586,0.540109551,0.441690397,0.371622313,0.280921907
"Apistogramma_hoignei",52178,"Teleostei","Perciformes","Cichlidae",6,2.467694811,0.541904213,0.493468041,0.445710606,0.418175207
"Apistogramma_hongsloi",46633,"Teleostei","Perciformes","Cichlidae",5,2.847514105,0.485243667,0.38961039,0.333401492,0.365948052
"Apistogramma_inconspicua",46648,"Teleostei","Perciformes","Cichlidae",4,2.901173522,0.555456003,0.440366972,0.462840705,0.484761468
"Apistogramma_iniridae",46650,"Teleostei","Perciformes","Cichlidae",5,3.17397855,0.581069636,0.485515962,0.403899473,0.563855841
"Apistogramma_juruensis",26699,"Teleostei","Perciformes","Cichlidae",2.4,2.887868185,0.640076142,0.385245548,0.526079317,0.513103076
"Apistogramma_linkei",46654,"Teleostei","Perciformes","Cichlidae",4,2.587456686,0.508259708,0.457891731,0.398169277,0.41142561
"Apistogramma_luelingi",26698,"Teleostei","Perciformes","Cichlidae",3.3,2.898283895,0.626229294,0.393520907,0.521169655,0.423753746
"Apistogramma_macmasteri",46660,"Teleostei","Perciformes","Cichlidae",6,2.880057326,0.552633392,0.431788742,0.440793463,0.529679795
"Apistogramma_meinkeni",46662,"Teleostei","Perciformes","Cichlidae",4,3.357952766,0.555481113,0.439044012,0.367820445,0.569727036
"Apistogramma_mendezi",57505,"Teleostei","Perciformes","Cichlidae","NA",3.335222589,0.558267577,0.454488537,0.435483159,0.616180589
"Apistogramma_moae",26697,"Teleostei","Perciformes","Cichlidae",5,2.673155393,0.526165883,0.467279564,0.403591581,0.500347743
"Apistogramma_nijsseni",26702,"Teleostei","Perciformes","Cichlidae",4,2.523570443,0.569856863,0.297188406,0.44355771,0.42165942
"Apistogramma_norberti",46666,"Teleostei","Perciformes","Cichlidae",4,3.019659008,0.64714909,0.391852261,0.522583109,0.55599711
"Apistogramma_ortmanni",46668,"Teleostei","Perciformes","Cichlidae",6,3.115753235,0.573179392,0.559035294,0.449749406,0.500517647
"Apistogramma_paucisquamis",46673,"Teleostei","Perciformes","Cichlidae",3.4,3.185335937,0.661441685,0.419206593,0.48686013,0.593884292
"Apistogramma_payaminonis",26701,"Teleostei","Perciformes","Cichlidae",4,2.677577594,0.565389459,0.303030303,0.436783041,0.542828283
"Apistogramma_personata",46675,"Teleostei","Perciformes","Cichlidae",5.17,3.086294463,0.659249888,0.442582444,0.488400432,0.456372596
"Apistogramma_pertensis",12286,"Teleostei","Perciformes","Cichlidae",4,3.535174991,0.647159234,0.420493573,0.519004091,0.531453331
"Apistogramma_pulchra",46681,"Teleostei","Perciformes","Cichlidae",3.2,3.428792883,0.507170512,0.569443222,0.44761969,0.543144974
"Apistogramma_regani",46687,"Teleostei","Perciformes","Cichlidae",5,2.981288643,0.541064262,0.520415866,0.468039608,0.506920072
"Apistogramma_resticulosa",46692,"Teleostei","Perciformes","Cichlidae",4,2.640311191,0.536272983,0.497092308,0.419902799,0.447215385
"Apistogramma_rubrolineata",60963,"Teleostei","Perciformes","Cichlidae",4,2.707253303,0.548432577,0.471143213,0.437508274,0.521069101
"Apistogramma_rupununi",46698,"Teleostei","Perciformes","Cichlidae",5,2.928269907,0.573225136,0.421420054,0.455668372,0.549035044
"Apistogramma_staecki",46700,"Teleostei","Perciformes","Cichlidae",4,3.160570816,0.606779991,0.48883368,0.474484237,0.504626335
"Apistogramma_steindachneri",46707,"Teleostei","Perciformes","Cichlidae",7,2.914276488,0.53338446,0.356321839,0.420819374,0.471827586
"Apistogramma_taeniata",46711,"Teleostei","Perciformes","Cichlidae",4.2,2.684021828,0.549580097,0.475715989,0.429260704,0.502031247
"Apistogramma_trifasciata",46712,"Teleostei","Perciformes","Cichlidae",5,3.07516785,0.567064532,0.461285213,0.38902767,0.415696747
"Apistogramma_uaupesi",46713,"Teleostei","Perciformes","Cichlidae",6,3.342371607,0.684753658,0.483870968,0.534347876,0.52833871
"Apistogramma_urteagai",26694,"Teleostei","Perciformes","Cichlidae",4.1,2.5273295,0.572930192,0.411722323,0.46816711,0.497566427
"Apistogramma_viejita",46716,"Teleostei","Perciformes","Cichlidae",5,2.930511558,0.527579195,0.4963135,0.401583904,0.531667035
"Apistogrammoides_pucallpaensis",26705,"Teleostei","Perciformes","Cichlidae",3,2.699747142,0.537165904,0.38868012,0.477044281,0.356597745
"Aplochiton_taeniatus",12870,"Teleostei","Osmeriformes","Galaxiidae",33.4,5.498025792,0.570857008,0.564741935,0.438318027,0.561741935
"Aplochiton_zebra",12871,"Teleostei","Osmeriformes","Galaxiidae",28,5.850315158,0.416278074,0.610065347,0.392362768,0.850629084
"Apomatoceros_alleni",48773,"Teleostei","Siluriformes","Trichomycteridae",15,8.083942124,0.413698733,0.420131618,0,1.008357015
"Aposturisoma_myriodon",50536,"Teleostei","Siluriformes","Loricariidae",20,9.92,0.522427692,0.315741005,0,0
"Apteronotus_albifrons",12220,"Teleostei","Gymnotiformes","Apteronotidae",50,5.162599551,0.505079641,0.058274286,0.293036553,0.663245714
"Apteronotus_bonapartii",13257,"Teleostei","Gymnotiformes","Apteronotidae",27,6.020439087,0.614413636,0.106078947,0.457640832,0.465013158
"Apteronotus_ellisi",48025,"Teleostei","Gymnotiformes","Apteronotidae",33,8.011066176,0.661764706,0.123287671,0.5,1.022356164
"Apteronotus_leptorhynchus",15943,"Teleostei","Gymnotiformes","Apteronotidae",27,7.045415148,0.581495494,0.166242402,0.382637408,0.779001507
"Apteronotus_macrostomus",48017,"Teleostei","Gymnotiformes","Apteronotidae",26,7.439317832,0.632030194,0.183134627,0.459615116,1.379183709
"Apteronotus_magdalenensis",48070,"Teleostei","Gymnotiformes","Apteronotidae",129,6.927714286,0.790016807,0.084791873,0.483212185,0.120528604
"Apteronotus_mariae",48015,"Teleostei","Gymnotiformes","Apteronotidae",27.3,6.443364614,0.573967864,0.287268719,0.344969607,0.564979136
"Apteronotus_rostratus",48013,"Teleostei","Gymnotiformes","Apteronotidae",27.2,8.017011834,0.650062585,0.04999792,0.425893264,0.725510586
"Arapaima_gigas",2076,"Teleostei","Osteoglossiformes","Arapaimidae",450,4.973639881,0.271884476,0.181769804,0.312290159,1.077542953
"Archolaemus_blax",47947,"Teleostei","Gymnotiformes","Sternopygidae",44,8.443949248,0.586991193,0.3,0.353272138,0.687183333
"Argonectes_longiceps",27808,"Teleostei","Characiformes","Hemiodontidae",24.5,4.318280269,0.310144574,0.55115,0.189517002,0.26575
"Argonectes_robertsi",56996,"Teleostei","Characiformes","Hemiodontidae",35.5,4.003933689,0.560772257,0.45,0.382713381,0.37736
"Argopleura_chocoensis",53407,"Teleostei","Characiformes","Characidae",5.28,3.422369962,0.533722991,0.515780722,0.496819974,0.565559192
"Argopleura_magdalenensis",53410,"Teleostei","Characiformes","Characidae",5.3,3.618506938,0.480976638,0.586666667,0.442908835,0.08944
"Aspidoras_albater",46248,"Teleostei","Siluriformes","Callichthyidae",4,4.048349398,0.516168675,0.210263192,0,"NA"
"Aspidoras_belenos",52748,"Teleostei","Siluriformes","Callichthyidae",3,3.937229708,0.488650851,0.18720339,0,"NA"
"Aspidoras_eurycephalus",46252,"Teleostei","Siluriformes","Callichthyidae",3,3.934758331,0.534997273,0.2968209,0,"NA"
"Aspidoras_fuscoguttatus",46253,"Teleostei","Siluriformes","Callichthyidae",4,3.206732857,0.478812476,0.177570093,0,"NA"
"Aspidoras_lakoi",46254,"Teleostei","Siluriformes","Callichthyidae",4,2.999912411,0.460074158,0.214619048,0,"NA"
"Aspidoras_microgalaeus",52750,"Teleostei","Siluriformes","Callichthyidae",3.32,3.584356928,0.494012048,0.245283019,0,"NA"
"Aspidoras_pauciradiatus",12190,"Teleostei","Siluriformes","Callichthyidae",3,3.455223881,0.42030597,0.344421483,0,"NA"
"Aspidoras_poecilus",46264,"Teleostei","Siluriformes","Callichthyidae",4,3.466562227,0.550391768,0.205915891,0,"NA"
"Aspidoras_velites",61666,"Teleostei","Siluriformes","Callichthyidae",3,5.033723362,0.52601919,0.287567201,0,"NA"
"Aspidoras_virgulatus",46268,"Teleostei","Siluriformes","Callichthyidae",3.61,3.803617814,0.440647201,0.263715219,0,"NA"
"Aspredinichthys_filamentosus",7519,"Teleostei","Siluriformes","Aspredinidae",22,12.99491632,0.571200091,0.2236,0,"NA"
"Asterophysus_batrachus",47702,"Teleostei","Siluriformes","Auchenipteridae",25,3.00637838,0.734375,0.225806452,0.65086291,0.750306452
"Astroblepus_boulengeri",49588,"Teleostei","Siluriformes","Astroblepidae",7,7.035263913,0.650091872,0.215297137,0,"NA"
"Astroblepus_caquetae",49589,"Teleostei","Siluriformes","Astroblepidae",8.7,4.799177487,0.616198597,0.126681147,0,"NA"
"Astroblepus_chotae",49336,"Teleostei","Siluriformes","Astroblepidae",10,4.683455152,0.618831113,0.173090909,0.194375701,"NA"
"Astroblepus_cirratus",57069,"Teleostei","Siluriformes","Astroblepidae",5.5,6.756146341,0.609756098,0.489678751,0,"NA"
"Astroblepus_cyclopus",49592,"Teleostei","Siluriformes","Astroblepidae",4.91,4.785547824,0.587479489,0.201430281,0,"NA"
"Astroblepus_festae",49593,"Teleostei","Siluriformes","Astroblepidae",10,7.098450935,0.716829053,0.137249486,0,"NA"
"Astroblepus_frenatus",49171,"Teleostei","Siluriformes","Astroblepidae",6,7.939530303,0.839212694,0.206028018,0,"NA"
"Astroblepus_grixalvii",49595,"Teleostei","Siluriformes","Astroblepidae",30,5.014849196,0.562765015,0.126604292,0,0.181567598
"Astroblepus_guentheri",49597,"Teleostei","Siluriformes","Astroblepidae",9,5.276857143,0.708678571,0.182107143,0,0.18822619
"Astroblepus_heterodon",49598,"Teleostei","Siluriformes","Astroblepidae",11,4.777777778,0.572649573,0.176478873,0,"NA"
"Astroblepus_homodon",49687,"Teleostei","Siluriformes","Astroblepidae",8,6.435827881,0.658667092,0.144337217,0,0.18889391
"Astroblepus_latidens",49689,"Teleostei","Siluriformes","Astroblepidae",8,6.345202899,0.572927536,0.224008659,0,"NA"
"Astroblepus_mancoi",49692,"Teleostei","Siluriformes","Astroblepidae",10.2,4.697491222,0.561692989,0.181804854,0,"NA"
"Astroblepus_marmoratus",57071,"Teleostei","Siluriformes","Astroblepidae",7,4.992813433,0.515410448,0.218966674,0,"NA"
"Astroblepus_micrescens",49695,"Teleostei","Siluriformes","Astroblepidae",9,4.284011062,0.522798673,0.186322163,0,"NA"
"Astroblepus_pholeter",49712,"Teleostei","Siluriformes","Astroblepidae",7,6.007557018,0.72111096,0.028030272,0,"NA"
"Astroblepus_praeliorum",49713,"Teleostei","Siluriformes","Astroblepidae",8,5.327876952,0.486575741,0.150157729,0.094704406,0.231185219
"Astroblepus_retropinnus",49714,"Teleostei","Siluriformes","Astroblepidae",7,5.413632289,0.633995379,0.185135737,0,"NA"
"Astroblepus_sabalo",49716,"Teleostei","Siluriformes","Astroblepidae","NA",6.286831535,0.709475954,0.100148605,0,0.391615627
"Astroblepus_supramollis",49807,"Teleostei","Siluriformes","Astroblepidae",8,5.520877846,0.740891147,0.107021997,0,"NA"
"Astroblepus_taczanowskii",49808,"Teleostei","Siluriformes","Astroblepidae",8,5.656749356,0.630591436,0.194133333,0,0.141733333
"Astroblepus_ubidiai",49811,"Teleostei","Siluriformes","Astroblepidae",11,6.600174231,0.6521551,0.12146992,0,"NA"
"Astroblepus_whymperi",57075,"Teleostei","Siluriformes","Astroblepidae",9,6.774724133,0.593874017,0.243246154,0,"NA"
"Astrodoras_asterifrons",47621,"Teleostei","Siluriformes","Doradidae",8.11,3.673923934,0.587306392,0.492443761,0.359829666,"NA"
"Astronotus_crassipinnis",25744,"Teleostei","Perciformes","Cichlidae",24,1.870159451,0.469524186,0.293550852,0.379556226,0.444583617
"Astronotus_ocellatus",3612,"Teleostei","Perciformes","Cichlidae",46,1.960534407,0.546184849,0.245207779,0.48460505,0.376038059
"Astyanax_abramis",12911,"Teleostei","Characiformes","Characidae",14,2.694625749,0.556887725,0.435790503,0.565868263,0.169910615
"Astyanax_argyrimarginatus",58110,"Teleostei","Characiformes","Characidae",4.529,2.65181877,0.546215723,0.420422895,0.546215723,0.372875576
"Astyanax_bimaculatus",4475,"Teleostei","Characiformes","Characidae",17.5,2.318957778,0.547980051,0.4634074,0.547980051,0.172937747
"Astyanax_biotae",62340,"Teleostei","Characiformes","Characidae",5.2,2.325202454,0.54601227,0.432098765,0.542944785,0.403506173
"Astyanax_brachypterygium",58733,"Teleostei","Characiformes","Characidae",6.42,2.384948326,0.593193663,0.402985075,0.543993062,0.13761194
"Astyanax_brevirhinus",51287,"Teleostei","Characiformes","Characidae",10,2.935308636,0.510922218,0.623254886,0.554426555,0.246784005
"Astyanax_daguae",51288,"Teleostei","Characiformes","Characidae",4,3.019965691,0.511261276,0.593406593,0.511261276,0.209945055
"Astyanax_dnophos",62331,"Teleostei","Characiformes","Characidae",3.32,3.068517715,0.607334982,0.587009334,0.583023462,0.386117316
"Astyanax_festae",51061,"Teleostei","Characiformes","Characidae","NA",2.417065817,0.464212981,0.519044206,0.532100802,0.313013541
"Astyanax_goyacensis",53393,"Teleostei","Characiformes","Characidae","NA",2.593546235,0.584945258,0.391419646,0.610778516,0.321190193
"Astyanax_guaporensis",53395,"Teleostei","Characiformes","Characidae","NA",2.559664156,0.54312752,0.584337349,0.559111443,0.52603012
"Astyanax_guianensis",51821,"Teleostei","Characiformes","Characidae",6,2.99541773,0.473137988,0.505381234,0.55147417,0.30814282
"Astyanax_integer",51050,"Teleostei","Characiformes","Characidae","NA",2.741008127,0.598502248,0.432896685,0.610971045,0.511934962
"Astyanax_intermedius",58123,"Teleostei","Characiformes","Characidae",7.27,3.093384342,0.558901326,0.545454545,0.558901326,0.194030303
"Astyanax_janeiroensis",58120,"Teleostei","Characiformes","Characidae",11.4,2.684094944,0.523706552,0.452830189,0.485792897,0.321301887
"Astyanax_lacustris",58130,"Teleostei","Characiformes","Characidae",7.7,2.630430971,0.558447672,0.414012739,0.525980351,0.438751592
"Astyanax_leopoldi",27937,"Teleostei","Characiformes","Characidae",6,2.570389375,0.526285555,0.575604187,0.559782219,0.325881458
"Astyanax_lineatus",23417,"Teleostei","Characiformes","Characidae",12,2.518788627,0.527753928,0.470502778,0.489752546,0.261027237
"Astyanax_magdalenae",48621,"Teleostei","Characiformes","Characidae",17.3,2.396607274,0.547607721,0.444444444,0.571418789,0.102923077
"Astyanax_maximus",51064,"Teleostei","Characiformes","Characidae",25,2.656673614,0.518184429,0.47972973,0.527271548,0.19122973
"Astyanax_megaspilura",51291,"Teleostei","Characiformes","Characidae","NA",2.234232121,0.603700549,0.448452027,0.605934343,0.362575759
"Astyanax_microlepis",51051,"Teleostei","Characiformes","Characidae",9.11,2.866540543,0.533903821,0.435102675,0.518881609,0.283977315
"Astyanax_multidens",53396,"Teleostei","Characiformes","Characidae","NA",3.198923966,0.606749667,0.607337509,0.61862161,0.40675181
"Astyanax_scabripinnis",12868,"Teleostei","Characiformes","Characidae",8,2.916851357,0.549293084,0.4715,0.516431028,0.343
"Astyanax_scintillans",51827,"Teleostei","Characiformes","Characidae",2.999,3.209320069,0.504499169,0.617647059,0.411503894,0.651387255
"Astyanax_symmetricus",53402,"Teleostei","Characiformes","Characidae","NA",2.708654551,0.48801173,0.47761194,0.442265694,0.485940299
"Astyanax_taeniatus",12941,"Teleostei","Characiformes","Characidae",9.599,2.423195545,0.573416533,0.407176991,0.515456681,0.43820944
"Astyanax_validus",27940,"Teleostei","Characiformes","Characidae",15,2.404398874,0.490335604,0.414880081,0.471662631,0.443814747
"Astyanax_venezuelae",51293,"Teleostei","Characiformes","Characidae",5,2.684184403,0.522462628,0.462029096,0.533721697,0.230379264
"Astyanax_villwocki",56501,"Teleostei","Characiformes","Characidae",11.4,2.741512319,0.572158125,0.424523952,0.519902541,0.346880907
"Atlantirivulus_janeiroensis",49765,"Teleostei","Cyprinodontiformes","Rivulidae",6.5,4.989299574,0.388283272,0.489232076,0.258587381,0.475384477
"Atopomesus_pachyodus",51831,"Teleostei","Characiformes","Characidae",4.3,4.261574542,0.513832841,0.574613895,0.32576119,0.572664746
"Attonitus_bounites",58012,"Teleostei","Characiformes","Characidae",6,4.123932153,0.646079646,0.39019774,0.477958702,0.357542373
"Attonitus_ephimeros",58013,"Teleostei","Characiformes","Characidae",5,3.811982912,0.456458387,0.453192474,0.2582941,0.283950617
"Attonitus_irisae",58014,"Teleostei","Characiformes","Characidae",5,3.524675469,0.544076344,0.430379747,0.333384773,0.292236287
"Auchenipterichthys_coracoideus",53680,"Teleostei","Siluriformes","Auchenipteridae",10,3.955646575,0.572617862,0.418926381,0.615743923,0.418135419
"Auchenipterichthys_longimanus",47668,"Teleostei","Siluriformes","Auchenipteridae",22.8,4.604225416,0.303386186,0.367346939,0.386473267,0.611311224
"Auchenipterichthys_punctatus",52118,"Teleostei","Siluriformes","Auchenipteridae",15.1,3.919147005,0.486405927,0.4375,0.486405927,0.3426875
"Auchenipterichthys_thoracatus",13114,"Teleostei","Siluriformes","Auchenipteridae",13.8,3.927358207,0.326701736,0.46978125,0.380781745,0.39528125
"Auchenipterus_ambyiacus",57149,"Teleostei","Siluriformes","Auchenipteridae",24.4,4.96560199,0.697931505,0.453226415,0.738890115,0.547169811
"Auchenipterus_brachyurus",52132,"Teleostei","Siluriformes","Auchenipteridae",16.5,4.472360714,"NA",0.496178187,"NA","NA"
"Auchenipterus_brevior",57148,"Teleostei","Siluriformes","Auchenipteridae",8.4,5.311333322,0.538731569,0.594862643,0.566731843,0.409865489
"Auchenipterus_britskii",57151,"Teleostei","Siluriformes","Auchenipteridae",14,4.894200331,0.453789735,0.540983607,0.485134106,0.477946721
"Auchenipterus_demerarae",57147,"Teleostei","Siluriformes","Auchenipteridae",10.3,4.71976973,0.553211285,0.431823529,0.60862739,0.324568627
"Auchenipterus_dentatus",57146,"Teleostei","Siluriformes","Auchenipteridae",12.1,5.094181776,0.367071236,0.505459355,0.530238405,0.445140341
"Auchenipterus_nigripinnis",47653,"Teleostei","Siluriformes","Auchenipteridae",20.2,5.709492358,0.340340011,0.51716113,0.534023952,0.430967608
"Auchenipterus_nuchalis",52120,"Teleostei","Siluriformes","Auchenipteridae",27,4.885635388,0.48607696,0.634920635,0.589016054,0.415444444
"Auchenipterus_osteomystax",57150,"Teleostei","Siluriformes","Auchenipteridae",39,4.511872786,0.274447167,0.510871577,0.338350825,0.443647502
"Aulixidens_eugeniae",51832,"Teleostei","Characiformes","Characidae",4.3,3.514488593,0.64311136,0.51088,0.564065122,0.232595
"Australoheros_facetus",4679,"Teleostei","Perciformes","Cichlidae",19.3,2.103301872,0.531925175,0.420797814,0.408123818,0.22957377
"Australoheros_scitulus",61660,"Teleostei","Perciformes","Cichlidae",11,1.909983625,0.585015187,0.255091052,0.394995063,0.199366807
"Australoheros_tembe",51527,"Teleostei","Perciformes","Cichlidae",13.4,2.233697487,0.584329713,0.26440661,0.294773386,0.348803205
"Austrofundulus_limnaeus",49484,"Teleostei","Cyprinodontiformes","Rivulidae",8,3.10127502,0.440355836,0.384923077,0.557269562,0.273907692
"Austrofundulus_transilis",49485,"Teleostei","Cyprinodontiformes","Rivulidae",10,3.407509711,0.318211756,0.559091296,0.33703644,0.505771576
"Austrolebias_alexandri",49492,"Teleostei","Cyprinodontiformes","Rivulidae",9,3.368360146,0.395462013,0.41949828,0.495696558,0.206581928
"Austrolebias_bellottii",4778,"Teleostei","Cyprinodontiformes","Rivulidae",7,2.890422078,0.45850491,0.357292702,0.405507602,0.364340657
"Austrolebias_carvalhoi",49495,"Teleostei","Cyprinodontiformes","Rivulidae",4,3.389586902,0.440298954,0.326804348,0.412966667,0.223826087
"Austrolebias_elongatus",49503,"Teleostei","Cyprinodontiformes","Rivulidae",22,3.062037884,0.579891477,0.271621622,0.585551161,0.204252252
"Austrolebias_ibicuiensis",57468,"Teleostei","Cyprinodontiformes","Rivulidae",5,3.033325344,0.461104157,0.423170692,0.483332889,0.408855797
"Austrolebias_melanoorus",49522,"Teleostei","Cyprinodontiformes","Rivulidae",6,2.929587714,0.53652165,0.308823529,0.573029305,0.209014706
"Austrolebias_monstrosus",49524,"Teleostei","Cyprinodontiformes","Rivulidae",15,3.267884995,0.47329382,0.313245771,0.388937992,0.3010306
"Austrolebias_nigripinnis",10951,"Teleostei","Cyprinodontiformes","Rivulidae",7,3.218840782,0.482593135,0.351851852,0.555578796,0.292796296
"Austrolebias_patriciae",49528,"Teleostei","Cyprinodontiformes","Rivulidae",4,2.574571721,0.424991037,0.436727516,0.415214293,0.138100821
"Austrolebias_periodicus",57470,"Teleostei","Cyprinodontiformes","Rivulidae",5,3.25778743,0.42292385,0.339207015,0.328160717,0.243225782
"Austrolebias_varzeae",62177,"Teleostei","Cyprinodontiformes","Rivulidae",3.37,3.024684877,0.555834693,0.272593881,0.578676016,0.254431824
"Axelrodia_lindeae",53403,"Teleostei","Characiformes","Characidae",2.06,3.262273044,0.475039684,0.610378555,0.470038259,0.348125513
"Axelrodia_riesei",26439,"Teleostei","Characiformes","Characidae",2.14,3.589842811,0.489372773,0.60681967,0.467869089,0.371633272
"Axelrodia_stigmatias",51083,"Teleostei","Characiformes","Characidae",2.49,4.00851454,0.538843146,0.609257885,0.538843146,0.353629867
"Bario_steindachneri",51084,"Teleostei","Characiformes","Characidae",9,2.58501925,0.516405503,0.419716835,0.598298144,0.232131476
"Baryancistrus_longipinnis",50004,"Teleostei","Siluriformes","Loricariidae",20,4.414131512,0.665943578,0.200638579,0,0
"Baryancistrus_niveatus",50006,"Teleostei","Siluriformes","Loricariidae",34,4.335932157,0.737573519,0.234218318,0,0
"Basilichthys_australis",25855,"Teleostei","Atheriniformes","Atherinopsidae","NA",4.876333296,0.661878613,0.539076923,0.636702904,0.690410256
"Basilichthys_microlepidotus",12936,"Teleostei","Atheriniformes","Atherinopsidae","NA",5.901635374,0.54679872,0.481061334,0.441538246,0.628648337
"Batrochoglanis_acanthochiroides",49295,"Teleostei","Siluriformes","Pseudopimelodidae",80,4.313905095,0.475532582,0.245589738,0.395954087,0.630832104
"Batrochoglanis_raninus",13103,"Teleostei","Siluriformes","Pseudopimelodidae",20,5.320320778,0.550219169,0.150970913,0.238653981,0.405339347
"Batrochoglanis_transmontanus",48384,"Teleostei","Siluriformes","Pseudopimelodidae",25,4.767407666,0.652801674,0.215449275,0.464419163,"NA"
"Batrochoglanis_villosus",48385,"Teleostei","Siluriformes","Pseudopimelodidae",15,3.525393258,0.451077007,0.151649656,0.225809811,0.37848182
"Belonion_apodion",53799,"Teleostei","Beloniformes","Belonidae",5,13.62320418,0.594833841,0.715857143,0.620991148,1.241761905
"Belonion_dibranchodon",51965,"Teleostei","Beloniformes","Belonidae",5,15.06016343,0.608817983,0.731769231,0.783142267,1.394192308
"Bergiaria_platana",48529,"Teleostei","Siluriformes","Pimelodidae",9.1,4.733699475,0.551903733,0.425602915,0,0.360475239
"Bergiaria_westermanni",48530,"Teleostei","Siluriformes","Pimelodidae",19.7,5.578989474,0.608021053,0.342999284,0,0.27186875
"Biotodoma_cupido",12291,"Teleostei","Perciformes","Cichlidae",11.7,2.219282369,0.581489685,0.357772986,0.355391723,0.247392668
"Biotodoma_wavrini",12292,"Teleostei","Perciformes","Cichlidae",10,2.216218745,0.573263865,0.251936764,0.392533857,0.194770738
"Biotoecus_dicentrarchus",57422,"Teleostei","Perciformes","Cichlidae",4,4.011607637,0.623818215,0.518762824,0.564282931,0.595865947
"Biotoecus_opercularis",46719,"Teleostei","Perciformes","Cichlidae",10,4.066979403,0.559914045,0.460493491,0.469767174,0.473061326
"Bivibranchia_bimaculata",27809,"Teleostei","Characiformes","Hemiodontidae",13,4.424087163,0.586113644,0.548662612,0.381035618,0.727212933
"Bivibranchia_fowleri",51223,"Teleostei","Characiformes","Hemiodontidae",19.2,5.524429749,0.632646478,0.603571366,0.428565668,0.509901945
"Bivibranchia_notata",52502,"Teleostei","Characiformes","Hemiodontidae",7.2,5.382173863,0.617790374,0.484163762,0.431133602,0.339621352
"Bivibranchia_simulata",27811,"Teleostei","Characiformes","Hemiodontidae",14,4.052535598,0.587976864,0.501889511,0.428371433,0.421324275
"Boehlkea_fredcochui",12341,"Teleostei","Characiformes","Characidae",5.4,3.508624512,0.551183735,0.507597231,0.589076345,0.39099281
"Boulengerella_cuvieri",27228,"Teleostei","Characiformes","Ctenoluciidae",88,7.00377429,0.446311118,0.462686567,0.359426118,1.90138806
"Boulengerella_lateristriga",12404,"Teleostei","Characiformes","Ctenoluciidae",26,8.326144228,0.515364501,0.49862963,0.605634634,2.407185185
"Boulengerella_lucius",12406,"Teleostei","Characiformes","Ctenoluciidae",42,6.872816395,0.659195912,0.411764706,0.710747249,1.774058824
"Boulengerella_maculata",12405,"Teleostei","Characiformes","Ctenoluciidae",32,9.294983995,0.522363514,0.581860465,0.431602596,2.358139535
"Boulengerella_xyrekes",27240,"Teleostei","Characiformes","Ctenoluciidae",38.2,9.578603896,0.556525974,0.572915677,0.46788961,2.296240716
"Brachychalcinus_copei",51085,"Teleostei","Characiformes","Characidae",7.3,1.407606934,0.556733727,0.406587449,0.514705398,0.321975136
"Brachychalcinus_nummus",51086,"Teleostei","Characiformes","Characidae",8.4,1.66796764,0.626847116,0.450342537,0.663718386,0.195528218
"Brachychalcinus_orbicularis",10693,"Teleostei","Characiformes","Characidae",9,1.439997382,0.51728815,0.36124371,0.545938098,0.409712725
"Brachygalaxias_bullocki",10422,"Teleostei","Osmeriformes","Galaxiidae",6,5.165743427,0.491602919,0.507686567,0.435120461,0.612492537
"Brachyglanis_melas",47772,"Teleostei","Siluriformes","Heptapteridae",6,6.883215328,0.543229927,0.28075,0.257445255,0.621829268
"Brachyglanis_microphthalmus",53223,"Teleostei","Siluriformes","Heptapteridae",6.8,4.429468327,0.479677896,0.212787226,0.218946976,0.311077309
"Brachyglanis_phalacra",57664,"Teleostei","Siluriformes","Heptapteridae",8.1,5.801883248,0.610517762,0.184956731,0.326204408,0.491889423
"Brachyhypopomus_beebei",28038,"Teleostei","Gymnotiformes","Hypopomidae",32,10.28264614,0.656890555,0.124271978,0.402272651,0.27811283
"Brachyhypopomus_brevirostris",12222,"Teleostei","Gymnotiformes","Hypopomidae",35,12.92081921,0.665024424,0.212714242,0.656596252,0.306905989
"Brachyhypopomus_gauderio",64917,"Teleostei","Gymnotiformes","Hypopomidae",14.9,9.282709402,0.316239316,0.176470588,0.188034188,0.526137255
"Brachyhypopomus_occidentalis",48080,"Teleostei","Gymnotiformes","Hypopomidae",18,6.79624062,0.692175539,0.165846154,0.598140522,0.458641026
"Brachyhypopomus_pinnicaudatus",28039,"Teleostei","Gymnotiformes","Hypopomidae",19,8.380259502,0.730334989,0.127659574,0.685436405,0.519425532
"Brachyhypopomus_walteri",67216,"Teleostei","Gymnotiformes","Hypopomidae",17.5,9.272483051,0.533898305,0.192307692,0.415254237,"NA"
"Brachyplatystoma_filamentosum",6420,"Teleostei","Siluriformes","Pimelodidae",360,4.923713123,0.6517294,0.204383772,0.492655137,0.534570275
"Brachyplatystoma_juruense",12114,"Teleostei","Siluriformes","Pimelodidae",60,4.258819761,0.582162461,0.10817959,0.414583364,0.37648368
"Brachyplatystoma_platynemum",12116,"Teleostei","Siluriformes","Pimelodidae",100,6.500093342,0.504828335,0.206548387,0.224123008,1.088193548
"Brachyplatystoma_rousseauxii",58421,"Teleostei","Siluriformes","Pimelodidae",192,4.0740642,0.604728898,0.077091486,0.500034178,0.576151976
"Brachyplatystoma_tigrinum",12118,"Teleostei","Siluriformes","Pimelodidae",60,6.157648475,0.569999683,0.128214286,0.347151956,0.994595238
"Brachyplatystoma_vaillantii",7555,"Teleostei","Siluriformes","Pimelodidae",150,4.573597068,0.618652213,0.17826827,0.446840518,0.576774248
"Brachyrhamdia_heteropleura",47837,"Teleostei","Siluriformes","Heptapteridae",4.3,5.042428382,0.480533569,0.463066667,0.233898509,0.421633333
"Brachyrhamdia_imitator",48496,"Teleostei","Siluriformes","Heptapteridae",8,3.068356873,0.60543755,0.314466667,0.47618897,0.390166667
"Brachyrhamdia_marthae",48501,"Teleostei","Siluriformes","Heptapteridae",9,4.519444682,0.525630073,0.437190289,0.452473302,0.415119032
"Brittanichthys_axelrodi",52988,"Teleostei","Characiformes","Characidae",3,3.638411643,0.50923124,0.544262461,0.50923124,0.455661595
"Brittanichthys_myersi",52989,"Teleostei","Characiformes","Characidae",3.17,3.834279581,0.553360606,0.571769231,0.536678125,0.448717949
"Brochiloricaria_chauliodon",50639,"Teleostei","Siluriformes","Loricariidae",28.2,8.905906655,0.541962012,0.214179215,0,0
"Brochiloricaria_macrodon",50640,"Teleostei","Siluriformes","Loricariidae",27,9.269244948,0.692730369,0.394923967,0,0
"Brycon_amazonicus",52992,"Teleostei","Characiformes","Characidae",46.22,2.584381304,0.563094031,0.376800672,0.581786886,0.494652329
"Brycon_argenteus",28251,"Teleostei","Characiformes","Characidae",23,3.304194295,0.534193903,0.463153846,0.503962805,0.310076923
"Brycon_dentex",51117,"Teleostei","Characiformes","Characidae",34,3.351414835,0.534659261,0.328885714,0.534659261,0.657757143
"Brycon_devillei",48570,"Teleostei","Characiformes","Characidae",14.3,4.220008521,0.510367425,0.490909091,0.370376757,0.656181818
"Brycon_falcatus",14171,"Teleostei","Characiformes","Characidae",37,2.555474512,0.444794893,0.431171895,0.441943199,0.556651677
"Brycon_henni",12342,"Teleostei","Characiformes","Characidae",35,3.320200942,0.566505495,0.267241769,0.519704867,0.428868747
"Brycon_hilarii",52994,"Teleostei","Characiformes","Characidae",56,2.754385545,0.511358425,0.288750797,0.493703013,0.53487395
"Brycon_insignis",58081,"Teleostei","Characiformes","Characidae",37,3.381651977,0.546548395,0.448204157,0.501977578,0.633574746
"Brycon_meeki",53009,"Teleostei","Characiformes","Characidae",32.2,3.014705882,0.547879902,0.439656566,0.51117402,0.50910101
"Brycon_melanopterus",27668,"Teleostei","Characiformes","Characidae",38,3.277621778,0.515202285,0.350746269,0.567033562,0.600363184
"Brycon_moorei",5453,"Teleostei","Characiformes","Characidae",53,2.753357641,0.478333715,0.288619635,0.471724224,0.550755911
"Brycon_nattereri",48572,"Teleostei","Characiformes","Characidae",29,3.165692201,0.62605556,0.418468445,0.601647588,0.606234376
"Brycon_opalinus",52991,"Teleostei","Characiformes","Characidae",26.3,3.010127189,0.584634946,0.390747368,0.567065715,0.697757895
"Brycon_orbignyanus",48557,"Teleostei","Characiformes","Characidae",80,2.948655648,0.443177065,0.334315442,0.429664205,0.562938291
"Brycon_orthotaenia",52998,"Teleostei","Characiformes","Characidae",33,2.969362808,0.571028063,0.406896552,0.611758074,0.587668966
"Brycon_pesu",12373,"Teleostei","Characiformes","Characidae",12,3.355452234,0.63351841,0.488398458,0.636631607,0.676008558
"Brycon_posadae",53013,"Teleostei","Characiformes","Characidae",15,3.247428707,0.639568933,0.322931362,0.594310045,0.52507383
"Brycon_rubricauda",53001,"Teleostei","Characiformes","Characidae",35,3.56525497,0.521168251,0.377360346,0.584413714,0.465922502
"Brycon_sinuensis",58082,"Teleostei","Characiformes","Characidae",18,3.38705035,0.537686608,0.282698041,0.591396739,0.429683656
"Brycon_whitei",51838,"Teleostei","Characiformes","Characidae",38,3.195312435,0.520553743,0.27776749,0.589041323,0.4888893
"Bryconacidnus_ellisae",51099,"Teleostei","Characiformes","Characidae",4,3.887766381,0.427830632,0.499903865,0.36786596,0.462257258
"Bryconacidnus_hemigrammus",61974,"Teleostei","Characiformes","Characidae",4,4.378869577,0.623206479,0.513689189,0.565236337,0.405405405
"Bryconacidnus_paipayensis",51097,"Teleostei","Characiformes","Characidae",5,3.462411681,0.558453497,0.472830074,0.529272177,0.408577717
"Bryconamericus_alfredae",51100,"Teleostei","Characiformes","Characidae",6.6,3.449227091,0.44365583,0.5,0.368409973,0.514705882
"Bryconamericus_bolivianus",51318,"Teleostei","Characiformes","Characidae",7,4.695708333,0.635416667,0.582524272,0.546901042,0.368932039
"Bryconamericus_diaphanus",51102,"Teleostei","Characiformes","Characidae",13,3.41365045,0.522153842,0.494297294,0.548188808,0.36902596
"Bryconamericus_exodon",51330,"Teleostei","Characiformes","Characidae",5.7,3.972125291,0.516482663,0.5230064,0.521290355,0.421709047
"Bryconamericus_grosvenori",51104,"Teleostei","Characiformes","Characidae",7,3.383115969,0.514070026,0.5,0.387313033,0.55
"Bryconamericus_guyanensis",65515,"Teleostei","Characiformes","Characidae",4.32,3.716042234,0.549224418,0.542186101,0.534739514,0.380153749
"Bryconamericus_hyphesson",51320,"Teleostei","Characiformes","Characidae",3.7,4.903751243,0.588528172,0.508688459,0.425684601,0.184872781
"Bryconamericus_ichoensis",58396,"Teleostei","Characiformes","Characidae",3.358,2.840317959,0.538834439,0.545426999,0.441911486,0.587222868
"Bryconamericus_iheringii",51335,"Teleostei","Characiformes","Characidae",11.4,2.943626084,0.431481797,0.55769564,0.360770753,0.458634132
"Bryconamericus_macrophthalmus",61976,"Teleostei","Characiformes","Characidae",4.7,3.547364908,0.532583596,0.562253241,0.385683244,0.319162485
"Bryconamericus_mennii",61038,"Teleostei","Characiformes","Characidae",6,3.296203125,0.477494792,0.508739168,0.379463542,0.23277464
"Bryconamericus_motatanensis",53406,"Teleostei","Characiformes","Characidae",4.7,3.149010108,0.588582952,0.620673096,0.530717719,0.292555391
"Bryconamericus_osgoodi",51105,"Teleostei","Characiformes","Characidae",6.1,2.555784814,0.489180672,0.393445336,0.479681873,0.37343375
"Bryconamericus_pachacuti",51107,"Teleostei","Characiformes","Characidae",7.5,3.564666287,0.592567902,0.564885496,0.592567902,0.324045802
"Bryconamericus_subtilisform",61978,"Teleostei","Characiformes","Characidae","NA",2.918399762,0.551638316,0.413450937,0.573662155,0.413450937
"Bryconamericus_tenuis",58045,"Teleostei","Characiformes","Characidae",4,4.091928556,0.629588713,0.438528726,0.370306367,0.264540843
"Bryconamericus_turiuba",62199,"Teleostei","Characiformes","Characidae",6.11,3.422445498,0.559241706,0.414414414,0.450236967,0.497540541
"Bryconella_pallidifrons",51115,"Teleostei","Characiformes","Characidae",2.32,3.094194643,0.494259282,0.573928571,0.528735911,0.407214286
"Bryconexodon_juruenae",52525,"Teleostei","Characiformes","Characidae",12.5,3.002805364,0.558071765,0.425155613,0.546792316,0.53919706
"Bryconexodon_trombetasi",52526,"Teleostei","Characiformes","Characidae",11.7,2.674936967,0.578856286,0.405403534,0.578856286,0.47592995
"Bryconops_affinis",12343,"Teleostei","Characiformes","Characidae",12,3.473764827,0.575907052,0.550106432,0.610557697,0.547642792
"Bryconops_alburnoides",51841,"Teleostei","Characiformes","Characidae",15,4.18339119,0.518287563,0.595840426,0.542700441,0.445542553
"Bryconops_caudomaculatus",12344,"Teleostei","Characiformes","Characidae",13,4.058906717,0.493581941,0.557305344,0.516029656,0.450641221
"Bryconops_colanegra",58203,"Teleostei","Characiformes","Characidae",9,4.568553299,0.583778342,0.58891111,0.573693739,0.611448018
"Bryconops_colaroja",58202,"Teleostei","Characiformes","Characidae",8,3.712691695,0.567796378,0.559502112,0.58064963,0.434503045
"Bryconops_giacopinii",53045,"Teleostei","Characiformes","Characidae",18,3.366069124,0.588211939,0.655218855,0.497065227,0.589591568
"Bryconops_gracilis",53043,"Teleostei","Characiformes","Characidae","NA",4.302531539,0.48319149,0.580111139,0.463558706,0.284570359
"Bryconops_inpai",51843,"Teleostei","Characiformes","Characidae",10,3.42526362,0.615061132,0.561152727,0.63716898,0.511770824
"Bryconops_melanurus",27958,"Teleostei","Characiformes","Characidae",12,3.457647933,0.578368642,0.490270085,0.621155251,0.242723396
"Bujurquina_apoparuana",26713,"Teleostei","Perciformes","Cichlidae",8,2.507696033,0.657837847,0.292191011,0.465817509,0.287123596
"Bujurquina_cordemadi",26707,"Teleostei","Perciformes","Cichlidae",6.2,2.207682496,0.588471721,0.342247453,0.353739491,0.273263606
"Bujurquina_eurhinus",26709,"Teleostei","Perciformes","Cichlidae",9,2.440765577,0.556908765,0.520547945,0.349596502,0.254808219
"Bujurquina_hophrys",26716,"Teleostei","Perciformes","Cichlidae",8.5,2.371205376,0.654531055,0.256839388,0.386833744,0.25993392
"Bujurquina_huallagae",26718,"Teleostei","Perciformes","Cichlidae",8.3,2.388571308,0.63853617,0.326251257,0.394653198,0.27076643
"Bujurquina_labiosa",26712,"Teleostei","Perciformes","Cichlidae",6,2.477837683,0.622421045,0.358135648,0.314427966,0.331830507
"Bujurquina_mariae",46722,"Teleostei","Perciformes","Cichlidae",15,2.143023203,0.634207638,0.28125,0.455870224,0.2916875
"Bujurquina_megalospilus",26717,"Teleostei","Perciformes","Cichlidae",7.1,2.473411001,0.654606896,0.366465116,0.390883097,0.30522093
"Bujurquina_moriorum",26726,"Teleostei","Perciformes","Cichlidae",10,2.201817173,0.633050857,0.352277586,0.364144298,0.286095648
"Bujurquina_ortegai",26720,"Teleostei","Perciformes","Cichlidae",11,2.284310223,0.66591188,0.272747634,0.358098645,0.252770663
"Bujurquina_peregrinabunda",26723,"Teleostei","Perciformes","Cichlidae",11,2.151128744,0.561620078,0.316424335,0.294950565,0.279232307
"Bujurquina_robusta",26710,"Teleostei","Perciformes","Cichlidae",9,2.518423489,0.633126563,0.326530612,0.346885197,0.340003401
"Bujurquina_syspilus",26721,"Teleostei","Perciformes","Cichlidae",10.3,2.288467602,0.561679363,0.313717544,0.299289078,0.303159353
"Bujurquina_tambopatae",26708,"Teleostei","Perciformes","Cichlidae",8.2,2.387451938,0.526672178,0.373337537,0.2661575,0.282052292
"Bujurquina_vittata",46731,"Teleostei","Perciformes","Cichlidae",9,2.234712996,0.6587566,0.308548518,0.407998637,0.280371211
"Bujurquina_zamorensis",46734,"Teleostei","Perciformes","Cichlidae",7.4,2.736616673,0.598123674,0.284313725,0.382947268,0.338627451
"Bullockia_maldonadoi",10405,"Teleostei","Siluriformes","Trichomycteridae",7,7.328068828,0.569084351,0.259980392,0,"NA"
"Bunocephalus_aleuropsis",48633,"Teleostei","Siluriformes","Aspredinidae",9.1,6.137699275,0.733108696,0.220487875,0.565032609,"NA"
"Bunocephalus_amaurus",12151,"Teleostei","Siluriformes","Aspredinidae",12,6.381217922,0.636641787,0.330766841,0.491812703,"NA"
"Bunocephalus_chamaizelus",48086,"Teleostei","Siluriformes","Aspredinidae",4,5.850204247,0.440469104,0.268030148,0.213430292,"NA"
"Bunocephalus_colombianus",48640,"Teleostei","Siluriformes","Aspredinidae",12,6.608827554,0.686381613,0.214547879,0.56223873,"NA"
"Bunocephalus_coracoideus",12152,"Teleostei","Siluriformes","Aspredinidae",11,7.185405492,0.766885279,0.181597746,0.587161172,"NA"
"Bunocephalus_doriae",48641,"Teleostei","Siluriformes","Aspredinidae",8.3,7.060359772,0.846536236,0.233810394,0.554274264,"NA"
"Bunocephalus_knerii",12153,"Teleostei","Siluriformes","Aspredinidae",13,7.447116505,0.718446602,0.15,0.466019417,0.283333333
"Bunocephalus_verrucosus",48644,"Teleostei","Siluriformes","Aspredinidae",10,3.811236438,0.436353022,0.180259299,0.235833674,"NA"
"Caenotropus_labyrinthicus",25639,"Teleostei","Characiformes","Chilodontidae",18.6,3.354914892,0.356040293,0.772336634,0.309016425,0.645693069
"Caenotropus_maculosus",27819,"Teleostei","Characiformes","Chilodontidae",11,3.542573666,0.399469202,0.552128196,0.273501419,0.430760874
"Caenotropus_mestomorgmatos",50344,"Teleostei","Characiformes","Chilodontidae",16.3,3.261323519,0.460147298,0.67560269,0.280208902,0.447413624
"Caiapobrycon_tucurui",58016,"Teleostei","Characiformes","Characidae",5,4.393207592,0.488788557,0.535767961,0.258971776,0.285843107
"Callichthys_callichthys",10922,"Teleostei","Siluriformes","Callichthyidae",17,4.462035045,0.568429961,0.19807824,0.445172059,0.241596591
"Callichthys_fabricioi",56453,"Teleostei","Siluriformes","Callichthyidae",12.5,4.637498386,0.521404526,0.185740107,0.259902883,"NA"
"Calophysus_macropterus",12115,"Teleostei","Siluriformes","Pimelodidae",40,5.51186487,0.507761745,0.243831074,0.237311085,0.360016581
"Caquetaia_kraussii",46738,"Teleostei","Perciformes","Cichlidae",26,2.222199307,0.537236017,0.320932692,0.444692501,0.333365385
"Caquetaia_myersi",46743,"Teleostei","Perciformes","Cichlidae",19,2.400103346,0.560064646,0.253738467,0.471273239,0.320401952
"Caquetaia_spectabilis",25746,"Teleostei","Perciformes","Cichlidae",19,1.991196814,0.552953259,0.401583333,0.413737162,0.266015152
"Carnegiella_marthae",10733,"Teleostei","Characiformes","Gasteropelecidae",3,1.802119807,0.720329882,0.587501181,0.760128262,0.233056585
"Carnegiella_myersi",11901,"Teleostei","Characiformes","Gasteropelecidae",2.15,2.186852818,0.732781837,0.296610169,0.805850731,0.133991525
"Carnegiella_schereri",11902,"Teleostei","Characiformes","Gasteropelecidae",3,1.924823751,0.744932373,0.294447095,0.821992276,0.180588691
"Carnegiella_strigata",10736,"Teleostei","Characiformes","Gasteropelecidae",3.49,1.922052424,0.717963923,0.355328411,0.79598362,0.173580648
"Catathyridium_jenynsii",23473,"Teleostei","Pleuronectiformes","Achiridae",24,"NA","NA","NA","NA","NA"
"Catoprion_mento",11936,"Teleostei","Characiformes","Characidae",15,1.54251189,0.454808377,0.382893229,0.486672142,0.457213542
"Centrochir_crocodili",47646,"Teleostei","Siluriformes","Doradidae",22.5,3.640007921,0.515983931,0.421714446,0.227631926,0.315621127
"Centrodoras_brachiatus",47644,"Teleostei","Siluriformes","Doradidae",41,4.922573819,0.535726608,0.147072289,0.202705086,"NA"
"Centrodoras_hasemani",58104,"Teleostei","Siluriformes","Doradidae",21,5.412398899,0.533884013,0.235708333,0.216090174,"NA"
"Centromochlus_existimatus",47720,"Teleostei","Siluriformes","Auchenipteridae",9.02,5.263858974,0.41025641,0.582013852,0.448320513,0.298151212
"Centromochlus_heckelii",47722,"Teleostei","Siluriformes","Auchenipteridae",13.9,5.334366,0.551443917,0.501272823,0.499992216,0.251623947
"Cephalosilurus_albomarginatus",47751,"Teleostei","Siluriformes","Pseudopimelodidae",8.5,4.30779685,0.500889562,0.171499209,0.359860965,0.519933102
"Cephalosilurus_apurensis",47752,"Teleostei","Siluriformes","Pseudopimelodidae",29,3.297164364,0.486246263,0.176345358,0.408380199,0.472361701
"Cephalosilurus_fowleri",47753,"Teleostei","Siluriformes","Pseudopimelodidae",40.5,3.743068292,0.463959178,0.098617871,0.35546111,0.507677717
"Cephalosilurus_nigricaudus",47755,"Teleostei","Siluriformes","Pseudopimelodidae",35,2.199058942,0.350182988,0.144825218,0.28836861,"NA"
"Ceratobranchia_binghami",51119,"Teleostei","Characiformes","Characidae",6.2,3.572093142,0.530237967,0.503401361,0.379156762,0.224380952
"Ceratobranchia_delotaenia",58047,"Teleostei","Characiformes","Characidae",4,3.40292004,0.504384878,0.547605594,0.345710116,0.449187738
"Ceratobranchia_elatior",53050,"Teleostei","Characiformes","Characidae",5.2,2.894392625,0.551019235,0.470771293,0.486784711,0.459113324
"Ceratobranchia_joanae",51847,"Teleostei","Characiformes","Characidae",3.4,4.001369313,0.520051821,0.599849706,0.360670389,0.308648723
"Ceratobranchia_obtusirostris",51120,"Teleostei","Characiformes","Characidae",6,3.821109006,0.524431217,0.496883707,0.3909266,0.312314862
"Cetopsidium_minutum",48624,"Teleostei","Siluriformes","Cetopsidae",5,4.656885069,0.612559708,0.206898305,0.409654334,"NA"
"Cetopsidium_morenoi",48625,"Teleostei","Siluriformes","Cetopsidae",4.3,5.171791685,0.555514573,0.253145331,0.365080383,0.294395362
"Cetopsis_amphiloxa",48619,"Teleostei","Siluriformes","Cetopsidae",19,4.512121283,0.602031513,0.223289474,0.439568917,0.395605263
"Cetopsis_baudoensis",57245,"Teleostei","Siluriformes","Cetopsidae",19,4.6122943,0.500019091,0.213528441,0.296987515,0.475606272
"Cetopsis_candiru",48620,"Teleostei","Siluriformes","Cetopsidae",26.3,4.589697601,0.463294669,0.09002608,0.293290204,0.522552494
"Cetopsis_coecutiens",48618,"Teleostei","Siluriformes","Cetopsidae",27.3,3.670545419,0.447182801,0.141165901,0.216808864,0.511319625
"Cetopsis_gobioides",48612,"Teleostei","Siluriformes","Cetopsidae",11,3.850359239,0.629674908,0.201836923,0.524883193,0.448676505
"Cetopsis_montana",62503,"Teleostei","Siluriformes","Cetopsidae",11.9,3.950295918,0.530612245,0.181818182,0.37755102,0.690909091
"Cetopsis_oliveirai",53660,"Teleostei","Siluriformes","Cetopsidae",4,4.521245813,0.710877668,0,0.409724952,0.305392732
"Cetopsis_orinoco",53656,"Teleostei","Siluriformes","Cetopsidae",9.4,5.195018673,0.505660599,0.261538462,0.337067859,0.412815385
"Cetopsis_othonops",48626,"Teleostei","Siluriformes","Cetopsidae",11,3.615395954,0.697550115,0.282775862,0.577158195,0.428258621
"Cetopsis_parma",58365,"Teleostei","Siluriformes","Cetopsidae",17,4.179773656,0.557818997,"NA",0.289756662,0.298894651
"Cetopsis_plumbea",48628,"Teleostei","Siluriformes","Cetopsidae",12,4.792051739,0.48552487,0.247990188,0.380496856,0.377324783
"Cetopsorhamdia_iheringi",47828,"Teleostei","Siluriformes","Heptapteridae",11.1,5.913948695,0.443278888,0.184601654,0.227263906,0.414655882
"Cetopsorhamdia_insidiosa",47820,"Teleostei","Siluriformes","Heptapteridae",7.7,5.62691862,0.641831082,0.229111285,0.383287567,0.428883252
"Cetopsorhamdia_molinae",47821,"Teleostei","Siluriformes","Heptapteridae",3.6,5.961798788,0.573766008,0.369595506,0.293225638,0.511696629
"Cetopsorhamdia_nasus",47822,"Teleostei","Siluriformes","Heptapteridae",7.2,6.018636646,0.558006211,0.317160749,0.309782609,0.434437655
"Cetopsorhamdia_orinoco",47825,"Teleostei","Siluriformes","Heptapteridae",5.4,5.519505051,0.51347138,0.179245283,0.104377104,0.423379717
"Cetopsorhamdia_phantasia",47826,"Teleostei","Siluriformes","Heptapteridae",4,4.553131337,0.476035176,0.272858995,0.195964655,0.368277452
"Cetopsorhamdia_picklei",47827,"Teleostei","Siluriformes","Heptapteridae",12,4.334957405,0.593145297,0.246825792,0.547526338,0.34724902
"Chaetobranchopsis_australis",46745,"Teleostei","Perciformes","Cichlidae",12,1.835764651,0.531969202,0.27427664,0.50799602,0.264800118
"Chaetobranchopsis_orbicularis",25777,"Teleostei","Perciformes","Cichlidae",12,1.729340952,0.525750105,0.269481676,0.466928903,0.353451975
"Chaetobranchus_flavescens",25776,"Teleostei","Perciformes","Cichlidae",26,2.484820397,0.58946669,0.200007576,0.465656741,0.297098485
"Chaetobranchus_semifasciatus",46775,"Teleostei","Perciformes","Cichlidae",23,1.963166401,0.484765861,0.299166667,0.377764999,0.355722222
"Chaetostoma_anale",50010,"Teleostei","Siluriformes","Loricariidae",22,5.154466423,0.699466633,0.229882425,0,0
"Chaetostoma_breve",50025,"Teleostei","Siluriformes","Loricariidae",30,4.516985753,0.650007107,0.177985127,0,0
"Chaetostoma_dorsale",50030,"Teleostei","Siluriformes","Loricariidae",9,4.566389356,0.658328568,0.284735864,0,0
"Chaetostoma_guairense",50035,"Teleostei","Siluriformes","Loricariidae",8.1,4.582089552,0.757462687,0.217021421,0,0
"Chaetostoma_leucomelas",50042,"Teleostei","Siluriformes","Loricariidae",20,4.279764881,0.726580357,0.189873418,0,0
"Chaetostoma_lineopunctatum",50043,"Teleostei","Siluriformes","Loricariidae",14.3,4.382516393,0.750464481,0.202385038,0,0
"Chaetostoma_marginatum",50048,"Teleostei","Siluriformes","Loricariidae",19,5.844122427,0.703807783,0.188786851,0,0
"Chaetostoma_marmorescens",50049,"Teleostei","Siluriformes","Loricariidae",14,4.819196161,0.683863227,0.236222222,0,0
"Chaetostoma_microps",50050,"Teleostei","Siluriformes","Loricariidae",9,4.967907407,0.70667037,0.18877185,0,0
"Chaetostoma_milesi",50053,"Teleostei","Siluriformes","Loricariidae",13,5.088859057,0.797677162,0.126522483,0,0
"Chaetostoma_patiae",50058,"Teleostei","Siluriformes","Loricariidae",16,5.571355869,0.76793718,0.177392857,0,0
"Chaetostoma_stannii",50062,"Teleostei","Siluriformes","Loricariidae",20.5,5.309335699,0.737054093,0.23361194,0,0
"Chaetostoma_stroumpoulos",62966,"Teleostei","Siluriformes","Loricariidae","NA",4.660028,0.676,0.195121951,0,0
"Chaetostoma_taczanowskii",50067,"Teleostei","Siluriformes","Loricariidae",17,4.571072384,0.69263434,0.196408759,0,0
"Chaetostoma_thomsoni",50068,"Teleostei","Siluriformes","Loricariidae",10.1,7.14260573,0.823012864,0.178268013,0,0
"Chaetostoma_vagum",50069,"Teleostei","Siluriformes","Loricariidae",10,4.049302586,0.66655637,0.254435232,0,0
"Chalceus_epakros",62332,"Teleostei","Characiformes","Characidae",17.4,3.951754887,0.549756742,0.523988334,0.564625332,0.635525015
"Chalceus_erythrurus",13124,"Teleostei","Characiformes","Characidae",21.35,3.643143917,0.513020349,0.525638514,0.513020349,0.628415541
"Chalceus_macrolepidotus",10622,"Teleostei","Characiformes","Characidae",24.46,3.730946396,0.611878179,0.465899711,0.580411527,0.537820131
"Characidium_alipioi",52684,"Teleostei","Characiformes","Crenuchidae",6.35,5.079457224,0.54021237,0.339240726,0.312555934,0.274737208
"Characidium_bimaculatum",52685,"Teleostei","Characiformes","Crenuchidae",4.14,4.225063156,0.494833546,0.428571429,0.375029275,0.147163265
"Characidium_boavistae",49167,"Teleostei","Characiformes","Crenuchidae",5.27,4.899641337,0.483649754,0.426229508,0.429592081,0.209934426
"Characidium_boehlkei",53077,"Teleostei","Characiformes","Characidae",7,4.643119469,0.615044248,0.446428571,0.491150442,"NA"
"Characidium_bolivianum",53064,"Teleostei","Characiformes","Characidae",5.34,3.951455556,0.433477778,0.295454545,0.311111111,0.25
"Characidium_borellii",53053,"Teleostei","Characiformes","Crenuchidae",7,4.59722794,0.542038333,0.400294334,0.448675724,"NA"
"Characidium_chupa",53066,"Teleostei","Characiformes","Crenuchidae",8,3.759645371,0.518951564,0.353490196,0.411074157,0.306901961
"Characidium_declivirostre",53062,"Teleostei","Characiformes","Crenuchidae",8,5.498829541,0.578572662,0.41162196,0.365714878,0.198535974
"Characidium_etheostoma",51121,"Teleostei","Characiformes","Characidae",4.15,5.192317308,0.5,0.517857143,0.307692308,0.339285714
"Characidium_fasciatum",12335,"Teleostei","Characiformes","Crenuchidae",7,6.025301953,0.423927054,0.483252892,0.324358301,0.171497174
"Characidium_gomesi",52713,"Teleostei","Characiformes","Crenuchidae",6.49,4.18346487,0.544986203,0.409402407,0.379531642,0.310546519
"Characidium_hasemani",53063,"Teleostei","Characiformes","Crenuchidae",7,6.101829802,0.471134033,0.571795918,0.408947894,0.210122449
"Characidium_heinianum",61045,"Teleostei","Characiformes","Crenuchidae",2.1,5.412708335,0.825810981,0.46184078,0.788514989,0.19348579
"Characidium_lauroi",53069,"Teleostei","Characiformes","Crenuchidae",7.12,5.018931097,0.354068978,0.432823474,0.226998259,0.281379741
"Characidium_longum",63135,"Teleostei","Characiformes","Crenuchidae",3.1,7.40092042,0.97125183,0.470373669,0.802338902,0.344700344
"Characidium_occidentale",50684,"Teleostei","Characiformes","Crenuchidae",5,3.454715689,0.484215331,0.503345083,0.40684815,0.168836774
"Characidium_oiticicai",53075,"Teleostei","Characiformes","Crenuchidae",7,5.271911382,0.702858757,0.316894737,0.510983149,0.153447368
"Characidium_pellucidum",28026,"Teleostei","Characiformes","Crenuchidae",3.4,6.414331301,0.63550046,0.558824416,0.508400368,0.5002161
"Characidium_phoxocephalum",53059,"Teleostei","Characiformes","Crenuchidae",7,5.222054949,0.464621754,0.556796296,0.368343056,0.248444444
"Characidium_pteroides",53057,"Teleostei","Characiformes","Crenuchidae",2.77,6.372346206,0.583324595,0.667718002,0.461099936,0.26817231
"Characidium_pterostictum",50072,"Teleostei","Characiformes","Crenuchidae",8.7,5.121252619,0.439657016,0.435020833,0.29988667,"NA"
"Characidium_purpuratum",53052,"Teleostei","Characiformes","Crenuchidae",5.3307,4.567085714,0.525,0.459612927,0.417857143,0.33918254
"Characidium_rachovii",23419,"Teleostei","Characiformes","Crenuchidae",4.32,3.567899879,0.451547135,0.458865995,0.397464047,0.284086162
"Characidium_schindleri",61046,"Teleostei","Characiformes","Crenuchidae",7,4.147405691,0.472605504,0.39999457,0.256846997,0.189789048
"Characidium_serrano",50691,"Teleostei","Characiformes","Crenuchidae",5.4,4.022508916,0.636645097,0.492415057,0.517687652,0.30657721
"Characidium_steindachneri",51122,"Teleostei","Characiformes","Crenuchidae",4.12,5.711037736,0.61009434,0.458588267,0.371080189,0.179873211
"Characidium_stigmosum",60275,"Teleostei","Characiformes","Crenuchidae",4.25,3.884868671,0.569712348,0.494560995,0.416932005,0.334249796
"Characidium_tenue",50695,"Teleostei","Characiformes","Crenuchidae",6,5.529036627,0.600074174,0.564954172,0.453169721,0.260188724
"Characidium_vestigipinne",57628,"Teleostei","Characiformes","Crenuchidae",5.1,3.452782456,0.513967029,0.48535207,0.365921809,0.410569727
"Characidium_zebra",28025,"Teleostei","Characiformes","Crenuchidae",7.4,4.638961992,0.621647265,0.501313157,0.555834007,0.328738266
"Charax_apurensis",53082,"Teleostei","Characiformes","Characidae",12,2.385220492,0.365283455,0.392156863,0.411927689,0.212088235
"Charax_condei",26390,"Teleostei","Characiformes","Characidae",5.38,3.481275837,0.439442328,0.527202703,0.474045554,0.372783784
"Charax_gibbosus",12346,"Teleostei","Characiformes","Characidae",14.4,2.626337243,0.388322376,0.522187601,0.422788228,0.257981106
"Charax_hemigrammus",53080,"Teleostei","Characiformes","Characidae",3.3,3.286326982,0.497280002,0.419931031,0.597824002,0.213913739
"Charax_leticiae",52529,"Teleostei","Characiformes","Characidae",10,2.683132691,0.416667407,0.500714286,0.503216205,0.359919643
"Charax_michaeli",52530,"Teleostei","Characiformes","Characidae",11.3,2.388763377,0.442768867,0.395964399,0.455727776,0.756060429
"Charax_niger",52531,"Teleostei","Characiformes","Characidae",12.8,2.525442006,0.47805721,0.407612319,0.58313558,0.870818841
"Charax_pauciradiatus",27858,"Teleostei","Characiformes","Characidae",10.1,2.597489845,0.376057437,0.485988469,0.411750143,0.290266214
"Charax_stenopterus",23415,"Teleostei","Characiformes","Characidae",9.4,2.412183923,0.449055097,0.362831858,0.482352941,0.33639823
"Charax_tectifer",53078,"Teleostei","Characiformes","Characidae",10,2.437453842,0.469784452,0.388489209,0.451566063,0.496872902
"Chasmocranus_brevior",47784,"Teleostei","Siluriformes","Heptapteridae",8,9.090987744,0.660974136,0.346827332,0.426092022,"NA"
"Chasmocranus_chimantanus",47786,"Teleostei","Siluriformes","Heptapteridae",8.9,12.43934908,0.73994367,0.242009313,0.640499747,0.56613527
"Chasmocranus_longior",47799,"Teleostei","Siluriformes","Heptapteridae",17,8.470934872,0.719937389,0.518272727,0.400006138,"NA"
"Chasmocranus_peruanus",47805,"Teleostei","Siluriformes","Heptapteridae",5.2,6.509575423,0.4208109,0.264011108,0.224001133,0.146162073
"Chasmocranus_quadrizonatus",47806,"Teleostei","Siluriformes","Heptapteridae",6.3,6.037593985,0.611620301,0.240460674,0.346597744,0.286460674
"Cheirocerus_eques",48432,"Teleostei","Siluriformes","Pimelodidae","NA",5.123234327,0.509091178,0.409144045,0.159110427,0.351604104
"Cheirocerus_goeldii",48433,"Teleostei","Siluriformes","Pimelodidae",15.2,5.255940133,0.565221773,0.36071545,0.319519918,"NA"
"Cheirodon_australe",10390,"Teleostei","Characiformes","Characidae",4.98,3.029180537,0.578160894,0.499259469,0.518260985,0.494335173
"Cheirodon_ibicuhiensis",53496,"Teleostei","Characiformes","Characidae",4.19,2.476695416,0.442581737,0.494541546,0.396657083,0.558261214
"Cheirodon_interruptus",12348,"Teleostei","Characiformes","Characidae",6,2.82176188,0.497090944,0.541176471,0.476747264,0.366411765
"Cheirodon_ortegai",61047,"Teleostei","Characiformes","Characidae",3.43,2.892357633,0.546768983,0.546293394,0.620978884,0.143552621
"Cheirodon_parahybae",58305,"Teleostei","Characiformes","Characidae",4,2.722941563,0.517953326,0.561136869,0.460392303,0.448938942
"Cheirodon_pisciculus",10393,"Teleostei","Characiformes","Characidae",5.45,3.925513518,0.479408186,0.525166379,0.46711513,0.555388651
"Cheirodontops_geayi",51852,"Teleostei","Characiformes","Characidae",4,2.449870481,0.481635939,0.594538402,0.532785716,0.373626753
"Chilodus_gracilis",51571,"Teleostei","Characiformes","Chilodontidae",6.4,3.775331749,0.401384988,0.652173913,0.512115802,0.214108696
"Chilodus_punctatus",10779,"Teleostei","Characiformes","Chilodontidae",18,2.819676513,0.452236559,0.648945476,0.541848494,"NA"
"Chilodus_zunevei",27822,"Teleostei","Characiformes","Chilodontidae",8,3.156660998,0.331295607,0.470759063,0.435036701,0.278229521
"Chrysobrycon_hesperus",51146,"Teleostei","Characiformes","Characidae",8.18,3.039941426,0.590809937,0.407009554,0.631367401,0.343250334
"Chrysobrycon_myersi",51147,"Teleostei","Characiformes","Characidae",6.38,2.777543079,0.587570782,0.377425304,0.664730398,0.559834419
"Cichla_intermedia",46777,"Teleostei","Perciformes","Cichlidae",55,3.254862285,0.631065376,0.264557692,0.420792343,0.44325
"Cichla_kelberi",62991,"Teleostei","Perciformes","Cichlidae",58.5,3.223332192,0.554794521,0.231638418,0.404109589,0.776011299
"Cichla_melaniae",62988,"Teleostei","Perciformes","Cichlidae",36,3.184182155,0.574220774,0.304157549,0.412757192,0.685363239
"Cichla_monoculus",13270,"Teleostei","Perciformes","Cichlidae",70,3.468160166,0.528906724,0.311608815,0.281370709,0.739148594
"Cichla_ocellaris",457,"Teleostei","Perciformes","Cichlidae",74,2.775202154,0.525471149,0.307405057,0.282258138,0.546131211
"Cichla_orinocensis",46779,"Teleostei","Perciformes","Cichlidae",62,3.19154223,0.596145995,0.280119004,0.375084397,0.580691043
"Cichla_piquiti",62994,"Teleostei","Perciformes","Cichlidae",48,3.249524565,0.624557021,0.190751445,0.452628403,0.64765896
"Cichla_pleiozona",62992,"Teleostei","Perciformes","Cichlidae",44.2,2.897544694,0.545040967,0.257567952,0.346832786,0.545438017
"Cichla_temensis",6461,"Teleostei","Perciformes","Cichlidae",99,3.737761538,0.610366095,0.298741259,0.433909745,0.702125874
"Cichla_vazzoleri",62998,"Teleostei","Perciformes","Cichlidae",41,3.914546105,0.579588571,0.305337641,0.460490846,0.615613957
"Cichlasoma_amazonarum",25778,"Teleostei","Perciformes","Cichlidae",11.4,1.993045103,0.611291104,0.321798913,0.509745147,0.315266304
"Cichlasoma_araguaiense",46781,"Teleostei","Perciformes","Cichlidae",9.2,2.124451754,0.566457648,0.308888889,0.423134252,0.254209877
"Cichlasoma_bimaculatum",3613,"Teleostei","Perciformes","Cichlidae",30,2.202392765,0.604971885,0.403604478,0.471449777,0.340679104
"Cichlasoma_boliviense",26732,"Teleostei","Perciformes","Cichlidae",11,2.04787414,0.588890598,0.382426471,0.490742897,0.2975
"Cichlasoma_dimerus",46784,"Teleostei","Perciformes","Cichlidae",12,2.135491934,0.54959071,0.243435657,0.375238994,0.297802472
"Cichlasoma_orinocense",46790,"Teleostei","Perciformes","Cichlidae",11,2.063644333,0.464499635,0.360968452,0.357020243,0.32347999
"Cichlasoma_paranaense",46792,"Teleostei","Perciformes","Cichlidae",9.5,2.096397976,0.563144467,0.265152185,0.39472205,0.208335059
"Cichlasoma_portalegrense",46796,"Teleostei","Perciformes","Cichlidae",12.9,2.169904916,0.580408729,0.348549488,0.428323814,0.296488375
"Cichlasoma_pusillum",47113,"Teleostei","Perciformes","Cichlidae",7,1.974382572,0.559113251,0.255827065,0.447258237,0.208055445
"Cichlasoma_sanctifranciscense",46801,"Teleostei","Perciformes","Cichlidae",8.79,2.164026127,0.524203452,0.278067673,0.344077678,0.200034715
"Cleithracara_maronii",11136,"Teleostei","Perciformes","Cichlidae",7.1,1.933382103,0.557962116,0.242953272,0.415655127,0.190683527
"Clupeacharax_anchoveoides",51133,"Teleostei","Characiformes","Characidae",7,4.245847516,0.600384545,0.450077778,0.691611886,0.630972222
"Cnesterodon_brevirostratus",53679,"Teleostei","Cyprinodontiformes","Poeciliidae",4.39,4.069,0.540741379,0.485787879,0.535758621,0.287484848
"Cnesterodon_carnegiei",46480,"Teleostei","Cyprinodontiformes","Poeciliidae",4,4.122539075,0.56546508,0.499716827,0.630289062,0.25372289
"Cnesterodon_decemmaculatus",4753,"Teleostei","Cyprinodontiformes","Poeciliidae",4,4.476096046,0.402474816,0.499562882,0.551870276,0.232713043
"Cnesterodon_hypselurus",61802,"Teleostei","Cyprinodontiformes","Poeciliidae",3.05,3.837246988,0.508928025,0.607142857,0.566960191,0.257535714
"Cnesterodon_omorgmatos",61803,"Teleostei","Cyprinodontiformes","Poeciliidae",3.05,3.792189638,0.577077509,0.535370119,0.612411516,0.287743593
"Cnesterodon_raddai",61804,"Teleostei","Cyprinodontiformes","Poeciliidae",2.32,3.822923746,0.315277967,0.571428571,0.39414843,0.257535714
"Cnesterodon_septentrionalis",53677,"Teleostei","Cyprinodontiformes","Poeciliidae",3,4.335507141,0.527360828,0.580645161,0.562190324,0.292096774
"Colossoma_macropomum",263,"Teleostei","Characiformes","Characidae",108,2.046347181,0.504468024,0.214099107,0.565490417,0.171287713
"Compsura_heterura",53432,"Teleostei","Characiformes","Characidae",4,2.904306189,0.428673747,0.623076767,0.410441482,0.143910523
"Conorhynchos_conirostris",52761,"Teleostei","Siluriformes","Ariidae",53.5,3.702188925,0.476364687,0.250602582,0.20557165,0.215001161
"Copeina_guttata",10737,"Teleostei","Characiformes","Lebiasinidae",8,4.108869504,0.559587759,0.574205749,0.603884074,0.208869138
"Copeina_osgoodi",51227,"Teleostei","Characiformes","Lebiasinidae",5.1,3.752622533,0.643751491,0.700881533,0.744897148,0.421383824
"Copella_arnoldi",10741,"Teleostei","Characiformes","Lebiasinidae",3.36,5.092822662,0.603653606,0.6,0.746979833,0.205911469
"Copella_compta",51369,"Teleostei","Characiformes","Lebiasinidae",5.06,5.724578748,0.573385519,0.511111111,0.700828526,0.218866667
"Copella_eigenmanni",27262,"Teleostei","Characiformes","Lebiasinidae",4,5.329515253,0.50213774,0.711869381,0.636540906,0.226369287
"Copella_nattereri",11911,"Teleostei","Characiformes","Lebiasinidae",4.5,4.155742685,0.65670154,0.616157674,0.716558756,0.130900576
"Copella_vilmae",11912,"Teleostei","Characiformes","Lebiasinidae",4.5,5.078843298,0.57895176,0.379207867,0.678552954,0.211001243
"Coptobrycon_bilineatus",58039,"Teleostei","Characiformes","Characidae",4.1,2.77698669,0.47722157,0.494390805,0.409981161,0.375816092
"Cordylancistrus_daguae",49818,"Teleostei","Siluriformes","Loricariidae",10,4.32313942,0.699078173,0.140786517,0,0
"Cordylancistrus_torbesensis",49924,"Teleostei","Siluriformes","Loricariidae",6.5,5.555555556,0.822555556,0.231624834,0,0
"Corumbataia_cuestae",58324,"Teleostei","Siluriformes","Loricariidae",3.3,5.199988,0.653177374,0.289249158,0,0
"Corumbataia_tocantinensis",58325,"Teleostei","Siluriformes","Loricariidae",4,4.517068305,0.52403241,0.287930986,0,0
"Corydoras_acrensis",12155,"Teleostei","Siluriformes","Callichthyidae",3,2.526447368,0.398894737,0.32062,0,"NA"
"Corydoras_acutus",12156,"Teleostei","Siluriformes","Callichthyidae",5.48,2.756443254,0.529303329,0.296555556,0,"NA"
"Corydoras_aeneus",7777,"Teleostei","Siluriformes","Callichthyidae",8,2.603979139,0.462014492,0.229761626,0,"NA"
"Corydoras_agassizii",13109,"Teleostei","Siluriformes","Callichthyidae",5.2,2.928484697,0.375093747,0.302631579,0,"NA"
"Corydoras_amandajanea",53694,"Teleostei","Siluriformes","Callichthyidae",6,3.007008818,0.440163261,0.328789954,0,"NA"
"Corydoras_amapaensis",12157,"Teleostei","Siluriformes","Callichthyidae",7,3.054997016,0.567017093,0.31225673,0,"NA"
"Corydoras_ambiacus",12158,"Teleostei","Siluriformes","Callichthyidae",5,2.708687907,0.397561638,0.320518421,0,"NA"
"Corydoras_amphibelus",46041,"Teleostei","Siluriformes","Callichthyidae","NA",2.452050859,0.377419935,0.320520706,0,0.093799796
"Corydoras_approuaguensis",46042,"Teleostei","Siluriformes","Callichthyidae",6,2.712106,0.528034,0.259091176,0,"NA"
"Corydoras_araguaiaensis",46043,"Teleostei","Siluriformes","Callichthyidae",4,2.33782641,0.430246738,0.323764857,0,"NA"
"Corydoras_arcuatus",12159,"Teleostei","Siluriformes","Callichthyidae",4,2.497738956,0.440623745,0.283039958,0,"NA"
"Corydoras_areio",56452,"Teleostei","Siluriformes","Callichthyidae",5,2.86749229,0.524653329,0.2478,0,"NA"
"Corydoras_armatus",46044,"Teleostei","Siluriformes","Callichthyidae",5,2.688725718,0.439394409,0.350679718,0,"NA"
"Corydoras_atropersonatus",46045,"Teleostei","Siluriformes","Callichthyidae",4.5,2.478280403,0.440271108,0.355552922,0,"NA"
"Corydoras_aurofrenatus",48825,"Teleostei","Siluriformes","Callichthyidae","NA",3.078657303,0.557567416,0.352459016,0,"NA"
"Corydoras_axelrodi",12160,"Teleostei","Siluriformes","Callichthyidae",4.2,2.546926887,0.458593923,0.302726009,0,"NA"
"Corydoras_baderi",46046,"Teleostei","Siluriformes","Callichthyidae",5,2.393761367,0.432874644,0.283943803,0,0.098936277
"Corydoras_bicolor",46047,"Teleostei","Siluriformes","Callichthyidae",3.02,2.553139579,0.404824812,0.281073025,0,"NA"
"Corydoras_bifasciatus",12162,"Teleostei","Siluriformes","Callichthyidae",5.15,2.804599856,0.438603481,0.237524864,0,"NA"
"Corydoras_bilineatus",61667,"Teleostei","Siluriformes","Callichthyidae",5.03,2.709077322,0.284904637,0.39456695,0,"NA"
"Corydoras_blochi",12164,"Teleostei","Siluriformes","Callichthyidae",5,2.569025862,0.509784483,0.323917769,0,"NA"
"Corydoras_boehlkei",46048,"Teleostei","Siluriformes","Callichthyidae",3,2.521623825,0.392315635,0.374381818,0,"NA"
"Corydoras_boesemani",46049,"Teleostei","Siluriformes","Callichthyidae","NA",2.655935484,0.41816129,0.313432836,0,"NA"
"Corydoras_bondi",12165,"Teleostei","Siluriformes","Callichthyidae",5,2.649041961,0.455201584,0.297854975,0,"NA"
"Corydoras_breei",53735,"Teleostei","Siluriformes","Callichthyidae",4,2.941176471,0.446882353,0.362571913,0,"NA"
"Corydoras_brevirostris",57886,"Teleostei","Siluriformes","Callichthyidae",5,2.419854431,0.474700483,0.272313545,0,"NA"
"Corydoras_britskii",13120,"Teleostei","Siluriformes","Callichthyidae",9,2.583627063,0.38899633,0.251265887,0,"NA"
"Corydoras_burgessi",46051,"Teleostei","Siluriformes","Callichthyidae",5,2.604173611,0.472423611,0.314413599,0,"NA"
"Corydoras_carlae",46052,"Teleostei","Siluriformes","Callichthyidae",5.35,3.033068182,0.495867769,0.254427215,0,"NA"
"Corydoras_caudimaculatus",12166,"Teleostei","Siluriformes","Callichthyidae",4.15,2.13986014,0.440590909,0.337563253,0,"NA"
"Corydoras_cervinus",46053,"Teleostei","Siluriformes","Callichthyidae",5,2.814676831,0.56390355,0.275978201,0,"NA"
"Corydoras_cochui",12167,"Teleostei","Siluriformes","Callichthyidae",2.5,3.508196721,0.502393443,0.289733333,0,"NA"
"Corydoras_concolor",46054,"Teleostei","Siluriformes","Callichthyidae",5.4,2.3271721,0.499069133,0.29411188,0,"NA"
"Corydoras_condiscipulus",46055,"Teleostei","Siluriformes","Callichthyidae",5.1,2.900400365,0.452354194,0.343014628,0,"NA"
"Corydoras_copei",46056,"Teleostei","Siluriformes","Callichthyidae",4,2.356277362,0.435113685,0.342165272,0,"NA"
"Corydoras_coriatae",53695,"Teleostei","Siluriformes","Callichthyidae",6.48,3.191443574,0.509382801,0.256876155,0,"NA"
"Corydoras_cruziensis",61668,"Teleostei","Siluriformes","Callichthyidae",4.26,2.384216202,0.3896245,0.323598645,0,"NA"
"Corydoras_delphax",46058,"Teleostei","Siluriformes","Callichthyidae",5,2.410841416,0.397731724,0.410640505,0,"NA"
"Corydoras_difluviatilis",60276,"Teleostei","Siluriformes","Callichthyidae",5,2.595282224,0.487455364,0.22586483,0,"NA"
"Corydoras_duplicareus",53689,"Teleostei","Siluriformes","Callichthyidae",4,2.824261139,0.489497426,0.338582677,0,"NA"
"Corydoras_ehrhardti",46059,"Teleostei","Siluriformes","Callichthyidae",4.68,3.046393335,0.44651705,0.311111111,0,"NA"
"Corydoras_elegans",12168,"Teleostei","Siluriformes","Callichthyidae",5.1,2.636638393,0.319991327,0.274907027,0,"NA"
"Corydoras_ellisae",46060,"Teleostei","Siluriformes","Callichthyidae",5,2.753395104,0.513717592,0.274061378,0,"NA"
"Corydoras_eques",46061,"Teleostei","Siluriformes","Callichthyidae",5,2.393049139,0.370943981,0.220796141,0,"NA"
"Corydoras_esperanzae",46062,"Teleostei","Siluriformes","Callichthyidae",5.08,2.438484902,0.447484211,0.290597786,0,0.093477535
"Corydoras_evelynae",46063,"Teleostei","Siluriformes","Callichthyidae",4,2.459033621,0.392279862,0.352812138,0,0.115168035
"Corydoras_filamentosus",46064,"Teleostei","Siluriformes","Callichthyidae",3.15,2.934522722,0.533044318,0.312156917,0,"NA"
"Corydoras_flaveolus",46065,"Teleostei","Siluriformes","Callichthyidae",3.82,3.016516641,0.529983855,0.317542105,0,"NA"
"Corydoras_fowleri",46066,"Teleostei","Siluriformes","Callichthyidae",6.51,3.149996229,0.582062187,0.201116649,0,"NA"
"Corydoras_garbei",46067,"Teleostei","Siluriformes","Callichthyidae",3.72,3.108731547,0.425376445,0.339210897,0,"NA"
"Corydoras_geoffroy",57890,"Teleostei","Siluriformes","Callichthyidae",7,2.825261977,0.611715086,0.233307368,0,"NA"
"Corydoras_geryi",46068,"Teleostei","Siluriformes","Callichthyidae",6,2.754041596,0.324758597,0.243883277,0,"NA"
"Corydoras_gomezi",46070,"Teleostei","Siluriformes","Callichthyidae",4,2.476462574,0.4038067,0.344840576,0,"NA"
"Corydoras_gossei",12171,"Teleostei","Siluriformes","Callichthyidae",6,2.417847578,0.41244358,0.260484501,0,"NA"
"Corydoras_gracilis",46079,"Teleostei","Siluriformes","Callichthyidae",2.32,3.279614394,0.380865188,0.391327808,0,"NA"
"Corydoras_griseus",12172,"Teleostei","Siluriformes","Callichthyidae",4.2,3.149872922,0.481343763,0.369219852,0,"NA"
"Corydoras_guapore",12176,"Teleostei","Siluriformes","Callichthyidae",4.1,2.710062385,0.341341571,0.366000219,0,"NA"
"Corydoras_guianensis",46082,"Teleostei","Siluriformes","Callichthyidae",4.2,2.490507614,0.490865131,0.308406309,0,"NA"
"Corydoras_habrosus",46083,"Teleostei","Siluriformes","Callichthyidae",2,3.102233765,0.403526831,0.48293144,0,"NA"
"Corydoras_hastatus",12178,"Teleostei","Siluriformes","Callichthyidae",2.4,2.907777778,0.333333333,0.434770007,0,"NA"
"Corydoras_heteromorphus",46097,"Teleostei","Siluriformes","Callichthyidae",5.3,2.719708333,0.528096591,0.192316767,0,"NA"
"Corydoras_imitator",46098,"Teleostei","Siluriformes","Callichthyidae",6,2.870755102,0.476190476,0.333318319,0,"NA"
"Corydoras_julii",10923,"Teleostei","Siluriformes","Callichthyidae",5.2,2.388141876,0.393160609,0.262468491,0,"NA"
"Corydoras_kanei",56533,"Teleostei","Siluriformes","Callichthyidae",4,2.523863453,0.453213766,0.3195472,0,"NA"
"Corydoras_lamberti",46099,"Teleostei","Siluriformes","Callichthyidae",4,2.663533026,0.397183163,0.322985196,0,"NA"
"Corydoras_latus",46100,"Teleostei","Siluriformes","Callichthyidae",5.2,2.368650218,0.431630273,0.207310175,0,"NA"
"Corydoras_leopardus",46101,"Teleostei","Siluriformes","Callichthyidae",6.1,2.642165782,0.42643066,0.357316549,0,"NA"
"Corydoras_leucomelas",46102,"Teleostei","Siluriformes","Callichthyidae",4.5,2.280220322,0.405093782,0.240122271,0,"NA"
"Corydoras_loretoensis",46104,"Teleostei","Siluriformes","Callichthyidae",4,2.815282344,0.440062117,0.358124036,0,"NA"
"Corydoras_loxozonus",46106,"Teleostei","Siluriformes","Callichthyidae",5,2.569990047,0.509324374,0.342606705,0,"NA"
"Corydoras_maculifer",12183,"Teleostei","Siluriformes","Callichthyidae",6,2.757420154,0.426802558,0.293697476,0,"NA"
"Corydoras_melanistius",10924,"Teleostei","Siluriformes","Callichthyidae",5.1,2.254534766,0.430677018,0.269183407,0,"NA"
"Corydoras_melanotaenia",46110,"Teleostei","Siluriformes","Callichthyidae",6,3.08413546,0.419948359,0.258428629,0,"NA"
"Corydoras_melini",12184,"Teleostei","Siluriformes","Callichthyidae",5,2.446039147,0.406649182,0.320857907,0,"NA"
"Corydoras_metae",12185,"Teleostei","Siluriformes","Callichthyidae",5,2.286006884,0.420915992,0.284624718,0,"NA"
"Corydoras_micracanthus",46125,"Teleostei","Siluriformes","Callichthyidae",4,3.817591649,0.451138083,0.21696626,0,"NA"
"Corydoras_multimaculatus",46126,"Teleostei","Siluriformes","Callichthyidae",5.1,2.318086355,0.452131956,0.223883164,0,"NA"
"Corydoras_nanus",46157,"Teleostei","Siluriformes","Callichthyidae",4.5,2.779099647,0.389619076,0.31458417,0,"NA"
"Corydoras_napoensis",46158,"Teleostei","Siluriformes","Callichthyidae",4.2,2.812687735,0.316148338,0.376342261,0,"NA"
"Corydoras_narcissus",46159,"Teleostei","Siluriformes","Callichthyidae",6.5,2.83497165,0.570344297,0.204077468,0,"NA"
"Corydoras_nattereri",12187,"Teleostei","Siluriformes","Callichthyidae",5.4,2.809997848,0.390819934,0.280967748,0,"NA"
"Corydoras_oiapoquensis",46164,"Teleostei","Siluriformes","Callichthyidae",4.5,2.375001047,0.446154415,0.269943692,0,"NA"
"Corydoras_ornatus",46168,"Teleostei","Siluriformes","Callichthyidae",5,2.857668688,0.407870708,0.309430916,0,"NA"
"Corydoras_orphnopterus",46169,"Teleostei","Siluriformes","Callichthyidae",6,2.623747981,0.383309774,0.244638908,0,"NA"
"Corydoras_osteocarus",46171,"Teleostei","Siluriformes","Callichthyidae",4,2.788003456,0.494557154,0.355619093,0,"NA"
"Corydoras_ourastigma",46174,"Teleostei","Siluriformes","Callichthyidae",6,2.760284108,0.497055342,0.367424112,0,"NA"
"Corydoras_paleatus",10926,"Teleostei","Siluriformes","Callichthyidae",6.6,2.540260251,0.36226584,0.318849734,0,"NA"
"Corydoras_panda",12188,"Teleostei","Siluriformes","Callichthyidae",4,2.765978723,0.425664894,0.371314516,0,"NA"
"Corydoras_pantanalensis",58333,"Teleostei","Siluriformes","Callichthyidae",7,2.569656309,0.418349969,0.259987001,0,"NA"
"Corydoras_parallelus",53682,"Teleostei","Siluriformes","Callichthyidae",5.15,2.392326712,0.411168898,0.282248836,0,"NA"
"Corydoras_pastazensis",12189,"Teleostei","Siluriformes","Callichthyidae",6.07,3.073188352,0.505719184,0.277945619,0,"NA"
"Corydoras_polystictus",46180,"Teleostei","Siluriformes","Callichthyidae",3.5,2.526506063,0.462563053,0.319983713,0,"NA"
"Corydoras_potaroensis",46182,"Teleostei","Siluriformes","Callichthyidae",4.12,2.447903299,0.505451836,0.276416496,0,"NA"
"Corydoras_pulcher",12192,"Teleostei","Siluriformes","Callichthyidae",5,2.425556291,0.455127652,0.309715756,0,"NA"
"Corydoras_punctatus",12193,"Teleostei","Siluriformes","Callichthyidae",7,2.279825158,0.468262065,0.30106361,0,"NA"
"Corydoras_pygmaeus",12194,"Teleostei","Siluriformes","Callichthyidae",2.1,3.517751544,0.386671613,0.461349665,0,"NA"
"Corydoras_rabauti",12195,"Teleostei","Siluriformes","Callichthyidae",5,2.398293394,0.386511991,0.278549877,0,"NA"
"Corydoras_reticulatus",10927,"Teleostei","Siluriformes","Callichthyidae",6.1,2.334168147,0.358403028,0.317026108,0,"NA"
"Corydoras_reynoldsi",46218,"Teleostei","Siluriformes","Callichthyidae",3.15,2.654657502,0.474093387,0.344628433,0,"NA"
"Corydoras_robineae",46219,"Teleostei","Siluriformes","Callichthyidae",4.39,2.966041991,0.418118213,0.37689443,0,"NA"
"Corydoras_robustus",46220,"Teleostei","Siluriformes","Callichthyidae",7.12,2.72767379,0.379197903,0.282888577,0,"NA"
"Corydoras_sarareensis",53692,"Teleostei","Siluriformes","Callichthyidae",4.4,2.772086065,0.563479562,0.263256098,0,"NA"
"Corydoras_schwartzi",46224,"Teleostei","Siluriformes","Callichthyidae",4,2.242319635,0.416202519,0.310071633,0,"NA"
"Corydoras_semiaquilus",46226,"Teleostei","Siluriformes","Callichthyidae",6,3.333402433,0.572384514,0.28411889,0,"NA"
"Corydoras_septentrionalis",46227,"Teleostei","Siluriformes","Callichthyidae",5,2.844925141,0.478599525,0.331442693,0,"NA"
"Corydoras_serratus",53690,"Teleostei","Siluriformes","Callichthyidae",5,2.608268422,0.574471206,0.281670089,0,"NA"
"Corydoras_seussi",53693,"Teleostei","Siluriformes","Callichthyidae",6,2.668368373,0.431674881,0.262543886,0,"NA"
"Corydoras_similis",49839,"Teleostei","Siluriformes","Callichthyidae",4,2.584726214,0.447591202,0.357533519,0,"NA"
"Corydoras_simulatus",46229,"Teleostei","Siluriformes","Callichthyidae",5,2.803872824,0.550113455,0.228391033,0,"NA"
"Corydoras_sipaliwini",57893,"Teleostei","Siluriformes","Callichthyidae",5,2.800807853,0.460647751,0.390333579,0,"NA"
"Corydoras_sodalis",46231,"Teleostei","Siluriformes","Callichthyidae",5,2.328065572,0.363471252,0.307545681,0,"NA"
"Corydoras_solox",46232,"Teleostei","Siluriformes","Callichthyidae",6.25,2.871294522,0.586698969,0.23557987,0,"NA"
"Corydoras_spectabilis",56455,"Teleostei","Siluriformes","Callichthyidae",5,2.488778601,0.430857935,0.317212036,0,"NA"
"Corydoras_spilurus",12196,"Teleostei","Siluriformes","Callichthyidae",6,2.971930283,0.551506785,0.288816077,0,"NA"
"Corydoras_splendens",12154,"Teleostei","Siluriformes","Callichthyidae",6.08,2.457697781,0.394966992,0.256851485,0,0.101940594
"Corydoras_stenocephalus",48829,"Teleostei","Siluriformes","Callichthyidae",6.35,2.925397418,0.546077082,0.335065747,0,"NA"
"Corydoras_sterbai",46235,"Teleostei","Siluriformes","Callichthyidae",7,2.329080728,0.431458917,0.292281852,0,"NA"
"Corydoras_surinamensis",46238,"Teleostei","Siluriformes","Callichthyidae",5.1,2.643946274,0.445453593,0.271120806,0,0.101263699
"Corydoras_sychri",46245,"Teleostei","Siluriformes","Callichthyidae",4.3,2.783891728,0.567120867,0.318695053,0,"NA"
"Corydoras_trilineatus",12199,"Teleostei","Siluriformes","Callichthyidae",6.1,2.303010361,0.425628625,0.294641547,0,"NA"
"Corydoras_undulatus",46246,"Teleostei","Siluriformes","Callichthyidae",4.4,2.394581813,0.340376468,0.411725075,0,"NA"
"Corydoras_weitzmani",12201,"Teleostei","Siluriformes","Callichthyidae","NA",2.415358022,0.443080904,0.270076975,0,"NA"
"Corydoras_xinguensis",12202,"Teleostei","Siluriformes","Callichthyidae",4,2.52283647,0.422305549,0.30916863,0,"NA"
"Corydoras_zygatus",46247,"Teleostei","Siluriformes","Callichthyidae",6,2.730263355,0.402207093,0.303817058,0,"NA"
"Corymbophanes_andersoni",48149,"Teleostei","Siluriformes","Loricariidae",9,6.146440808,0.911670857,0.218661538,0,0
"Corymbophanes_kaiei",57850,"Teleostei","Siluriformes","Loricariidae",7,5.312989422,0.585548033,0.202003249,0,0
"Corynopoma_riisei",12349,"Teleostei","Characiformes","Characidae",5,3.21618846,0.460898158,0.439085307,0.549029323,0.290123257
"Creagrutus_amoenus",51280,"Teleostei","Characiformes","Characidae",10.2,2.706463028,0.47546343,0.532084783,0.372543157,0.300790889
"Creagrutus_anary",51279,"Teleostei","Characiformes","Characidae",4.5,3.875826346,0.503269611,0.563063686,0.369365824,0.342909974
"Creagrutus_atratus",58434,"Teleostei","Characiformes","Characidae",7.01,3.478915326,0.5,0.443893532,0.413865938,0.484159036
"Creagrutus_atrisignum",51282,"Teleostei","Characiformes","Characidae",6,3.455467993,0.546995428,0.542607116,0.374201268,0.273013157
"Creagrutus_barrigai",58436,"Teleostei","Characiformes","Characidae",5.33,3.249985197,0.537830343,0.470069032,0.413898593,0.243941294
"Creagrutus_beni",12351,"Teleostei","Characiformes","Characidae",7.3,3.100514422,0.498191661,0.466966667,0.549836014,0.2544
"Creagrutus_bolivari",51277,"Teleostei","Characiformes","Characidae",5.2,3.676171955,0.527669737,0.49221384,0.402292733,0.287408737
"Creagrutus_britskii",58437,"Teleostei","Characiformes","Characidae",5.25,3.080327954,0.487537405,0.414994588,0.326875732,0.468102156
"Creagrutus_calai",58438,"Teleostei","Characiformes","Characidae",7,3.796183905,0.51029801,0.489216595,0.362815418,0.439121371
"Creagrutus_changae",58439,"Teleostei","Characiformes","Characidae",7,3.506643289,0.534996433,0.525532101,0.374217505,0.214674389
"Creagrutus_cochui",51134,"Teleostei","Characiformes","Characidae",11.3,3.944539538,0.419313846,0.487603027,0.327189956,0.34972498
"Creagrutus_cracentis",58440,"Teleostei","Characiformes","Characidae",6,5.156977018,0.541328354,0.53848543,0.376043229,0.215059281
"Creagrutus_figueiredoi",58443,"Teleostei","Characiformes","Characidae",6.33,3.545102943,0.484755115,0.474719898,0.349858832,0.485687609
"Creagrutus_flavescens",58444,"Teleostei","Characiformes","Characidae",9.38,2.979086415,0.456186776,0.448424785,0.373580026,0.464569552
"Creagrutus_gephyrus",53429,"Teleostei","Characiformes","Characidae",6.5,3.893443206,0.467707044,0.522525434,0.29677782,0.247835984
"Creagrutus_gracilis",58445,"Teleostei","Characiformes","Characidae",8,3.764428463,0.468602621,0.474353968,0.346367805,0.431560813
"Creagrutus_gyrospilus",58446,"Teleostei","Characiformes","Characidae",6.23,3.340493961,0.505867623,0.505458476,0.351658401,0.486696863
"Creagrutus_holmi",58447,"Teleostei","Characiformes","Characidae",9.2,3.287171426,0.617144922,0.39338921,0.526463738,0.248702335
"Creagrutus_ignotus",58448,"Teleostei","Characiformes","Characidae",6.23,4.459576668,0.56840367,0.472134056,0.343866472,0.479031815
"Creagrutus_kunturus",52030,"Teleostei","Characiformes","Characidae",10,3.220879868,0.546624187,0.407377231,0.430225054,0.465842036
"Creagrutus_machadoi",58450,"Teleostei","Characiformes","Characidae",4.45,3.946370407,0.729141166,0.463014167,0.560444804,0.497069085
"Creagrutus_magoi",58451,"Teleostei","Characiformes","Characidae",6.48,3.52829014,0.534585223,0.427552176,0.378164049,0.380462725
"Creagrutus_manu",58452,"Teleostei","Characiformes","Characidae",4,3.031879166,0.493489945,0.544879928,0.361029149,0.148965374
"Creagrutus_maxillaris",51314,"Teleostei","Characiformes","Characidae",7.2,4.369155352,0.524043671,0.56803759,0.391947332,0.589560098
"Creagrutus_melanzonus",28003,"Teleostei","Characiformes","Characidae",4,4.244025362,0.507930052,0.507368175,0.262713311,0.242669724
"Creagrutus_melasma",51887,"Teleostei","Characiformes","Characidae",4,3.131561296,0.563145981,0.518286029,0.441423609,0.310105216
"Creagrutus_menezesi",58453,"Teleostei","Characiformes","Characidae",8,3.342644802,0.525963593,0.451859393,0.3784745,0.364360512
"Creagrutus_meridionalis",58454,"Teleostei","Characiformes","Characidae",11,3.281721766,0.512700104,0.432926352,0.360407133,0.487963718
"Creagrutus_molinus",58455,"Teleostei","Characiformes","Characidae",6,4.520410293,0.505786796,0.478400168,0.337311588,0.453662123
"Creagrutus_mucipu",58456,"Teleostei","Characiformes","Characidae",6,3.31642577,0.524067227,0.427315202,0.443551821,0.255610732
"Creagrutus_muelleri",51278,"Teleostei","Characiformes","Characidae",11,3.283314631,0.517184239,0.454360117,0.37802999,0.439328042
"Creagrutus_occidaneus",58457,"Teleostei","Characiformes","Characidae",7,3.533374726,0.525047047,0.457064571,0.415871878,0.407570423
"Creagrutus_ortegai",58458,"Teleostei","Characiformes","Characidae",7.11,3.347838129,0.562468072,0.500018267,0.402148023,0.377558849
"Creagrutus_ouranonastes",58459,"Teleostei","Characiformes","Characidae",10,4.166656398,0.683649289,0.475509598,0.507900474,0.311727448
"Creagrutus_paraguayensis",53430,"Teleostei","Characiformes","Characidae",6,3.488010289,0.562873326,0.486068004,0.48802884,0.352355459
"Creagrutus_pearsoni",56458,"Teleostei","Characiformes","Characidae",3.4,3.306090635,0.659498594,0.421108691,0.614287582,0.251283799
"Creagrutus_peruanus",51135,"Teleostei","Characiformes","Characidae",9,3.359758013,0.47337259,0.404456912,0.383835861,0.31258498
"Creagrutus_petilus",58460,"Teleostei","Characiformes","Characidae",5,3.759503592,0.589398054,0.505709853,0.453635395,0.344924121
"Creagrutus_phasma",51275,"Teleostei","Characiformes","Characidae",7,4.645769781,0.701351709,0.515356623,0.525765735,0.421842795
"Creagrutus_pila",58461,"Teleostei","Characiformes","Characidae",7.05,4.0365179,0.518709627,0.484965528,0.340989399,0.263409957
"Creagrutus_planquettei",28004,"Teleostei","Characiformes","Characidae",7,3.876858699,0.655317215,0.473150137,0.557495988,0.304890996
"Creagrutus_provenzanoi",58462,"Teleostei","Characiformes","Characidae",6,3.665149424,0.539197715,0.534431552,0.369918783,0.478039818
"Creagrutus_runa",58463,"Teleostei","Characiformes","Characidae",6.27,5.195402627,0.529688587,0.527911977,0.305116554,0.422505515
"Creagrutus_saxatilis",58464,"Teleostei","Characiformes","Characidae",8.17,3.202501235,0.539247384,0.475253285,0.45568391,0.431259124
"Creagrutus_seductus",58465,"Teleostei","Characiformes","Characidae",7.03,3.912692953,0.587499656,0.44083922,0.453154665,0.431195049
"Creagrutus_taphorni",58466,"Teleostei","Characiformes","Characidae",7.41,3.18547414,0.505382768,0.513813398,0.362959058,0.423354293
"Creagrutus_ungulus",58467,"Teleostei","Characiformes","Characidae",10.9,3.504501371,0.474474731,0.437526318,0.29730049,0.466341941
"Creagrutus_vexillapinnus",58469,"Teleostei","Characiformes","Characidae",5.04,3.092991101,0.512563443,0.541726611,0.389443977,0.409894387
"Creagrutus_xiphos",58470,"Teleostei","Characiformes","Characidae",3,3.422162678,0.545695855,0.523608175,0.381825826,0.468694944
"Creagrutus_zephyrus",58471,"Teleostei","Characiformes","Characidae",4,4.241247342,0.594934537,0.556246953,0.436413145,0.445099724
"Crenicara_latruncularium",57480,"Teleostei","Perciformes","Cichlidae",9,3.077507245,0.624617213,0.470157161,0.427820238,0.22986712
"Crenicichla_acutirostris",46805,"Teleostei","Perciformes","Cichlidae",23,5.403605098,0.66691304,0.48545037,0.615219851,0.636978523
"Crenicichla_adspersa",46808,"Teleostei","Perciformes","Cichlidae",29,4.597157892,0.479479362,0.433727479,0.404527732,0.562054542
"Crenicichla_albopunctata",46809,"Teleostei","Perciformes","Cichlidae",14,4.585107574,0.568925399,0.490342212,0.534438273,0.547958077
"Crenicichla_alta",23394,"Teleostei","Perciformes","Cichlidae",16,3.868410631,0.596971754,0.421758338,0.536116887,0.658666391
"Crenicichla_anthurus",26688,"Teleostei","Perciformes","Cichlidae",22.4,3.966329014,0.490245346,0.514435962,0.397211077,0.834214605
"Crenicichla_britskii",46821,"Teleostei","Perciformes","Cichlidae",14.5,3.57339549,0.557877507,0.477462538,0.511778465,0.530409841
"Crenicichla_cametana",46848,"Teleostei","Perciformes","Cichlidae",18.3,5.357946515,0.494346681,0.527065183,0.476735486,0.743441851
"Crenicichla_celidochilus",46824,"Teleostei","Perciformes","Cichlidae",26.8,4.317695613,0.537922818,0.440749757,0.404127133,0.773961133
"Crenicichla_cincta",46351,"Teleostei","Perciformes","Cichlidae",20,3.872679679,0.592412416,0.409,0.451615409,0.714258427
"Crenicichla_compressiceps",46840,"Teleostei","Perciformes","Cichlidae",6,4.911376225,0.587848317,0.520675225,0.510080954,0.401919758
"Crenicichla_cyclostoma",46845,"Teleostei","Perciformes","Cichlidae",10,4.625711503,0.568427477,0.42733437,0.483927377,0.589933218
"Crenicichla_frenata",52191,"Teleostei","Perciformes","Cichlidae",12,3.769976203,0.507871086,0.386241062,0.376217463,0.692264574
"Crenicichla_gaucho",46855,"Teleostei","Perciformes","Cichlidae",13,4.21365972,0.578671106,0.438930684,0.443813576,0.61588887
"Crenicichla_geayi",12329,"Teleostei","Perciformes","Cichlidae",13,5.141645701,0.492513943,0.626266667,0.469448794,0.5831
"Crenicichla_haroldoi",52206,"Teleostei","Perciformes","Cichlidae",10,4.044994444,0.666666667,0.281690141,0.488888889,0.410147887
"Crenicichla_heckeli",46856,"Teleostei","Perciformes","Cichlidae",5.22,4.430023252,0.624630979,0.516252917,0.516054027,0.658094632
"Crenicichla_hemera",46857,"Teleostei","Perciformes","Cichlidae",10,4.954096676,0.58873912,0.543049933,0.496978276,0.553423774
"Crenicichla_hummelincki",56539,"Teleostei","Perciformes","Cichlidae",11,4.207921195,0.487505176,0.462369998,0.408116713,0.674782388
"Crenicichla_igara",46858,"Teleostei","Perciformes","Cichlidae",31.2,4.566358459,0.598386152,0.437096782,0.345242748,0.62476245
"Crenicichla_inpa",56544,"Teleostei","Perciformes","Cichlidae",17,4.403185072,0.571762258,0.461309524,0.446080163,0.566671981
"Crenicichla_isbrueckeri",56541,"Teleostei","Perciformes","Cichlidae",10,4.212846051,0.63696252,0.367219515,0.583818738,0.424085732
"Crenicichla_jaguarensis",52204,"Teleostei","Perciformes","Cichlidae",15,4.38774085,0.594093954,0.445450429,0.472087025,0.626161802
"Crenicichla_jegui",46861,"Teleostei","Perciformes","Cichlidae",20,6.205166404,0.7379048,0.324914718,0.543499327,0.938124204
"Crenicichla_johanna",26682,"Teleostei","Perciformes","Cichlidae",28.3,4.681725219,0.557182368,0.465662268,0.449744856,0.608925277
"Crenicichla_jupiaensis",46864,"Teleostei","Perciformes","Cichlidae",9.3,3.866675083,0.73367685,0.297973612,0.537682375,0.409218776
"Crenicichla_jurubi",46870,"Teleostei","Perciformes","Cichlidae",30.3,4.372108825,0.66671137,0.337232097,0.379663654,0.676516637
"Crenicichla_lacustris",46875,"Teleostei","Perciformes","Cichlidae",35.2,4.901218351,0.604770092,0.279108641,0.446104006,0.630583204
"Crenicichla_lenticulata",46876,"Teleostei","Perciformes","Cichlidae",30,3.925170036,0.595362519,0.405845455,0.459524598,0.451445455
"Crenicichla_lepidota",11159,"Teleostei","Perciformes","Cichlidae",20.9,3.322683601,0.510887623,0.483294643,0.369589532,0.488464286
"Crenicichla_lucius",26687,"Teleostei","Perciformes","Cichlidae",17,4.664315748,0.533688401,0.469492105,0.45365252,0.65039699
"Crenicichla_lugubris",46877,"Teleostei","Perciformes","Cichlidae",32.9,4.668999569,0.652777911,0.4474375,0.58575332,0.552421875
"Crenicichla_marmorata",52192,"Teleostei","Perciformes","Cichlidae",28,4.082461977,0.593495383,0.318517647,0.50706138,0.616835294
"Crenicichla_minuano",46881,"Teleostei","Perciformes","Cichlidae",26,3.976723483,0.412722301,0.473346289,0.250246908,0.615114019
"Crenicichla_missioneira",46885,"Teleostei","Perciformes","Cichlidae",28.3,4.446535599,0.588674175,0.34356382,0.365251675,0.923285236
"Crenicichla_multispinosa",46890,"Teleostei","Perciformes","Cichlidae",22.5,5.989408002,0.577692848,0.540492284,0.430496841,0.767325596
"Crenicichla_nickeriensis",46893,"Teleostei","Perciformes","Cichlidae",19.1,4.7126563,0.625961847,0.471968155,0.58663033,0.545367529
"Crenicichla_notophthalmus",52205,"Teleostei","Perciformes","Cichlidae",8,6.362416753,0.491299996,0.703004387,0.563306001,0.672155273
"Crenicichla_pellegrini",56537,"Teleostei","Perciformes","Cichlidae",16,4.603930502,0.52192037,0.558031172,0.389595729,0.386790923
"Crenicichla_percna",46903,"Teleostei","Perciformes","Cichlidae",22,4.70518496,0.565254683,0.393177607,0.474600891,0.851653175
"Crenicichla_phaiospilus",46904,"Teleostei","Perciformes","Cichlidae",24,4.60205066,0.593489877,0.403501703,0.456713745,0.639976975
"Crenicichla_prenda",46906,"Teleostei","Perciformes","Cichlidae",9,4.11272803,0.577477242,0.408868387,0.40844623,0.64347791
"Crenicichla_proteus",26685,"Teleostei","Perciformes","Cichlidae",16,3.319879826,0.535325767,0.462202832,0.460593803,0.59506145
"Crenicichla_pydanielae",56536,"Teleostei","Perciformes","Cichlidae",18,4.271664559,0.527797929,0.533092518,0.51469176,0.519612077
"Crenicichla_regani",46910,"Teleostei","Perciformes","Cichlidae",8,4.431634983,0.52608098,0.574125742,0.462713167,0.518050016
"Crenicichla_reticulata",25779,"Teleostei","Perciformes","Cichlidae",22,4.185645285,0.636155319,0.424407435,0.557538166,0.748219729
"Crenicichla_rosemariae",46476,"Teleostei","Perciformes","Cichlidae",24.4,4.050746349,0.561238267,0.397933432,0.449842662,0.630341412
"Crenicichla_santosi",56535,"Teleostei","Perciformes","Cichlidae",12,3.521312332,0.533540271,0.408767057,0.368921718,0.413053979
"Crenicichla_saxatilis",12312,"Teleostei","Perciformes","Cichlidae",20,4.377705189,0.533225945,0.430745567,0.475475521,0.566411286
"Crenicichla_scottii",46911,"Teleostei","Perciformes","Cichlidae",17,3.615232314,0.477927863,0.272922319,0.317698089,0.804145713
"Crenicichla_sedentaria",26681,"Teleostei","Perciformes","Cichlidae",22.1,3.999983165,0.504325736,0.567684678,0.359888755,0.531093416
"Crenicichla_semicincta",26683,"Teleostei","Perciformes","Cichlidae",17.1,3.525989329,0.652467988,0.497521036,0.600640244,0.599744337
"Crenicichla_strigata",52193,"Teleostei","Perciformes","Cichlidae",30,4.554147171,0.541931093,0.485135417,0.426564582,0.643479167
"Crenicichla_sveni",56542,"Teleostei","Perciformes","Cichlidae",25,4.088746769,0.430391896,0.41584545,0.299139045,0.736002874
"Crenicichla_tendybaguassu",46915,"Teleostei","Perciformes","Cichlidae",15.2,4.635918942,0.631442928,0.457166667,0.400981526,0.773679487
"Crenicichla_ternetzi",46917,"Teleostei","Perciformes","Cichlidae",24.5,5.488777539,0.66094011,0.490267729,0.528736181,0.687739044
"Crenicichla_tigrina",52207,"Teleostei","Perciformes","Cichlidae",28,4.590709854,0.604039772,0.325093394,0.644209787,0.809782382
"Crenicichla_urosema",46921,"Teleostei","Perciformes","Cichlidae",7,4.850639324,0.46071951,0.637075021,0.554532156,0.473252677
"Crenicichla_virgatula",56543,"Teleostei","Perciformes","Cichlidae",7,4.382109695,0.625015454,0.583554776,0.560739454,0.28578473
"Crenicichla_vittata",46924,"Teleostei","Perciformes","Cichlidae",26,4.025641026,0.517948718,0.404087775,0.441025641,0.815493553
"Crenicichla_wallacii",46928,"Teleostei","Perciformes","Cichlidae",8.5,6.081930597,0.566538262,0.624317492,0.497717856,0.44218908
"Crenuchus_spilurus",12352,"Teleostei","Characiformes","Crenuchidae",6,3.231409399,0.503201112,0.386268374,0.464448195,0.332847593
"Crossoloricaria_cephalaspis",50641,"Teleostei","Siluriformes","Loricariidae",11,11.21110635,0.643459012,0.318139706,0,0
"Crossoloricaria_variegata",50643,"Teleostei","Siluriformes","Loricariidae",26.5,9.908818493,0.724196157,0.310555556,0,0
"Cteniloricaria_platystoma",48316,"Teleostei","Siluriformes","Loricariidae",20,11.7619245,0.5607698,0.391423452,0,0
"Ctenobrycon_hauxwellianus",26443,"Teleostei","Characiformes","Characidae",8,2.123853755,0.52173913,0.467758898,0.543478261,0.286213828
"Ctenobrycon_spilurus",10629,"Teleostei","Characiformes","Characidae",8,2.103099227,0.510310567,0.484662577,0.543828608,0.164846626
"Ctenolucius_beani",27221,"Teleostei","Characiformes","Ctenoluciidae",29,8.372307131,0.706763224,0.543804523,0.666891219,1.780460578
"Ctenolucius_hujeta",12407,"Teleostei","Characiformes","Ctenoluciidae",26,6.660368145,0.72579048,0.464986515,0.72579048,1.846670697
"Curculionichthys_insperatus",61602,"Teleostei","Siluriformes","Loricariidae",3.02,5.2153361,0.639597023,0.289608412,0,0
"Curimata_aspera",51238,"Teleostei","Characiformes","Curimatidae",21.2,2.399722045,0.469648562,0.418439716,0.45686901,0.326241135
"Curimata_cerasina",51304,"Teleostei","Characiformes","Curimatidae",17,2.477735336,0.453552195,0.444458845,0.478896746,0.198770587
"Curimata_cisandina",51250,"Teleostei","Characiformes","Curimatidae",12.2,2.617934475,0.403264081,0.461258216,0.385072749,0.332122595
"Curimata_cyprinoides",27823,"Teleostei","Characiformes","Curimatidae",23,2.540404528,0.550206873,0.493549629,0.51047227,0.27990517
"Curimata_incompta",51257,"Teleostei","Characiformes","Curimatidae",16.7,2.859052616,0.502417472,0.400420144,0.418660706,0.271011958
"Curimata_inornata",25640,"Teleostei","Characiformes","Curimatidae",14,2.599545183,0.47524854,0.47498529,0.401409721,0.186087894
"Curimata_knerii",51259,"Teleostei","Characiformes","Curimatidae",18,2.492537313,0.52238806,0.494505495,0.517412935,0.197802198
"Curimata_mivartii",51262,"Teleostei","Characiformes","Curimatidae",32,3.358160467,0.485216571,0.4375,0.495968156,0.2948125
"Curimata_ocellata",51254,"Teleostei","Characiformes","Curimatidae",22.5,4.533686952,0.412703104,0.561768902,0.44083814,0.230568576
"Curimata_roseni",51260,"Teleostei","Characiformes","Curimatidae",19.5,2.220854326,0.492920774,0.451706289,0.448751369,0.119012435
"Curimata_vittata",13251,"Teleostei","Characiformes","Curimatidae",19.6,3.41100813,0.491398676,0.515856639,0.371644962,0.244484302
"Curimatella_dorsalis",51877,"Teleostei","Characiformes","Curimatidae",14.9,"NA","NA",0.591356699,"NA","NA"
"Curimatella_immaculata",51878,"Teleostei","Characiformes","Curimatidae",18.8,2.988197104,0.527850216,0.506619382,0.509324152,0.169690829
"Curimatella_lepidura",51876,"Teleostei","Characiformes","Curimatidae",11.3,2.668417022,0.424898808,0.376277139,0.394859325,0.219588123
"Curimatella_meyeri",51321,"Teleostei","Characiformes","Curimatidae",17.2,3.270092652,0.443838169,0.572085649,0.477090384,0.23773337
"Curimatopsis_evelynae",11890,"Teleostei","Characiformes","Curimatidae",4,3.592567868,0.41859368,0.704235574,0.441637739,"NA"
"Curimatopsis_macrolepis",11891,"Teleostei","Characiformes","Curimatidae",6,3.019365571,0.52235392,0.714102181,0.487640781,0.280669256
"Curimatopsis_microlepis",51879,"Teleostei","Characiformes","Curimatidae",9,2.740005504,0.529255313,0.526797341,0.559827057,0.567945994
"Curimatopsis_myersi",51880,"Teleostei","Characiformes","Curimatidae",4.35,3.125815734,0.446576201,0.696921539,0.414495366,0.21796543
"Cynodon_gibbus",25715,"Teleostei","Characiformes","Cynodontidae",32.2,3.21507641,0.617013904,0.431865909,0.725770743,0.832824363
"Cynodon_meionactis",57022,"Teleostei","Characiformes","Cynodontidae",30,3.697741246,0.620868887,0.358490566,0.653928781,0.711245283
"Cynodon_septenarius",57795,"Teleostei","Characiformes","Cynodontidae",31.2,3.680157382,0.565333345,0.376362434,0.716208849,0.947805002
"Cynodonichthys_boehlkei",49736,"Teleostei","Cyprinodontiformes","Rivulidae",4.5,4.32199869,0.546044055,0.656396337,0.592639302,0.350505098
"Cynodonichthys_elegans",49749,"Teleostei","Cyprinodontiformes","Rivulidae",6.5,4.741132042,0.493008803,0.611101781,0.507042254,0.342997528
"Cynodonichthys_magdalenae",11887,"Teleostei","Cyprinodontiformes","Rivulidae",7,5.205537695,0.555761346,0.679799043,0.634726493,0.169661828
"Cynodonichthys_pacificus",49783,"Teleostei","Cyprinodontiformes","Rivulidae",8,4.916865497,0.463264316,0.568474567,0.481799984,0.4243903
"Cynolebias_attenuatus",58522,"Teleostei","Cyprinodontiformes","Rivulidae",11,3.779278007,0.470267217,0.421052632,0.470267217,0.253017544
"Cynolebias_gilbertoi",49698,"Teleostei","Cyprinodontiformes","Rivulidae",5,2.952397575,0.401593447,0.428613259,0.315581155,0.325614817
"Cynolebias_leptocephalus",49519,"Teleostei","Cyprinodontiformes","Rivulidae",13,3.349189168,0.538971614,0.441526482,0.513627632,0.139866304
"Cynopotamus_amazonum",51136,"Teleostei","Characiformes","Characidae",17,3.114305178,0.496306597,0.324588887,0.577331114,0.845628385
"Cynopotamus_argenteus",23495,"Teleostei","Characiformes","Characidae",29.5,3.200889515,0.460514921,0.39361645,0.550794839,1.158048396
"Cynopotamus_atratoensis",57976,"Teleostei","Characiformes","Characidae",35,2.449534886,0.524481822,0.274641118,0.569712891,0.990134046
"Cynopotamus_essequibensis",27860,"Teleostei","Characiformes","Characidae",16,2.902682666,0.565723414,0.430250366,0.615201807,0.817207331
"Cynopotamus_kincaidi",57801,"Teleostei","Characiformes","Characidae",25.8,2.254404293,0.529757846,0.367128205,0.587415048,0.897435897
"Cynopotamus_magdalenae",57977,"Teleostei","Characiformes","Characidae",40,3.162084976,0.515907287,0.390625,0.544947226,1.07221875
"Cynopotamus_tocantinensis",52550,"Teleostei","Characiformes","Characidae",21,2.816362116,0.499988999,0.406364252,0.549334976,0.788948492
"Cyphocharax_abramoides",25643,"Teleostei","Characiformes","Curimatidae",21.3,2.141961909,0.48586485,0.651555309,0.436389117,0.256126063
"Cyphocharax_festivus",51264,"Teleostei","Characiformes","Curimatidae",16.7,3.065742214,0.52163154,0.558823529,0.432572338,0.237132353
"Cyphocharax_gangamon",51352,"Teleostei","Characiformes","Curimatidae",5,2.617862206,0.557480206,0.505882353,0.545576679,0.174894118
"Cyphocharax_gilbert",23442,"Teleostei","Characiformes","Curimatidae",24.2,3.090805658,0.542210788,0.582063754,0.529746027,0.282045399
"Cyphocharax_gillii",51392,"Teleostei","Characiformes","Curimatidae",10,2.854422187,0.573512977,0.577742107,0.554347219,0.413404501
"Cyphocharax_gouldingi",51382,"Teleostei","Characiformes","Curimatidae",15.8,2.891997951,0.518085575,0.525135982,0.387347722,0.434317796
"Cyphocharax_helleri",27826,"Teleostei","Characiformes","Curimatidae",10,3.079230621,0.523456609,0.555307442,0.497397413,0.165984011
"Cyphocharax_laticlavius",53100,"Teleostei","Characiformes","Curimatidae",5.3,2.742406974,0.531622528,0.500022836,0.519928485,0.2774086
"Cyphocharax_leucostictus",51252,"Teleostei","Characiformes","Curimatidae",15.8,3.357644295,0.503355705,0.5125,0.389261745,0.3
"Cyphocharax_magdalenae",48997,"Teleostei","Characiformes","Curimatidae",24,2.673678783,0.419616564,0.424118188,0.419611356,0.179018267
"Cyphocharax_meniscaprorus",51364,"Teleostei","Characiformes","Curimatidae",6,3.290541431,0.456255169,0.613774388,0.339518381,0.202790264
"Cyphocharax_mestomyllon",51332,"Teleostei","Characiformes","Curimatidae",4.2,3.47951707,0.492151175,0.62798726,0.35121004,0.310557479
"Cyphocharax_microcephalus",51310,"Teleostei","Characiformes","Curimatidae",17,2.509854528,0.434267594,0.535628203,0.400971233,0.232784017
"Cyphocharax_modestus",51340,"Teleostei","Characiformes","Curimatidae",16.2,2.861813512,0.480579203,0.474956366,0.402767802,0.208618231
"Cyphocharax_multilineatus",26518,"Teleostei","Characiformes","Curimatidae",11,2.962291602,0.49087694,0.652631579,0.397281175,0.263157895
"Cyphocharax_nigripinnis",51265,"Teleostei","Characiformes","Curimatidae",6.5,3.451958441,0.536714067,0.453205037,0.480217849,0.321296165
"Cyphocharax_notatus",51263,"Teleostei","Characiformes","Curimatidae",14.7,3.030928081,0.481719977,0.574915858,0.408731137,0.225945357
"Cyphocharax_oenas",51397,"Teleostei","Characiformes","Curimatidae",5,2.759433467,0.474674444,0.58070974,0.472077303,0.256153327
"Cyphocharax_pantostictos",51255,"Teleostei","Characiformes","Curimatidae",10,2.961231139,0.497624955,0.486927692,0.449029233,0.114281825
"Cyphocharax_platanus",23440,"Teleostei","Characiformes","Curimatidae",13.4,2.924780076,0.556977642,0.402584293,0.533668157,0.451858345
"Cyphocharax_plumbeus",51307,"Teleostei","Characiformes","Curimatidae",18,3.210650463,0.488430556,0.45026178,0.511578704,0.240895288
"Cyphocharax_punctatus",27827,"Teleostei","Characiformes","Curimatidae",4.3,3.13579145,0.509871171,0.717088071,0.442573929,0.235849577
"Cyphocharax_saladensis",11888,"Teleostei","Characiformes","Curimatidae",9.8,2.707905235,0.559814868,0.497561321,0.534639729,0.176923289
"Cyphocharax_signatus",51322,"Teleostei","Characiformes","Curimatidae",3.3,2.989800744,0.508897594,0.581152482,0.491187026,0.141714035
"Cyphocharax_spilotus",51324,"Teleostei","Characiformes","Curimatidae",10.4,2.823703268,0.572562092,0.42019325,0.513739869,0.356672735
"Cyphocharax_spiluropsis",51395,"Teleostei","Characiformes","Curimatidae",9,2.690425626,0.458147186,0.520547945,0.449355179,0.159753425
"Cyphocharax_spilurus",27828,"Teleostei","Characiformes","Curimatidae",10.4,3.196344369,0.539439489,0.515859375,0.44025945,0.22371875
"Cyphocharax_stilbolepis",51218,"Teleostei","Characiformes","Curimatidae",17,2.916907171,0.478591908,0.585624504,0.435770976,0.329188367
"Cyphocharax_vanderi",51316,"Teleostei","Characiformes","Curimatidae",7,2.930603013,0.368372314,0.598519653,0.324336051,0.212009233
"Cyphocharax_vexillapinnus",51256,"Teleostei","Characiformes","Curimatidae",6.3,2.362982921,0.50277906,0.526310696,0.466283879,0.259512222
"Cyphocharax_voga",51337,"Teleostei","Characiformes","Curimatidae",26.3,2.834810738,0.581120084,0.518172139,0.545736673,0.276380536
"Daector_gerringi",50292,"Teleostei","Batrachoidiformes","Batrachoididae",22,4.370634716,0.899034241,0.140586443,0.839735578,0.554860144
"Daector_quadrizonatus",53569,"Teleostei","Batrachoidiformes","Batrachoididae",18,3.768582867,0.740856552,0.212783363,0.679827931,0.785071534
"Dasyloricaria_latiura",50608,"Teleostei","Siluriformes","Loricariidae",36,7.087828317,0.632045429,0.209644444,0,0
"Dekeyseria_amazonica",53566,"Teleostei","Siluriformes","Loricariidae",18,5.918065405,0.516667517,0.331044026,0,0
"Dekeyseria_niveata",49962,"Teleostei","Siluriformes","Loricariidae",13,5.450873239,0.553788732,0.446596491,0,0
"Delturus_angulicauda",48838,"Teleostei","Siluriformes","Loricariidae",19,5.269936508,0.762063492,0.226022071,0,0
"Delturus_parahybae",48841,"Teleostei","Siluriformes","Loricariidae",21,5.000131737,0.603095808,0.382481394,0,0
"Dentectus_barbarmatus",50645,"Teleostei","Siluriformes","Loricariidae",14,10.17426818,0.526298028,0.368815446,0,0
"Denticetopsis_macilenta",48623,"Teleostei","Siluriformes","Cetopsidae",7,4.822366566,0.486186807,0.210446568,0.38928303,0.348352203
"Denticetopsis_praecox",53663,"Teleostei","Siluriformes","Cetopsidae",5.29,4.683443373,0.54257727,0.225375116,0.455328381,0.381603651
"Denticetopsis_royeroi",53662,"Teleostei","Siluriformes","Cetopsidae",2,3.932268803,0.495214088,0.271362296,0.298723331,0.462533587
"Denticetopsis_sauli",53661,"Teleostei","Siluriformes","Cetopsidae",2.1,4.661899504,0.624512173,0.164954671,0.426211408,0.720791758
"Derhamia_hoffmannorum",60496,"Teleostei","Characiformes","Lebiasinidae",6.14,4.694062356,0.522687721,0.517222275,0.600784607,0.402999331
"Dianema_longibarbis",12203,"Teleostei","Siluriformes","Callichthyidae",8.2,3.222582082,0.410444921,0.44841442,0.309258734,0.189590447
"Dianema_urostriatum",12204,"Teleostei","Siluriformes","Callichthyidae",8.4,3.533028797,0.403918212,0.369391672,0.361748958,"NA"
"Diapoma_terofali",56440,"Teleostei","Characiformes","Characidae",5,2.926633533,0.583747185,0.60822915,0.662510065,0.276749015
"Dicrossus_filamentosus",12325,"Teleostei","Perciformes","Cichlidae",4,3.929347543,0.549216808,0.623506494,0.333947602,0.151454545
"Dicrossus_maculatus",46804,"Teleostei","Perciformes","Cichlidae",6,3.820032313,0.531725474,0.602860621,0.326369671,0.269792757
"Dicrossus_warzeli",65775,"Teleostei","Perciformes","Cichlidae",6,3.334308646,0.575473281,0.507621274,0.378172003,0.37004995
"Diplomystes_camposensis",10394,"Teleostei","Siluriformes","Diplomystidae",25,5.113969737,0.617536882,0.331368364,0.28404571,0.522124554
"Diplomystes_chilensis",6184,"Teleostei","Siluriformes","Diplomystidae",23,5.061251064,0.519148936,0.25669394,0.157961702,0.686944616
"Diplomystes_nahuelbutaensis",10395,"Teleostei","Siluriformes","Diplomystidae",26,4.368459962,0.391108572,0.289469697,0.122122719,"NA"
"Distocyclus_conirostris",47948,"Teleostei","Gymnotiformes","Sternopygidae",50,9.3838629,0.714896448,0.25044267,0.736814223,0.485353049
"Dolichancistrus_atratoensis",49922,"Teleostei","Siluriformes","Loricariidae",8.2,4.760051927,0.700010818,0.141812964,0,0
"Doras_carinatus",47593,"Teleostei","Siluriformes","Doradidae",30,4.201201332,0.623757355,0.527318261,0,"NA"
"Doras_higuchii",64271,"Teleostei","Siluriformes","Doradidae",32.5,3.834862385,0.633035168,0.301074621,0,"NA"
"Doras_micropoeus",47596,"Teleostei","Siluriformes","Doradidae",35,4.500224993,0.556381454,0.398894545,0,"NA"
"Duopalatinus_emarginatus",48543,"Teleostei","Siluriformes","Pimelodidae",14,5.263398977,0.524109826,0.301396411,0.184771213,0.452001699
"Duopalatinus_peruanus",48546,"Teleostei","Siluriformes","Pimelodidae",15,4.342316979,0.506055372,0.223262994,0.175457851,0.576996615
"Dupouyichthys_sapito",48652,"Teleostei","Siluriformes","Aspredinidae",3,6.159391593,0.596660237,0.169653846,0.079746933,"NA"
"Ectrepopterus_uruguayensis",46313,"Teleostei","Characiformes","Characidae",5.1,2.27273898,0.574810691,0.33817962,0.552022199,0.599943454
"Eigenmannia_guairaca",68277,"Teleostei","Gymnotiformes","Sternopygidae",17.28,7.344772059,0.617647059,0.2,0.580882353,0.67495
"Eigenmannia_humboldtii",47950,"Teleostei","Gymnotiformes","Sternopygidae",48.6,6.919541809,0.454120609,0.238987993,0.326932188,0.294035789
"Eigenmannia_limbata",47954,"Teleostei","Gymnotiformes","Sternopygidae",48.5,6.386119433,0.569184892,0.257983881,0.496191181,0.361380439
"Eigenmannia_macrops",47951,"Teleostei","Gymnotiformes","Sternopygidae",25.2,7.340263067,0.725971723,0.389888889,0.687509237,0.377805556
"Eigenmannia_trilineata",47955,"Teleostei","Gymnotiformes","Sternopygidae",25,7.332540566,0.519872332,0.238683014,0.467018471,0.394635407
"Eigenmannia_vicentespelaea",49992,"Teleostei","Gymnotiformes","Sternopygidae",20.79,7.870907491,0.507707924,0.301066245,0.377316099,0.250962583
"Eigenmannia_virescens",12221,"Teleostei","Gymnotiformes","Sternopygidae",44,7.49035533,0.62835633,0.299293665,0.486635747,0.2756875
"Elachocharax_geryi",48849,"Teleostei","Characiformes","Crenuchidae",2,3.828831623,0.486649947,0.598177655,0.26737539,0.18431849
"Elachocharax_mitopterus",48851,"Teleostei","Characiformes","Crenuchidae",1.39,3.55908238,0.462390392,0.311164568,0.322618452,0.264308287
"Elachocharax_pulcher",48882,"Teleostei","Characiformes","Crenuchidae",2.21,5.463149836,0.665251583,0.540689072,0.559816271,0.390873435
"Electrophorus_electricus",4535,"Teleostei","Gymnotiformes","Gymnotidae",250,8.776382731,0.51219202,0.199444444,0.438367614,0.494148148
"Eleotris_tecta",57993,"Teleostei","Perciformes","Eleotridae",8,5.410547172,0.707320939,0.439839961,0.650721527,0.893040737
"Engraulisoma_taeniatum",51137,"Teleostei","Characiformes","Characidae",4.2,4.249001252,0.550688151,0.472051561,0.567951012,0.396613975
"Entomocorus_benjamini",47665,"Teleostei","Siluriformes","Auchenipteridae",7,3.987928689,0.461977085,0.485338286,0.508007577,0.276767532
"Entomocorus_gameroi",47666,"Teleostei","Siluriformes","Auchenipteridae",7,3.184401786,0.46162221,0.577897511,0.544795846,0.234260615
"Epactionotus_bilineatus",57633,"Teleostei","Siluriformes","Loricariidae",4,5.923309353,0.540431655,0.355034483,0,0
"Epapterus_blohmi",47658,"Teleostei","Siluriformes","Auchenipteridae",8.5,4.107800475,0.518548455,0.544911765,0.59144105,0.260176471
"Epapterus_dispilurus",47660,"Teleostei","Siluriformes","Auchenipteridae",15.4,4.913161619,0.460246119,0.574123394,0.505737005,0.207366052
"Eremophilus_mutisii",10409,"Teleostei","Siluriformes","Trichomycteridae",30,5.500004016,0.515076305,0.211008596,0.305783133,0.231230947
"Ernstichthys_intonsus",48656,"Teleostei","Siluriformes","Aspredinidae",5,9.390409575,0.489874249,0.136203614,0,"NA"
"Erythrinus_erythrinus",23282,"Teleostei","Characiformes","Erythrinidae",20,4.279049453,0.588661678,0.42975906,0.517114254,0.607566458
"Eurycheilichthys_pantherinus",48597,"Teleostei","Siluriformes","Loricariidae",4.2,4.881435013,0.651107626,0.274613636,0,0
"Exallodontus_aguanai",53192,"Teleostei","Siluriformes","Pimelodidae",20,5.60928089,0.528030432,0.288783558,0.154856251,0.364971444
"Exastilithoxus_fimbriatus",50331,"Teleostei","Siluriformes","Loricariidae",6,6.648802328,0.757891202,0.239445199,0,0
"Exastilithoxus_hoedemani",50332,"Teleostei","Siluriformes","Loricariidae",5.1,6.893433215,0.801223586,0.269521919,0,0
"Exodon_paradoxus",5145,"Teleostei","Characiformes","Characidae",8,3.002940544,0.552838143,0.365830259,0.509662355,0.401745781
"Farlowella_acus",11280,"Teleostei","Siluriformes","Loricariidae",16,15.124,0.502661157,0.318181818,0,0
"Farlowella_amazonum",50538,"Teleostei","Siluriformes","Loricariidae",22.5,20.65828644,0.61151307,0.30268999,0,0
"Farlowella_colombiensis",53514,"Teleostei","Siluriformes","Loricariidae",16,14.59787139,0.717353798,0.270418686,0,0
"Farlowella_gracilis",50539,"Teleostei","Siluriformes","Loricariidae",25.5,20.8924641,0.73248216,0.431925926,0,0
"Farlowella_hahni",50542,"Teleostei","Siluriformes","Loricariidae",20.1,15.45324419,0.76744186,0.365079365,0,0
"Farlowella_jauruensis",50547,"Teleostei","Siluriformes","Loricariidae",13.1,16.20448197,0.650901473,0.338414036,0,0
"Farlowella_knerii",50548,"Teleostei","Siluriformes","Loricariidae",16.2,19.7500125,0.7023375,0.361111111,0,0
"Farlowella_mariaelenae",50550,"Teleostei","Siluriformes","Loricariidae",17,16.1698239,0.521213836,0.324324324,0,0
"Farlowella_nattereri",48329,"Teleostei","Siluriformes","Loricariidae",26.5,17.41539231,0.630953846,0.346692308,0,0
"Farlowella_odontotumulus",53510,"Teleostei","Siluriformes","Loricariidae",18,17.51118354,0.615302746,0.347568249,0,0
"Farlowella_oxyrryncha",50541,"Teleostei","Siluriformes","Loricariidae",23,19.2286,0.608971429,0.279795534,0,0
"Farlowella_reticulata",48332,"Teleostei","Siluriformes","Loricariidae",15.3,19.21832353,0.588558824,0.408669855,0,0
"Farlowella_rugosa",48331,"Teleostei","Siluriformes","Loricariidae",21.4,21.5252375,0.778625,0.285595967,0,0
"Farlowella_schreitmuelleri",50549,"Teleostei","Siluriformes","Loricariidae",18.1,18.2679375,0.538383929,0.273954557,0,0
"Farlowella_smithi",50554,"Teleostei","Siluriformes","Loricariidae",10,18.55555556,0.562966667,0.426536883,0,0
"Farlowella_vittata",50537,"Teleostei","Siluriformes","Loricariidae",22.5,20.00005426,0.666844961,0.263067898,0,0
"Fluviphylax_obscurus",50763,"Teleostei","Cyprinodontiformes","Poeciliidae",2,6.10106235,0.568345324,0.845188006,0.849043165,0.205626388
"Fluviphylax_palikur",54944,"Teleostei","Cyprinodontiformes","Poeciliidae",1.4,6.010536899,0.647089571,0.790343837,0.84870738,0.315778467
"Fluviphylax_pygmaeus",49557,"Teleostei","Cyprinodontiformes","Poeciliidae",2,6.437093961,0.418868937,0.731979933,0.670895537,0.512671883
"Fluviphylax_simplex",50767,"Teleostei","Cyprinodontiformes","Poeciliidae",2,5.267883083,0.561165436,0.866935801,0.806503672,0.262434092
"Fluviphylax_zonatus",50766,"Teleostei","Cyprinodontiformes","Poeciliidae",2,5.553348889,0.593333333,0.820482432,0.886766667,0.251366758
"Galaxias_maculatus",7579,"Teleostei","Osmeriformes","Galaxiidae",19,6.028057869,0.447452384,0.464986515,0.41878562,0.56758579
"Galaxias_platei",47142,"Teleostei","Osmeriformes","Galaxiidae",31,5.332394232,0.536577213,0.476290323,0.390300194,0.65316129
"Galeocharax_gulo",51138,"Teleostei","Characiformes","Characidae",22,3.217987629,0.505608404,0.413996092,0.565535825,1.135084016
"Galeocharax_humeralis",56692,"Teleostei","Characiformes","Characidae",30.5,3.176220872,0.563214075,0.390601919,0.540239794,1.153031625
"Gasteropelecus_maculatus",11903,"Teleostei","Characiformes","Gasteropelecidae",6.4,1.67156657,0.80691654,0.24991572,0.856919948,0.099788013
"Gasteropelecus_sternicla",10725,"Teleostei","Characiformes","Gasteropelecidae",4,1.943683045,0.700777471,0.230637649,0.750671247,0.123230977
"Gelanoglanis_nanonocticolus",54555,"Teleostei","Siluriformes","Auchenipteridae",2.22,3.937384811,0.56994172,0.203269689,0.354256383,0.227495495
"Gelanoglanis_stroudi",47670,"Teleostei","Siluriformes","Auchenipteridae",4,4.298154387,0.599990769,0.132192682,0.405414276,0.911876959
"Genycharax_tarpon",53438,"Teleostei","Characiformes","Characidae",17.4,2.991661582,0.524159106,0.407377231,0.573887828,0.94572007
"Geophagus_abalios",62061,"Teleostei","Perciformes","Cichlidae","NA",2.358739081,0.586564162,0.194781254,0.22104654,0.272102455
"Geophagus_altifrons",57713,"Teleostei","Perciformes","Cichlidae",26.5,2.355755647,0.624749394,0.294391128,0.257373362,0.199174058
"Geophagus_argyrostictus",46930,"Teleostei","Perciformes","Cichlidae",24.2,2.677044609,0.601207821,0.275661749,0.279516213,0.224879231
"Geophagus_brachybranchus",46933,"Teleostei","Perciformes","Cichlidae",14,2.324680356,0.577128873,0.244993197,0.218578806,0.186795918
"Geophagus_brasiliensis",4751,"Teleostei","Perciformes","Cichlidae",28,2.285881462,0.602013547,0.29882545,0.282590439,0.195562497
"Geophagus_brokopondo",46935,"Teleostei","Perciformes","Cichlidae",12.3,2.530859302,0.574274777,0.341822624,0.267336329,0.348613634
"Geophagus_camopiensis",12316,"Teleostei","Perciformes","Cichlidae",17.5,2.66362556,0.70087382,0.28731661,0.387033076,0.250379435
"Geophagus_crassilabris",12317,"Teleostei","Perciformes","Cichlidae",24,2.510063388,0.613334567,0.217888133,0.333346828,0.279934518
"Geophagus_dicrozoster",62062,"Teleostei","Perciformes","Cichlidae","NA",2.598819914,0.65664738,0.265898044,0.292144748,0.297805809
"Geophagus_grammepareius",47044,"Teleostei","Perciformes","Cichlidae",10.3,2.746611864,0.581261635,0.317913562,0.237424251,0.277512529
"Geophagus_harreri",12320,"Teleostei","Perciformes","Cichlidae",18.3,2.479785881,0.676480841,0.228025638,0.261060021,0.221943558
"Geophagus_megasema",57714,"Teleostei","Perciformes","Cichlidae",18.9,2.448386117,0.618981501,0.294424879,0.267354192,0.207373896
"Geophagus_pellegrini",12369,"Teleostei","Perciformes","Cichlidae",15.2,2.446578204,0.62543262,0.200878992,0.246098702,0.351780332
"Geophagus_proximus",25780,"Teleostei","Perciformes","Cichlidae",34.8,2.220342222,0.65330989,0.223205529,0.3187874,0.270973474
"Geophagus_steindachneri",12372,"Teleostei","Perciformes","Cichlidae",20,2.445866287,0.500941349,0.247277016,0.114844534,0.246747889
"Geophagus_surinamensis",4781,"Teleostei","Perciformes","Cichlidae",15,2.520934164,0.574793725,0.292929293,0.173330541,0.230343434
"Geophagus_sveni",65427,"Teleostei","Perciformes","Cichlidae",16.7,2.364716129,0.55483871,0.217573222,0.183870968,0.134150628
"Geophagus_taeniopareius",47052,"Teleostei","Perciformes","Cichlidae",14.3,2.513301925,0.62429287,0.333327273,0.28543969,0.249146985
"Geophagus_winemilleri",62063,"Teleostei","Perciformes","Cichlidae",20,2.349291949,0.56886083,0.220402259,0.229594788,0.193442798
"Gephyrocharax_caucanus",56881,"Teleostei","Characiformes","Characidae",5.01,4.365436899,0.564943898,0.436683239,0.694474918,0.501312884
"Gephyrocharax_major",56882,"Teleostei","Characiformes","Characidae",5.64,3.398729231,0.596932308,0.388554732,0.701544615,0.186506271
"Gephyrocharax_valencia",51918,"Teleostei","Characiformes","Characidae",4.1,3.297166487,0.613789838,0.485073398,0.680747848,0.53660614
"Gephyrocharax_venezuelae",56933,"Teleostei","Characiformes","Characidae",4.14,3.429826116,0.70604605,0.394803279,0.78298208,0.473
"Gilbertolus_alatus",54580,"Teleostei","Characiformes","Cynodontidae",14.3,2.946616254,0.631560975,0.577390191,0.73448064,0.60805347
"Gilbertolus_atratoensis",54595,"Teleostei","Characiformes","Cynodontidae",12,2.84743604,0.625851609,0.456061758,0.705306049,0.492784087
"Gladioglanis_conquistador",53193,"Teleostei","Siluriformes","Heptapteridae",3.9,9.619363636,0.579977273,0.229204296,0.351709091,0.347382596
"Gladioglanis_machadoi",26963,"Teleostei","Siluriformes","Heptapteridae",3.4,8.222021611,0.775961779,0.20679759,0.588944752,0.310634239
"Glanapteryx_niobium",58367,"Teleostei","Siluriformes","Trichomycteridae",6,"NA","NA",0.144598571,"NA",0.220578712
"Glandulocauda_melanopleura",53450,"Teleostei","Characiformes","Characidae",5.5,2.768655447,0.557369671,0.445272588,0.527998127,0.259091696
"Glanidium_albescens",47690,"Teleostei","Siluriformes","Auchenipteridae",12.15,4.729102506,0.416659612,0.287119848,0.310408244,0.469822066
"Glanidium_melanopterum",47683,"Teleostei","Siluriformes","Auchenipteridae",19,3.940643858,0.677908445,0.318181818,0.536866036,0.375170455
"Glanidium_ribeiroi",47685,"Teleostei","Siluriformes","Auchenipteridae",22,4.683666514,0.548203604,0.338502678,0.390711742,0.290909799
"Gnathocharax_steindachneri",26387,"Teleostei","Characiformes","Characidae",5,3.472408956,0.572826329,0.605574098,0.643275004,0.497908657
"Gnathodolus_bidens",51384,"Teleostei","Characiformes","Anostomidae","NA",3.449335269,0.571968941,0.391945349,0.680151506,0.227917129
"Gobioides_peruanus",46872,"Teleostei","Perciformes","Gobiidae",45,9.734254664,0.560521136,0.239833408,0.549567859,0.707124795
"Goeldiella_eques",47854,"Teleostei","Siluriformes","Heptapteridae",28.9,4.999108796,0.654853578,0.359340909,0.441660981,0.234
"Grundulus_bogotensis",58033,"Teleostei","Characiformes","Characidae",8,2.844368292,0.504738196,0.327722901,0.448112151,0.531943564
"Guianacara_geayi",46571,"Teleostei","Perciformes","Cichlidae",9.1,2.278550752,0.611699511,0.337772879,0.260779624,0.218342996
"Guianacara_oelemariensis",47056,"Teleostei","Perciformes","Cichlidae",8.1,2.17870971,0.695778295,0.278679388,0.310278501,0.180510475
"Guianacara_owroewefi",47058,"Teleostei","Perciformes","Cichlidae",11,2.425821716,0.629132999,0.379833183,0.33258266,0.232550929
"Guianacara_sphenozona",47539,"Teleostei","Perciformes","Cichlidae",8.5,2.157444264,0.633512348,0.279925361,0.339068273,0.148997892
"Guyanancistrus_brevispinis",48198,"Teleostei","Siluriformes","Loricariidae",14.2,5.610273364,0.776824063,0.281903738,0.054389007,0.038748292
"Gymnocharacinus_bergii",6183,"Teleostei","Characiformes","Characidae",8,4.056100612,0.502984738,0.325396194,0.372961568,0.434701538
"Gymnocorymbus_bondi",58026,"Teleostei","Characiformes","Characidae",5,2.089376855,0.486041543,0.444780067,0.525548961,0.162332962
"Gymnocorymbus_ternetzi",4682,"Teleostei","Characiformes","Characidae",7.5,1.862971815,0.543674231,0.471645736,0.600065227,0.160004917
"Gymnocorymbus_thayeri",12356,"Teleostei","Characiformes","Characidae",5,1.833248575,0.493483164,0.547254717,0.524426855,0.194254717
"Gymnogeophagus_australis",12374,"Teleostei","Perciformes","Cichlidae",16,2.392896518,0.509578923,0.202243782,0.239351946,0.222243445
"Gymnogeophagus_balzanii",12375,"Teleostei","Perciformes","Cichlidae",12,2.069882661,0.57135044,0.260897382,0.233807815,0.164216683
"Gymnogeophagus_gymnogenys",12377,"Teleostei","Perciformes","Cichlidae",15,2.386795259,0.640859347,0.296875,0.34409455,0.201244792
"Gymnogeophagus_meridionalis",52194,"Teleostei","Perciformes","Cichlidae",9.5,2.095088897,0.588229296,0.313059143,0.375247965,0.245809288
"Gymnogeophagus_rhabdotus",12311,"Teleostei","Perciformes","Cichlidae",12,2.180540163,0.611493921,0.28756875,0.331606675,0.21378125
"Gymnogeophagus_setequedas",47051,"Teleostei","Perciformes","Cichlidae",10,2.20352949,0.557555097,0.308332045,0.273129965,0.28207637
"Gymnorhamphichthys_hypostomus",15945,"Teleostei","Gymnotiformes","Rhamphichthyidae",22,15.79066942,0.628198347,0.122481705,0.268338843,0.159209157
"Gymnorhamphichthys_rondoni",48077,"Teleostei","Gymnotiformes","Rhamphichthyidae",15,15.89160468,0.574355739,0.20338791,0.301009564,"NA"
"Gymnorhamphichthys_rosamariae",57501,"Teleostei","Gymnotiformes","Rhamphichthyidae","NA",16.18220074,0.609216218,0.180334593,0.226444838,0.255045872
"Gymnotus_anguillaris",28044,"Teleostei","Gymnotiformes","Gymnotidae",30,9.582993176,0.327938644,0.310076923,0.422938325,0.330846154
"Gymnotus_arapaima",58744,"Teleostei","Gymnotiformes","Gymnotidae",55,9.894424946,0.599146369,0.168468638,0.542037778,0.440949331
"Gymnotus_bahianus",52974,"Teleostei","Gymnotiformes","Gymnotidae",28,8.071853608,0.766067584,0.120988476,0.570196657,0.507032455
"Gymnotus_carapo",10915,"Teleostei","Gymnotiformes","Gymnotidae",76,8.421718135,0.46630937,0.186218499,0.490029432,0.319298235
"Gymnotus_cataniapo",47941,"Teleostei","Gymnotiformes","Gymnotidae",32,10.03518525,0.669727541,0.096484804,0.537707364,0.368698889
"Gymnotus_coatesi",48131,"Teleostei","Gymnotiformes","Gymnotidae",30,11.92974091,0.734800176,0.150399543,0.748300492,0.752045282
"Gymnotus_coropinae",62079,"Teleostei","Gymnotiformes","Gymnotidae",34.5,11.41296089,0.569285914,0.161475116,0.555102243,0.218525242
"Gymnotus_curupira",62265,"Teleostei","Gymnotiformes","Gymnotidae",23.5,13.00901053,0.778947368,0.161290323,0.726315789,0.338709677
"Gymnotus_inaequilabiatus",48129,"Teleostei","Gymnotiformes","Gymnotidae",99.8,8.054239669,0.603305785,0.244444444,0.636363636,0.5502
"Gymnotus_javari",61426,"Teleostei","Gymnotiformes","Gymnotidae",20.1,10.67910422,0.434188305,0.311406156,0.322373513,0.855995543
"Gymnotus_jonasi",58745,"Teleostei","Gymnotiformes","Gymnotidae",14,10.08827923,0.333355969,0.34627149,0.406288198,0.378652041
"Gymnotus_mamiraua",58734,"Teleostei","Gymnotiformes","Gymnotidae",24.3,6.533761751,0.327930338,0.222222222,0.298008815,0.318592593
"Gymnotus_melanopleura",58747,"Teleostei","Gymnotiformes","Gymnotidae",10,8.342523747,0.376338539,0.320575411,0.430378171,0.380054411
"Gymnotus_onca",58746,"Teleostei","Gymnotiformes","Gymnotidae",12,11.52880973,0.409194645,0.189530117,0.467708162,"NA"
"Gymnotus_pantanal",62134,"Teleostei","Gymnotiformes","Gymnotidae",26,9.705890289,0.382927775,0.148565668,0.398576752,0.34744753
"Gymnotus_pantherinus",48130,"Teleostei","Gymnotiformes","Gymnotidae",23.58,13.86908459,0.567563299,0.22086132,0.596409959,0.246937969
"Gymnotus_pedanopterus",47942,"Teleostei","Gymnotiformes","Gymnotidae",28.1,10.97095599,0.528698252,0.288209432,0.492103542,0.689968026
"Gymnotus_stenoleucus",47943,"Teleostei","Gymnotiformes","Gymnotidae",14.2,12.1076779,0.349841231,0.208945852,0.407832601,0.537785329
"Gymnotus_sylvius",57082,"Teleostei","Gymnotiformes","Gymnotidae",42,7.457683538,0.515040886,0.160404601,0.469719744,0.255569917
"Gymnotus_ucamara",61428,"Teleostei","Gymnotiformes","Gymnotidae",19,7.578525659,0.449009289,0.185698798,0.387765001,0.196851284
"Haemomaster_venezuelae",48772,"Teleostei","Siluriformes","Trichomycteridae",7,7.699786117,0.514106553,0.506135348,"NA","NA"
"Harttia_carvalhoi",50508,"Teleostei","Siluriformes","Loricariidae",7.1,6.021385631,0.629118623,0.210574439,0,0
"Harttia_depressa",58308,"Teleostei","Siluriformes","Loricariidae",13,"NA","NA","NA","NA","NA"
"Harttia_dissidens",58309,"Teleostei","Siluriformes","Loricariidae",15.2,"NA","NA","NA","NA","NA"
"Harttia_duriventris",58310,"Teleostei","Siluriformes","Loricariidae",13,"NA","NA","NA","NA","NA"
"Harttia_fowleri",50514,"Teleostei","Siluriformes","Loricariidae",22.164,8.947404999,0.754729427,0.400002687,0,0
"Harttia_gracilis",48560,"Teleostei","Siluriformes","Loricariidae",10.1,7.65283782,0.679464822,0.35011976,0,0
"Harttia_guianensis",58311,"Teleostei","Siluriformes","Loricariidae",18,9.401798176,0.704294899,0.35435167,0,0
"Harttia_leiopleura",48562,"Teleostei","Siluriformes","Loricariidae",6,5.988561644,0.849753425,0.225329897,0,0
"Harttia_longipinna",58318,"Teleostei","Siluriformes","Loricariidae",11,8.93281794,0.728033394,0.315258621,0,0
"Harttia_loricariformis",50510,"Teleostei","Siluriformes","Loricariidae",18.6,9.15196716,0.724764227,0.216318414,0,0
"Harttia_novalimensis",48563,"Teleostei","Siluriformes","Loricariidae",6,6.88937776,0.724720509,0.203285644,0,0
"Harttia_punctata",58312,"Teleostei","Siluriformes","Loricariidae",13.3,"NA","NA","NA","NA","NA"
"Harttia_surinamensis",48314,"Teleostei","Siluriformes","Loricariidae",19,8.291138798,0.797566552,0.388727098,0,0
"Harttia_torrenticola",50837,"Teleostei","Siluriformes","Loricariidae",8,7.090809749,0.7558746,0.179908228,0,0
"Harttia_trombetensis",58313,"Teleostei","Siluriformes","Loricariidae",18,"NA","NA","NA","NA","NA"
"Harttia_uatumensis",58314,"Teleostei","Siluriformes","Loricariidae",12,7.962384876,0.619571013,0.354016963,0,0
"Harttiella_crassicauda",48313,"Teleostei","Siluriformes","Loricariidae",5,6.675666955,0.633215333,0.259084356,0,0
"Hasemania_crenuchoides",58040,"Teleostei","Characiformes","Characidae",7,3.043798576,0.644327912,0.309947933,0.549684472,0.291085516
"Hasemania_hanseni",50913,"Teleostei","Characiformes","Characidae",3.3,2.766874465,0.541532236,0.406784819,0.544858825,0.184445056
"Hasemania_melanura",12359,"Teleostei","Characiformes","Characidae",4.4,2.54951038,0.594587382,0.368511769,0.563040237,0.254375924
"Hasemania_nana",12360,"Teleostei","Characiformes","Characidae",3,3.151606312,0.486360104,0.514906614,0.54713274,0.207328477
"Hassar_gabiru",66281,"Teleostei","Siluriformes","Doradidae",28.5,3.835541472,0.697776158,0.355695175,0,"NA"
"Hassar_orestis",47479,"Teleostei","Siluriformes","Doradidae",29.8,4.584482312,0.58648283,0.443980209,0.07096802,"NA"
"Hassar_wilderi",47482,"Teleostei","Siluriformes","Doradidae",25,3.71597327,0.511812891,0.373716632,0.108105195,"NA"
"Hatcheria_macraei",48704,"Teleostei","Siluriformes","Trichomycteridae",21,5.87256658,0.586135009,0.192662217,0.270076636,0.321073423
"Helogenes_castaneus",12524,"Teleostei","Siluriformes","Cetopsidae",5,4.687424686,0.592581947,0.2288,0.486484993,0.218866667
"Helogenes_gouldingi",12523,"Teleostei","Siluriformes","Cetopsidae",5,4.120106514,0.452525734,0.171768773,0.252702595,0.233647014
"Helogenes_marmoratus",12525,"Teleostei","Siluriformes","Cetopsidae",7.9,4.570549198,0.767997638,0.148678312,0.729224179,0.448624036
"Hemiancistrus_chlorostictus",57539,"Teleostei","Siluriformes","Loricariidae",15,4.790714286,0.66032381,0.287301802,0,0
"Hemiancistrus_fuliginosus",57540,"Teleostei","Siluriformes","Loricariidae",16.2,5.417142857,0.578516234,0.263794118,0,0
"Hemiancistrus_landoni",49941,"Teleostei","Siluriformes","Loricariidae",25,5.342086312,0.683527705,0.270367647,0,0
"Hemiancistrus_medians",49942,"Teleostei","Siluriformes","Loricariidae",39,4.105998173,0.702271272,0.269312375,0,0
"Hemibrycon_beni",51302,"Teleostei","Characiformes","Characidae",8.14,3.040859359,0.552031203,0.404761905,0.461556909,"NA"
"Hemibrycon_dariensis",51309,"Teleostei","Characiformes","Characidae",6.5,2.815265504,0.633399651,0.527716031,0.643146871,0.385186428
"Hemibrycon_helleri",51139,"Teleostei","Characiformes","Characidae",10,3.126776578,0.530907251,0.416045455,0.496353249,0.291045455
"Hemibrycon_huambonicus",51140,"Teleostei","Characiformes","Characidae",11.9,3.373060901,0.549717101,0.41025641,0.541439985,0.405423077
"Hemibrycon_inambari",65863,"Teleostei","Characiformes","Characidae",8.73,3.330636735,0.52244898,0.386363636,0.469387755,0.451121212
"Hemibrycon_jabonero",48635,"Teleostei","Characiformes","Characidae",12,2.873692971,0.580228472,0.402804714,0.560461212,0.447560794
"Hemibrycon_jelskii",51141,"Teleostei","Characiformes","Characidae",10.17,2.785633676,0.524270527,0.426959096,0.516499387,0.472202716
"Hemibrycon_metae",51312,"Teleostei","Characiformes","Characidae",8,2.768833955,0.527402144,0.485294118,0.500067453,0.386014706
"Hemibrycon_orcesi",53445,"Teleostei","Characiformes","Characidae",5,2.752845914,0.640332196,0.467333925,0.610309951,0.181946094
"Hemibrycon_polyodon",51142,"Teleostei","Characiformes","Characidae",17,3.123028928,0.495664494,0.425305688,0.526036877,0.344790005
"Hemibrycon_surinamensis",27928,"Teleostei","Characiformes","Characidae",9.5,3.092026682,0.572197443,0.442589168,0.571358841,0.417920253
"Hemibrycon_tridens",12362,"Teleostei","Characiformes","Characidae",6.5,4.222030519,0.408652234,0.494738253,0.304827864,0.189495058
"Hemidoras_stenopeltis",47455,"Teleostei","Siluriformes","Doradidae",19.4,4.604135549,0.612777911,0.429834711,0.161930578,"NA"
"Hemieleotris_latifasciata",54424,"Teleostei","Perciformes","Eleotridae",12,4.469146436,0.471461126,0.462852919,0.526870144,0.32168548
"Hemigrammus_analis",51087,"Teleostei","Characiformes","Characidae",4,4.009949876,0.504993688,0.656563801,0.450104374,0.239069077
"Hemigrammus_arua",64953,"Teleostei","Characiformes","Characidae",3,2.49950166,0.465471918,0.498828124,0.444214765,0.270053881
"Hemigrammus_barrigonae",51106,"Teleostei","Characiformes","Characidae",4.09,2.577342756,0.529958928,0.536965923,0.509960478,0.46405468
"Hemigrammus_bellottii",27961,"Teleostei","Characiformes","Characidae",3,3.527400623,0.500676373,0.491189026,0.516127739,0.359334525
"Hemigrammus_bleheri",12365,"Teleostei","Characiformes","Characidae",4,3.441581436,0.469920275,0.554696999,0.421432669,0.310080408
"Hemigrammus_boesemani",27972,"Teleostei","Characiformes","Characidae",3.31,2.870526596,0.503163573,0.443768043,0.51510745,0.318647755
"Hemigrammus_coeruleus",51163,"Teleostei","Characiformes","Characidae",6,3.361613935,0.447968006,0.55379742,0.470497135,0.283541695
"Hemigrammus_cupreus",51093,"Teleostei","Characiformes","Characidae",5.3,3.320408254,0.522919731,0.584171875,0.522919731,0.326921875
"Hemigrammus_elegans",26444,"Teleostei","Characiformes","Characidae",4,3.566731042,0.561128204,0.51498801,0.492095079,0.277727818
"Hemigrammus_erythrozonus",10642,"Teleostei","Characiformes","Characidae",3.3,3.006284646,0.544309636,0.568948762,0.573335969,0.337203847
"Hemigrammus_gracilis",51034,"Teleostei","Characiformes","Characidae",4.4,3.40196765,0.539099544,0.637805056,0.480579715,0.529675093
"Hemigrammus_guyanensis",27973,"Teleostei","Characiformes","Characidae",4,2.864904681,0.598669734,0.533875574,0.645229035,0.282341699
"Hemigrammus_hyanuary",12367,"Teleostei","Characiformes","Characidae",4.4,3.35295753,0.421723986,0.542832874,0.39088129,0.246982587
"Hemigrammus_levis",26446,"Teleostei","Characiformes","Characidae",5,3.382608615,0.424827304,0.655673129,0.485398711,0.262628408
"Hemigrammus_luelingi",51143,"Teleostei","Characiformes","Characidae",3,3.119453545,0.481226044,0.59056886,0.490776016,0.361966656
"Hemigrammus_lunatus",51090,"Teleostei","Characiformes","Characidae",5,2.851248249,0.53919318,0.59167074,0.564010194,0.510250854
"Hemigrammus_marginatus",26445,"Teleostei","Characiformes","Characidae",4.5,2.788741727,0.502337282,0.57081401,0.490658152,0.400092616
"Hemigrammus_matei",53446,"Teleostei","Characiformes","Characidae",4.3,3.056554512,0.535197617,0.499857192,0.570451281,0.288102052
"Hemigrammus_melanochrous",51159,"Teleostei","Characiformes","Characidae",3,3.037874948,0.527573472,0.5,0.506884317,0.531897436
"Hemigrammus_micropterus",51098,"Teleostei","Characiformes","Characidae",4,2.518407975,0.508380368,0.587488985,0.541101227,0.377330425
"Hemigrammus_mimus",51030,"Teleostei","Characiformes","Characidae",3,3.498871427,0.430812149,0.535803884,0.360187107,0.118344219
"Hemigrammus_neptunus",60854,"Teleostei","Characiformes","Characidae",3.2,2.889357879,0.489955141,0.558216869,0.474693936,0.274411088
"Hemigrammus_ocellifer",10645,"Teleostei","Characiformes","Characidae",4.4,2.923389375,0.536340348,0.524126022,0.572348194,0.31201396
"Hemigrammus_ora",63087,"Teleostei","Characiformes","Characidae",3.84,2.84505814,0.515503876,0.467153285,0.531007752,0.405620438
"Hemigrammus_pulcher",10649,"Teleostei","Characiformes","Characidae",3.28,2.105566165,0.488482239,0.541652258,0.51077468,0.279932158
"Hemigrammus_rhodostomus",12370,"Teleostei","Characiformes","Characidae",5,4.133025463,0.49281955,0.608356089,0.481383806,0.395511608
"Hemigrammus_rodwayi",26447,"Teleostei","Characiformes","Characidae",5.3,3.017040378,0.521067971,0.555668199,0.556649922,0.32923188
"Hemigrammus_schmardae",51144,"Teleostei","Characiformes","Characidae",4,2.647205738,0.480797563,0.53041518,0.553391342,0.405337194
"Hemigrammus_stictus",51036,"Teleostei","Characiformes","Characidae",4.3,3.425833605,0.47451876,0.617977528,0.50160522,0.331797753
"Hemigrammus_ulreyi",26457,"Teleostei","Characiformes","Characidae",4.4,2.627215378,0.519545548,0.5,0.55555471,0.297271429
"Hemigrammus_unilineatus",12371,"Teleostei","Characiformes","Characidae",5.3,2.197804167,0.554136523,0.465772553,0.570067629,0.286903756
"Hemigrammus_vorderwinkleri",51116,"Teleostei","Characiformes","Characidae",3.3,2.852737011,0.525796707,0.543396524,0.461678554,0.594660455
"Hemiodontichthys_acipenserinus",50681,"Teleostei","Siluriformes","Loricariidae",13.4,11.36002,0.64282,0.406085714,0,0
"Hemiodus_argenteus",51396,"Teleostei","Characiformes","Hemiodontidae",24,3.903185688,0.432226793,0.521686206,0.34157977,0.205964612
"Hemiodus_atranalis",51226,"Teleostei","Characiformes","Hemiodontidae",9.2,3.332883317,0.456935069,0.480742562,0.398746384,0.196549748
"Hemiodus_goeldii",55449,"Teleostei","Characiformes","Hemiodontidae",16,4.622760626,0.462611596,0.634777389,0.462611596,0.261876978
"Hemiodus_gracilis",13113,"Teleostei","Characiformes","Hemiodontidae",16.3,4.162687131,0.424412081,0.577732386,0.35949827,0.330136276
"Hemiodus_huraulti",27813,"Teleostei","Characiformes","Hemiodontidae",11.4,3.749729441,0.451650207,0.64014,0.412894568,0.2
"Hemiodus_immaculatus",25718,"Teleostei","Characiformes","Hemiodontidae",25,4.490055262,0.465121957,0.478288889,0.406531371,0.224977778
"Hemiodus_microlepis",25719,"Teleostei","Characiformes","Hemiodontidae",24,3.412153453,0.550561271,0.630111111,0.52199386,0.325938272
"Hemiodus_orthonops",55704,"Teleostei","Characiformes","Hemiodontidae",31,4.412055551,0.49721811,0.507240757,0.434411101,0.2835563
"Hemiodus_quadrimaculatus",11907,"Teleostei","Characiformes","Hemiodontidae",13.1,3.925018161,0.620455605,0.555555556,0.481892897,0.196888889
"Hemiodus_semitaeniatus",11908,"Teleostei","Characiformes","Hemiodontidae",20,4.427727417,0.406812544,0.602832605,0.350739862,0.301656006
"Hemiodus_sterni",51393,"Teleostei","Characiformes","Hemiodontidae",8,3.928041607,0.460187633,0.510586822,0.307850672,0.204992808
"Hemiodus_ternetzi",51390,"Teleostei","Characiformes","Hemiodontidae",10.5,4.411166528,0.450678858,0.485346293,0.414353006,0.306967592
"Hemiodus_tocantinensis",55448,"Teleostei","Characiformes","Hemiodontidae",10,4.932300957,0.486054808,0.53561917,0.33865737,0.211625046
"Hemiodus_unimaculatus",25721,"Teleostei","Characiformes","Hemiodontidae",26,3.974281612,0.523987876,0.655611086,0.440895566,0.343359079
"Hemiodus_vorderwinkleri",55450,"Teleostei","Characiformes","Hemiodontidae",16.5,3.798218665,0.54065109,0.538358008,0.475630594,0.261507402
"Hemipsilichthys_papillatus",58404,"Teleostei","Siluriformes","Loricariidae",9.18,5.799141627,0.722711584,0.1431775,0,0
"Hemisorubim_platyrhynchos",13261,"Teleostei","Siluriformes","Pimelodidae",52,5.652199802,0.51894878,0.33244313,0.440012423,0.357571943
"Henochilus_wheatlandii",52703,"Teleostei","Characiformes","Characidae",41.3,3.017588272,0.510811712,0.404309113,0.464019479,0.493392008
"Henonemus_punctatus",48764,"Teleostei","Siluriformes","Trichomycteridae",9,6.008517139,0.381875529,0.474973455,0.152671085,0.29836778
"Heptapterus_bleekeri",47783,"Teleostei","Siluriformes","Heptapteridae",16,9.286215178,0.493905807,0.322380018,0.233698514,0.737319985
"Heptapterus_mustelinus",47802,"Teleostei","Siluriformes","Heptapteridae",26,8.746138048,0.622323748,0.255332535,0.49941536,0.308298666
"Heptapterus_stewarti",47808,"Teleostei","Siluriformes","Heptapteridae",13.9,7.75178422,0.753882835,0.208798913,0.519742454,0.169788043
"Heptapterus_sympterygium",47810,"Teleostei","Siluriformes","Heptapteridae",4.7,6.362672895,0.550739274,0.231062903,0.344076294,0.221265512
"Heroina_isonycterina",50768,"Teleostei","Perciformes","Cichlidae",10.2,2.199876079,0.519825369,0.276217377,0.399666554,0.184635
"Heros_efasciatus",52199,"Teleostei","Perciformes","Cichlidae",14,1.812195173,0.564015903,0.202376845,0.392599096,0.164236912
"Heros_notatus",57739,"Teleostei","Perciformes","Cichlidae",15,1.780394727,0.566652898,0.176857721,0.385002873,0.137568234
"Heros_severus",3617,"Teleostei","Perciformes","Cichlidae",20,1.802946993,0.605726327,0.243621514,0.423461631,0.159176615
"Heros_spurius",52200,"Teleostei","Perciformes","Cichlidae",15,1.870547842,0.5684803,0.182741117,0.371482176,0.151307107
"Heterocharax_leptogrammus",57972,"Teleostei","Characiformes","Characidae",3.39,3.591799253,0.546897851,0.681179969,0.534668834,0.277444319
"Heterocharax_macrolepis",51942,"Teleostei","Characiformes","Characidae",5,3.200010595,0.501835133,0.647621961,0.472851381,0.212155978
"Heterocharax_virgulatus",57973,"Teleostei","Characiformes","Characidae",4.14,3.490448435,0.552643105,0.700088889,0.473683501,0.330355556
"Heterocheirodon_yatai",53339,"Teleostei","Characiformes","Characidae",4.18,3.349662223,0.510021475,0.507235566,0.463095025,0.349554926
"Hisonotus_bockmanni",67116,"Teleostei","Siluriformes","Loricariidae",2.11,5.117412935,0.676616915,0.173619632,0,0
"Hisonotus_maculipinnis",50451,"Teleostei","Siluriformes","Loricariidae",4,5.717494949,0.535737374,0.377519481,0,0
"Hisonotus_nigricauda",50468,"Teleostei","Siluriformes","Loricariidae",6,4.65096257,0.42275048,0.37924,0,0
"Hisonotus_notatus",50454,"Teleostei","Siluriformes","Loricariidae",4.33,5.933025907,0.533702073,0.361716912,0,0
"Hisonotus_paulinus",50456,"Teleostei","Siluriformes","Loricariidae",4,5.113013118,0.499830374,0.382422713,0,0
"Hisonotus_ringueleti",58327,"Teleostei","Siluriformes","Loricariidae",4.34,4.888879265,0.420126287,0.332088298,0,0
"Hollandichthys_multifasciatus",53316,"Teleostei","Characiformes","Characidae",10,2.668123982,0.547780445,0.331270734,0.556288014,0.332729454
"Homodiaetus_anisitsi",48768,"Teleostei","Siluriformes","Trichomycteridae",4.9,6.654541686,0.39999852,0.465772553,0.133241545,0.493647537
"Homodiaetus_banguela",61831,"Teleostei","Siluriformes","Trichomycteridae",4,5.978747715,0.614188186,0.414487123,0.278871972,0.328852829
"Homodiaetus_passarellii",48763,"Teleostei","Siluriformes","Trichomycteridae",4,6.235645797,0.553360188,0.467628139,0.191618677,0.286509131
"Hoplarchus_psittacus",47066,"Teleostei","Perciformes","Cichlidae",32,2.074390286,0.604314478,0.20379651,0.342966786,0.257434415
"Hoplerythrinus_unitaeniatus",5305,"Teleostei","Characiformes","Erythrinidae",40,4.297790302,0.640245602,0.3365304,0.592581689,0.873740559
"Hopliancistrus_tricornis",54656,"Teleostei","Siluriformes","Loricariidae",10.4,5.931665627,0.789487511,0.325822562,0,0
"Hoplias_aimara",27850,"Teleostei","Characiformes","Erythrinidae",100,4.041918829,0.676902486,0.284878985,0.586153319,0.863542056
"Hoplias_intermedius",67591,"Teleostei","Characiformes","Erythrinidae",60,4.814902857,0.640022857,0.273684211,0.508571429,0.875463158
"Hoplias_lacerdae",50704,"Teleostei","Characiformes","Erythrinidae",75,4.559395817,0.690534065,0.336756053,0.586885125,0.750885789
"Hoplias_malabaricus",4757,"Teleostei","Characiformes","Erythrinidae",65,4.549046686,0.627579773,0.449766854,0.551273484,0.893322379
"Hoplias_mbigua",68136,"Teleostei","Characiformes","Erythrinidae",29.3,4.9876,0.55625,0.328947368,0.45625,1.071052632
"Hoplocharax_goethei",51943,"Teleostei","Characiformes","Characidae",3,3.910737817,0.49620291,0.740740741,0.505855262,0.324074074
"Hoplomyzon_papillatus",48649,"Teleostei","Siluriformes","Aspredinidae",2,6.78983577,0.566895702,0.106076454,0.191855618,"NA"
"Hoplomyzon_sexpapilostoma",53759,"Teleostei","Siluriformes","Aspredinidae",3.2,7.373447792,0.64566272,0.224677491,0.122691161,"NA"
"Hoplosternum_littorale",5377,"Teleostei","Siluriformes","Callichthyidae",26.3,3.281647835,0.472710833,0.262497137,0.220206021,"NA"
"Hoplosternum_magdalenae",12205,"Teleostei","Siluriformes","Callichthyidae",11.5,3.250939725,0.383423333,0.271149675,0.204676352,"NA"
"Hoplosternum_punctatum",46495,"Teleostei","Siluriformes","Callichthyidae",8,3.446165618,0.450430389,0.288248703,0.293984861,0.152774482
"Horiomyzon_retropinnatus",53253,"Teleostei","Siluriformes","Heptapteridae",2.4,7.423900324,0.627822325,0.175946487,0.268641255,"NA"
"Hydrolycus_armatus",57050,"Teleostei","Characiformes","Cynodontidae",89,3.528901199,0.453739551,0.397984826,0.482963794,1.032988668
"Hydrolycus_scomberoides",6419,"Teleostei","Characiformes","Cynodontidae",117,3.454413284,0.577793358,0.418709292,0.62498893,0.933673115
"Hydrolycus_tatauaia",57815,"Teleostei","Characiformes","Cynodontidae",59,3.1638282,0.58218324,0.375148699,0.65071697,0.821633528
"Hydrolycus_wallacei",57816,"Teleostei","Characiformes","Cynodontidae",34,3.011635393,0.532914813,0.459991351,0.576964905,0.819548126
"Hypancistrus_inspector",58937,"Teleostei","Siluriformes","Loricariidae",13,3.604654751,0.632532649,0.387555779,0,0
"Hypancistrus_zebra",53570,"Teleostei","Siluriformes","Loricariidae",7,5.02945098,0.656931373,0.338057471,0,0
"Hyphessobrycon_agulha",51019,"Teleostei","Characiformes","Characidae",4.31,3.473794949,0.544230511,0.556403042,0.520394258,0.45584029
"Hyphessobrycon_amandae",12376,"Teleostei","Characiformes","Characidae",2.03,2.784990335,0.507267664,0.52074697,0.473498143,0.318959009
"Hyphessobrycon_amapaensis",56429,"Teleostei","Characiformes","Characidae",3,3.004144185,0.635977718,0.598993692,0.602353305,0.308630738
"Hyphessobrycon_anisitsi",51004,"Teleostei","Characiformes","Characidae",13.2,2.878883118,0.464907202,0.455865356,0.530221325,0.30741462
"Hyphessobrycon_bentosi",12378,"Teleostei","Characiformes","Characidae",4.32,2.162532241,0.494093568,0.484210526,0.535274206,0.340926316
"Hyphessobrycon_bifasciatus",12379,"Teleostei","Characiformes","Characidae",5,2.552224552,0.532580656,0.57176521,0.552411166,0.297534038
"Hyphessobrycon_borealis",63088,"Teleostei","Characiformes","Characidae",2.78,3.530566265,0.542168675,0.680272109,0.546184739,"NA"
"Hyphessobrycon_boulengeri",51112,"Teleostei","Characiformes","Characidae",4.5,2.408918008,0.569917397,0.466726109,0.590861734,0.689432574
"Hyphessobrycon_coelestinus",51020,"Teleostei","Characiformes","Characidae",3.31,2.704304842,0.479264547,0.552014128,0.30152999,0.372008709
"Hyphessobrycon_copelandi",27990,"Teleostei","Characiformes","Characidae",3.46,2.954554196,0.58381993,0.628035625,0.61416958,0.260773358
"Hyphessobrycon_diancistrus",52556,"Teleostei","Characiformes","Characidae",3.72,4.67400711,0.444916201,0.572245899,0.476597257,0.278839979
"Hyphessobrycon_elachys",52558,"Teleostei","Characiformes","Characidae",2,2.900114228,0.49709354,0.607934198,0.552328976,0.319379943
"Hyphessobrycon_eos",12380,"Teleostei","Characiformes","Characidae",4.2,3.001642075,0.549188451,0.567204531,0.608540372,0.563035167
"Hyphessobrycon_epicharis",46280,"Teleostei","Characiformes","Characidae",3.3,2.572793301,0.476090785,0.505358566,0.538994657,0.401567713
"Hyphessobrycon_eques",46294,"Teleostei","Characiformes","Characidae",4,2.576825351,0.472773438,0.500300692,0.481211339,0.467255378
"Hyphessobrycon_erythrostigma",10651,"Teleostei","Characiformes","Characidae",6.06,2.166848573,0.593885748,0.432760435,0.643147934,0.382275225
"Hyphessobrycon_flammeus",10652,"Teleostei","Characiformes","Characidae",2.61,2.503958451,0.442954463,0.4811826,0.498516108,0.459278893
"Hyphessobrycon_haraldschultzi",46316,"Teleostei","Characiformes","Characidae",2.1,2.850152092,0.48393432,0.480754897,0.493945837,0.32250082
"Hyphessobrycon_heliacus",59746,"Teleostei","Characiformes","Characidae",3,2.122772574,0.448256519,0.398106077,0.493345144,0.138525644
"Hyphessobrycon_herbertaxelrodi",10654,"Teleostei","Characiformes","Characidae",3.23,2.980657001,0.552736634,0.58630937,0.616331962,0.215236623
"Hyphessobrycon_heterorhabdus",10655,"Teleostei","Characiformes","Characidae",3.56,2.748417963,0.554035254,0.523543597,0.585370612,0.21284427
"Hyphessobrycon_igneus",53449,"Teleostei","Characiformes","Characidae",4.17,2.870298886,0.476596449,0.498827879,0.519411051,0.283329204
"Hyphessobrycon_loretoensis",12381,"Teleostei","Characiformes","Characidae",2.44,3.119936852,0.476450476,0.570058891,0.530038726,0.335165195
"Hyphessobrycon_loweae",46320,"Teleostei","Characiformes","Characidae",3.16,2.511798116,0.495697483,0.419354839,0.51280268,0.245204301
"Hyphessobrycon_luetkenii",51005,"Teleostei","Characiformes","Characidae",9.6,2.457199397,0.500119571,0.514083333,0.472881194,0.254972222
"Hyphessobrycon_megalopterus",10658,"Teleostei","Characiformes","Characidae",4,2.441113472,0.429817889,0.511608719,0.465990855,0.236266728
"Hyphessobrycon_meridionalis",53320,"Teleostei","Characiformes","Characidae",5,2.412264571,0.523656961,0.439334659,0.581077809,0.42863544
"Hyphessobrycon_metae",51017,"Teleostei","Characiformes","Characidae",4,3.155425191,0.521123983,0.51817903,0.471195465,0.29013187
"Hyphessobrycon_micropterus",46291,"Teleostei","Characiformes","Characidae",3,2.827543231,0.510406605,0.481140673,0.56994859,0.240158975
"Hyphessobrycon_minimus",51002,"Teleostei","Characiformes","Characidae",2.1,3.804715806,0.536580347,0.537353112,0.494016453,0.234168116
"Hyphessobrycon_minor",26463,"Teleostei","Characiformes","Characidae",3.12,4.386268514,0.500350206,0.602353371,0.516066761,0.277342935
"Hyphessobrycon_moniliger",59738,"Teleostei","Characiformes","Characidae",3.05,2.905144068,0.453389831,0.479166667,0.43220339,0.462576389
"Hyphessobrycon_montagi",67666,"Teleostei","Characiformes","Hemiodontidae",3.11,3.093705032,0.470410406,0.570242511,0.468602711,0.423340269
"Hyphessobrycon_peruvianus",12382,"Teleostei","Characiformes","Characidae",3.86,2.930644458,0.526923165,0.503016619,0.495101751,0.258081746
"Hyphessobrycon_poecilioides",51024,"Teleostei","Characiformes","Characidae",7,3.397356037,0.490885018,0.476263851,0.454707811,0.192834969
"Hyphessobrycon_procerus",52561,"Teleostei","Characiformes","Characidae",3.3,4.078897123,0.519696848,0.600310849,0.480332414,0.267413072
"Hyphessobrycon_pulchripinnis",10656,"Teleostei","Characiformes","Characidae",4,3.138589015,0.450524206,0.547097109,0.386246463,0.243308209
"Hyphessobrycon_pyrrhonotus",46319,"Teleostei","Characiformes","Characidae",5,2.294180611,0.501509412,0.480309851,0.505255764,0.207119384
"Hyphessobrycon_reticulatus",51008,"Teleostei","Characiformes","Characidae",5.28,2.482377901,0.462570187,0.5,0.480317265,0.21978933
"Hyphessobrycon_rosaceus",12383,"Teleostei","Characiformes","Characidae",3.42,2.18639576,0.530240409,0.424316383,0.510135348,0.118395075
"Hyphessobrycon_roseus",28009,"Teleostei","Characiformes","Characidae",2,2.524324891,0.484222117,0.474340914,0.467904148,0.300843004
"Hyphessobrycon_saizi",58001,"Teleostei","Characiformes","Characidae",2.3,3.238599954,0.672904708,0.536785331,0.682559434,0.347251332
"Hyphessobrycon_simulatus",28011,"Teleostei","Characiformes","Characidae",3,2.967900489,0.535014083,0.569903371,0.573244785,0.255435386
"Hyphessobrycon_socolofi",12385,"Teleostei","Characiformes","Characidae",6,2.163422645,0.598818647,0.47927895,0.638651606,0.214345018
"Hyphessobrycon_sovichthys",49017,"Teleostei","Characiformes","Characidae",3,2.715441215,0.469978772,0.5,0.503379797,0.253407468
"Hyphessobrycon_stegemanni",12386,"Teleostei","Characiformes","Characidae",3.12,2.602650097,0.497134646,0.493712835,0.526174398,0.225738595
"Hyphessobrycon_sweglesi",10659,"Teleostei","Characiformes","Characidae",3.2,2.538407939,0.582884873,0.484597421,0.592920024,0.263495889
"Hyphessobrycon_takasei",12387,"Teleostei","Characiformes","Characidae",3.02,3.074953441,0.495400329,0.617224123,0.477018386,0.306535181
"Hyphessobrycon_tropis",51013,"Teleostei","Characiformes","Characidae",2.13,3.40478997,0.432043527,0.644715158,0.431968752,0.261980309
"Hyphessobrycon_vilmae",26464,"Teleostei","Characiformes","Characidae",3,3.027603574,0.423807203,0.523762221,0.436111562,0.187054949
"Hypoclinemus_mentalis",57094,"Teleostei","Pleuronectiformes","Achiridae",21.6,"NA","NA","NA","NA","NA"
"Hypodoras_forficulatus",47607,"Teleostei","Siluriformes","Doradidae",10.4,3.967623301,0.559987182,0.365820225,0.341605966,"NA"
"Hypomasticus_despaxi",27837,"Teleostei","Characiformes","Anostomidae",16,3.640246583,0.596199256,0.428905221,0.408097142,0.425235912
"Hypomasticus_julii",60314,"Teleostei","Characiformes","Anostomidae",26.4,4.37373859,0.641649112,0.443533252,0.383408567,0.460995512
"Hypomasticus_megalepis",51874,"Teleostei","Characiformes","Anostomidae",10.67,3.610943103,0.597086576,0.465772553,0.457918133,0.207588478
"Hypomasticus_pachycheilus",52578,"Teleostei","Characiformes","Anostomidae",16,6.2697372,0.637016523,0.436319835,0.280088403,0.289129317
"Hypomasticus_thayeri",61630,"Teleostei","Characiformes","Anostomidae","NA",4.107650327,0.480478615,0.364211057,0.317247652,0.233003126
"Hypophthalmus_edentatus",4533,"Teleostei","Siluriformes","Pimelodidae",58,4.238833367,0.189005844,0.319148936,0.257765875,0.734574468
"Hypophthalmus_fimbriatus",25735,"Teleostei","Siluriformes","Pimelodidae","NA",4.900632218,0.25561598,0.369849923,0.273996426,0.50889386
"Hypophthalmus_marginatus",25736,"Teleostei","Siluriformes","Pimelodidae",55,4.814500648,0.216308737,0.2795,0.329881699,0.395275
"Hypophthalmus_oremaculatus",51777,"Teleostei","Siluriformes","Pimelodidae","NA",4.485805714,0.434285714,0.261538462,0.537142857,"NA"
"Hypopomus_artedi",28034,"Teleostei","Gymnotiformes","Hypopomidae",50,9.458124678,0.596511427,0.187998732,0.438940207,0.341590676
"Hypoptopoma_baileyi",65570,"Teleostei","Siluriformes","Loricariidae",4.4,7.2125375,0.3875,0.555555556,0,0
"Hypoptopoma_guianense",48312,"Teleostei","Siluriformes","Loricariidae",6.2,6.988636364,0.363636364,0.57142094,0,0
"Hypoptopoma_gulare",50484,"Teleostei","Siluriformes","Loricariidae",10.5,5.362962453,0.180474359,0.45905415,0,0
"Hypoptopoma_incognitum",65575,"Teleostei","Siluriformes","Loricariidae",10.8,4.664316547,0.316546763,0.450704225,0,0
"Hypoptopoma_inexspectatum",50486,"Teleostei","Siluriformes","Loricariidae",7.1,5.240814815,0.314953704,0.500187477,0,0
"Hypoptopoma_psilogaster",50488,"Teleostei","Siluriformes","Loricariidae",7,6.792362754,0.329469795,0.510738641,0,0
"Hypoptopoma_steindachneri",50505,"Teleostei","Siluriformes","Loricariidae",10,4.687943416,0.174258394,0.499871245,0,0
"Hypoptopoma_thoracatum",50506,"Teleostei","Siluriformes","Loricariidae",8,5.75574785,0.236346887,0.462530459,0,0
"Hypopygus_lepturus",28035,"Teleostei","Gymnotiformes","Hypopomidae",10,8.923754134,0.610625134,0.224763204,0.521241164,0.314160387
"Hypostomus_alatus",48872,"Teleostei","Siluriformes","Loricariidae",28.79,5.480009257,0.544329349,0.306112289,0,0
"Hypostomus_albopunctatus",48874,"Teleostei","Siluriformes","Loricariidae",40,4.803736159,0.644559926,0.226570935,0,0
"Hypostomus_ancistroides",48875,"Teleostei","Siluriformes","Loricariidae",21,4.526757311,0.648815214,0.205717602,0,0
"Hypostomus_annectens",49926,"Teleostei","Siluriformes","Loricariidae",28,3.996823545,0.519708459,0.259413916,0,0
"Hypostomus_argus",48879,"Teleostei","Siluriformes","Loricariidae",12,4.857759164,0.557083701,0.267176696,0,0
"Hypostomus_asperatus",48880,"Teleostei","Siluriformes","Loricariidae",23,5.475865997,0.498036794,0.194524545,0,0
"Hypostomus_auroguttatus",48884,"Teleostei","Siluriformes","Loricariidae",34,4.066117319,0.519929601,0.222379708,0,0
"Hypostomus_bolivianus",48886,"Teleostei","Siluriformes","Loricariidae",15,5.637194444,0.833333333,0.153846154,0,0
"Hypostomus_boulengeri",48888,"Teleostei","Siluriformes","Loricariidae",24.5,4.225935484,0.55583871,0.306851064,0,0
"Hypostomus_carinatus",48894,"Teleostei","Siluriformes","Loricariidae",25,4.213483146,0.545157303,0.327929393,0,0
"Hypostomus_cochliodon",49895,"Teleostei","Siluriformes","Loricariidae",23,3.764075406,0.560276008,0.250736161,0,0
"Hypostomus_commersoni",23467,"Teleostei","Siluriformes","Loricariidae",60.5,4.763013409,0.578537578,0.18443363,0,0
"Hypostomus_corantijni",48151,"Teleostei","Siluriformes","Loricariidae",19,4.285075729,0.608690024,0.260297514,0,0
"Hypostomus_crassicauda",48152,"Teleostei","Siluriformes","Loricariidae",14.3,4.210994305,0.646270662,0.307635776,0,0
"Hypostomus_dlouhyi",57602,"Teleostei","Siluriformes","Loricariidae",24.5,5.51377752,0.504107983,0.257567503,0,0
"Hypostomus_ericius",62621,"Teleostei","Siluriformes","Loricariidae",18.68,3.832261261,0.576576577,0.213483146,0,0
"Hypostomus_garmani",48908,"Teleostei","Siluriformes","Loricariidae",13.02,6.544444098,0.701642307,0.325211213,0,0
"Hypostomus_gymnorhynchus",48911,"Teleostei","Siluriformes","Loricariidae",26.6,4.253773918,0.593817842,0.317909421,0,0
"Hypostomus_hemicochliodon",62622,"Teleostei","Siluriformes","Loricariidae",36.2,4.288047955,0.512165343,0.272250421,0,0
"Hypostomus_hemiurus",48153,"Teleostei","Siluriformes","Loricariidae",20.1,5.081243243,0.730027027,0.295486709,0,0
"Hypostomus_hermanni",48912,"Teleostei","Siluriformes","Loricariidae",24,4.953026846,0.771812081,0.227642276,0,0
"Hypostomus_holostictus",49938,"Teleostei","Siluriformes","Loricariidae",18,4.297651231,0.483553298,0.274720126,0,0
"Hypostomus_hondae",49405,"Teleostei","Siluriformes","Loricariidae",35,4.125,0.518607143,0.225917808,0,0
"Hypostomus_hoplonites",57604,"Teleostei","Siluriformes","Loricariidae",32.5,4.870770247,0.642101788,0.257345186,0,0
"Hypostomus_iheringii",48915,"Teleostei","Siluriformes","Loricariidae",12,4.813406987,0.698782552,0.21641791,0,0
"Hypostomus_isbrueckeri",53517,"Teleostei","Siluriformes","Loricariidae",25,5.689840973,0.548985843,0.377532194,0,0
"Hypostomus_itacua",49939,"Teleostei","Siluriformes","Loricariidae",11,4.568215613,0.497304833,0.383156195,0,0
"Hypostomus_laplatae",48921,"Teleostei","Siluriformes","Loricariidae",69,"NA","NA","NA","NA","NA"
"Hypostomus_latifrons",57605,"Teleostei","Siluriformes","Loricariidae",29,3.762305327,0.505924556,0.26311635,0,0
"Hypostomus_latirostris",48922,"Teleostei","Siluriformes","Loricariidae",26,5.016784124,0.639818426,0.339775507,0,0
"Hypostomus_levis",48923,"Teleostei","Siluriformes","Loricariidae",18.79,4.263464695,0.505499066,0.251048474,0,0
"Hypostomus_lima",48925,"Teleostei","Siluriformes","Loricariidae",13.62,5.249995192,0.637218515,0.352512619,0,0
"Hypostomus_luteus",53516,"Teleostei","Siluriformes","Loricariidae",40.5,4.641277722,0.550599274,0.308659369,0,0
"Hypostomus_margaritifer",48932,"Teleostei","Siluriformes","Loricariidae",33,4.603089923,0.603784452,0.281890888,0,0
"Hypostomus_microstomus",57620,"Teleostei","Siluriformes","Loricariidae",24,4.103505446,0.644652123,0.29276347,0,0
"Hypostomus_mutucae",61589,"Teleostei","Siluriformes","Loricariidae",10.92,4.936831044,0.608105473,0.389165051,0,0
"Hypostomus_nematopterus",48936,"Teleostei","Siluriformes","Loricariidae",11,4.059149446,0.521144055,0.314546608,0,0
"Hypostomus_niceforoi",48937,"Teleostei","Siluriformes","Loricariidae",14,4.927350152,0.641052044,0.143741647,0,0
"Hypostomus_nigromaculatus",48939,"Teleostei","Siluriformes","Loricariidae",10.2,5.754413342,0.82054033,0.255538804,0,0
"Hypostomus_oculeus",49894,"Teleostei","Siluriformes","Loricariidae",22,3.686878788,0.560606061,0.275208955,0,0
"Hypostomus_paranensis",48945,"Teleostei","Siluriformes","Loricariidae",18.1,7.021586751,0.678883714,0.247178083,0,0
"Hypostomus_piratatu",57621,"Teleostei","Siluriformes","Loricariidae",28,4.74446374,0.587382088,0.316440763,0,0
"Hypostomus_plecostomoides",49896,"Teleostei","Siluriformes","Loricariidae",26,4.491054013,0.539347894,0.234101251,0,0
"Hypostomus_plecostomus",3057,"Teleostei","Siluriformes","Loricariidae",50,4.268373426,0.470823496,0.329245057,0,0
"Hypostomus_pseudohemiurus",48159,"Teleostei","Siluriformes","Loricariidae",6.2,4.689463435,0.660142048,0.237184964,0,0
"Hypostomus_punctatus",48949,"Teleostei","Siluriformes","Loricariidae",30,5.753474749,0.553394815,0.237824693,0,0
"Hypostomus_pyrineusi",49898,"Teleostei","Siluriformes","Loricariidae",26,4.209437209,0.580659891,0.282015835,0,0
"Hypostomus_regani",48928,"Teleostei","Siluriformes","Loricariidae",41,4.575434407,0.580320447,0.28667174,0,0
"Hypostomus_robinii",23349,"Teleostei","Siluriformes","Loricariidae",16,5.048274467,0.589570935,0.290617514,0,0
"Hypostomus_roseopunctatus",53519,"Teleostei","Siluriformes","Loricariidae",23.3,4.898276694,0.691942583,0.326860289,0,0
"Hypostomus_saramaccensis",48177,"Teleostei","Siluriformes","Loricariidae",12,4.68768636,0.711022388,0.344846154,0,0
"Hypostomus_sculpodon",62624,"Teleostei","Siluriformes","Loricariidae",26.4,4.056125,0.546132653,0.377585821,0,0
"Hypostomus_soniae",62628,"Teleostei","Siluriformes","Loricariidae",16.37,3.71523482,0.515092693,0.241635688,0,0
"Hypostomus_subcarinatus",48958,"Teleostei","Siluriformes","Loricariidae",31,6.128442486,0.643608402,0.32162451,0,0
"Hypostomus_taphorni",57608,"Teleostei","Siluriformes","Loricariidae",23,4.187765625,0.5863125,0.271266667,0,0
"Hypostomus_ternetzi",48966,"Teleostei","Siluriformes","Loricariidae",34.3,4.092834397,0.565274837,0.192324637,0,0
"Hypostomus_uruguayensis",53518,"Teleostei","Siluriformes","Loricariidae",34.5,5.361416946,0.616105526,0.351142397,0,0
"Hypostomus_variipictus",49877,"Teleostei","Siluriformes","Loricariidae",37,5.08104047,0.568285027,0.188672877,0,0
"Hypostomus_ventromaculatus",48185,"Teleostei","Siluriformes","Loricariidae",25,4.151662993,0.533182196,0.21019931,0,0
"Hypostomus_watwata",49355,"Teleostei","Siluriformes","Loricariidae",45,5.478134961,0.510660802,0.295461389,0,0
"Hypostomus_wilsoni",49945,"Teleostei","Siluriformes","Loricariidae",32.5,3.938449815,0.447589934,0.223976944,0,0
"Hypselecara_coryphaenoides",47067,"Teleostei","Perciformes","Cichlidae",16,2.046883538,0.48330492,0.205955737,0.348819504,0.233751337
"Hypselecara_temporalis",12323,"Teleostei","Perciformes","Cichlidae",15,1.821093057,0.509973517,0.217255931,0.375877974,0.233501949
"Hypsolebias_adornatus",59885,"Teleostei","Cyprinodontiformes","Rivulidae",5,3.114607802,0.416505458,0.536303358,0.375040302,0.395549683
"Hypsolebias_auratus",57482,"Teleostei","Cyprinodontiformes","Rivulidae",5,3.09685427,0.38666611,0.437475521,0.423449734,0.528459674
"Hypsolebias_flammeus",49510,"Teleostei","Cyprinodontiformes","Rivulidae",6,2.695678,0.384642515,0.513515712,0.487411441,0.523737223
"Hypsolebias_flavicaudatus",49511,"Teleostei","Cyprinodontiformes","Rivulidae",8,2.971774562,0.519645583,0.492424439,0.561076821,0.400248634
"Hypsolebias_fulminantis",57483,"Teleostei","Cyprinodontiformes","Rivulidae",6,2.851170874,0.526769719,0.407203507,0.509713477,0.343055364
"Hypsolebias_ghisolfii",53744,"Teleostei","Cyprinodontiformes","Rivulidae",7.28,2.661578213,0.407401028,0.381027457,0.407709899,0.316894916
"Hypsolebias_hellneri",49514,"Teleostei","Cyprinodontiformes","Rivulidae",6,2.753135399,0.526277437,0.419300735,0.522245342,0.297364856
"Hypsolebias_magnificus",49521,"Teleostei","Cyprinodontiformes","Rivulidae",5,3.116492072,0.358987164,0.478863727,0.417653134,0.391259436
"Hypsolebias_notatus",49527,"Teleostei","Cyprinodontiformes","Rivulidae",5,2.880327266,0.467059677,0.459540952,0.494527343,0.381729469
"Hypsolebias_picturatus",59887,"Teleostei","Cyprinodontiformes","Rivulidae",4.25,3.207652181,0.510707268,0.487216505,0.596425259,0.32835871
"Ichthyoelephas_humeralis",13054,"Teleostei","Characiformes","Prochilodontidae",24,3.037712264,0.464565846,0.319718916,0.309741814,0.385115336
"Ichthyoelephas_longirostris",51423,"Teleostei","Characiformes","Prochilodontidae",80,3.451011475,0.52190931,0.206411765,0.27961198,0.395691176
"Iguanodectes_adujai",51955,"Teleostei","Characiformes","Characidae",6.2,5.884896823,0.503131995,0.58887897,0.484640996,0.389338095
"Iguanodectes_geisleri",51946,"Teleostei","Characiformes","Characidae",6,4.975015001,0.497899799,0.632368015,0.523389194,0.329133127
"Iguanodectes_gracilis",52562,"Teleostei","Characiformes","Characidae",5,5.5676316,0.585874363,0.676988458,0.546429543,0.407496061
"Iguanodectes_polylepis",52563,"Teleostei","Characiformes","Characidae",8.45,4.795025641,0.553662393,0.508765485,0.590613248,0.307312989
"Iguanodectes_purusii",53323,"Teleostei","Characiformes","Characidae",8,4.550717016,0.599106541,0.579876852,0.669815826,0.403898672
"Iguanodectes_spilurus",26466,"Teleostei","Characiformes","Characidae",10.15,5.389161877,0.531888445,0.572714982,0.571937291,0.374979844
"Iguanodectes_variatus",52564,"Teleostei","Characiformes","Characidae",10.3,4.405073909,0.524966166,0.543154681,0.567319338,0.306873403
"Iheringichthys_labrosus",48470,"Teleostei","Siluriformes","Pimelodidae",29.7,4.364879381,0.468722209,0.394337169,0.097558231,0.272896541
"Iheringichthys_megalops",48471,"Teleostei","Siluriformes","Pimelodidae","NA",5.192768595,0.418163035,0.499482759,0.163636364,"NA"
"Ilisha_amazonica",1626,"Teleostei","Clupeiformes","Pristigasteridae",19.7,2.907838346,0.62593985,0.367983312,0.648026316,0.46234287
"Imparfinis_borodini",48421,"Teleostei","Siluriformes","Heptapteridae",15.7,7.922621359,0.582524272,0.140625,0.359223301,0.273328125
"Imparfinis_cochabambae",48399,"Teleostei","Siluriformes","Heptapteridae",6,7.042704663,0.701924965,0.354959696,0.473016398,0.346475508
"Imparfinis_guttatus",48402,"Teleostei","Siluriformes","Heptapteridae",12.7,6.152469297,0.465531986,0.357142857,0.195500867,0.214285714
"Imparfinis_hasemani",57676,"Teleostei","Siluriformes","Heptapteridae",8.1,7.540955378,0.810735386,0.341144846,0.490217617,0.26246683
"Imparfinis_minutus",48424,"Teleostei","Siluriformes","Heptapteridae",12,6.299459202,0.530011291,0.26925,0.297141499,0.35355
"Imparfinis_mirini",27765,"Teleostei","Siluriformes","Heptapteridae",8.5,5.987768593,0.723358365,0.196684543,0.558474992,0.272200903
"Imparfinis_nemacheir",48425,"Teleostei","Siluriformes","Heptapteridae",9.9,5.682716555,0.556065774,0.33615,0.299506068,0.32802
"Imparfinis_pristos",57666,"Teleostei","Siluriformes","Heptapteridae",3.8,6.388094666,0.748597935,0.373630515,0.430009231,0.368201728
"Imparfinis_pseudonemacheir",57667,"Teleostei","Siluriformes","Heptapteridae",4,5.289339505,0.609189596,0.382821908,0.414835875,0.288419217
"Imparfinis_stictonotus",48429,"Teleostei","Siluriformes","Heptapteridae",4.8,5.639107795,0.648488669,0.407063636,0.361738643,0.283136364
"Inpaichthys_kerri",12388,"Teleostei","Characiformes","Characidae",3,3.121597064,0.52282419,0.455619972,0.50797992,0.159243779
"Iotabrycon_praecox",53451,"Teleostei","Characiformes","Characidae",2.18,3.974384885,0.492006597,0.67465306,0.571969228,0.546488223
"Iracema_caiana",52932,"Teleostei","Gymnotiformes","Rhamphichthyidae",36,16.87177569,0.633770008,0.293177656,0.564678478,0.228937729
"Isorineloricaria_spinosissima",14169,"Teleostei","Siluriformes","Loricariidae",56.5,5.745627676,0.617174247,0.286253283,0,0
"Ituglanis_amazonicus",48663,"Teleostei","Siluriformes","Trichomycteridae",7.5,5.556130717,0.457148413,0.189318244,0.234977637,"NA"
"Ituglanis_laticeps",48701,"Teleostei","Siluriformes","Trichomycteridae",9,7.08569013,0.528215245,0.235074011,0.261264547,"NA"
"Ituglanis_metae",48709,"Teleostei","Siluriformes","Trichomycteridae",8,7.024851894,0.475406272,0.188240482,0.263166476,0.358871086
"Ituglanis_nebulosus",62279,"Teleostei","Siluriformes","Trichomycteridae",3.51,6.503404143,0.731512612,0.123699905,0.555608754,0.111111111
"Japigny_kirschbaum",66688,"Teleostei","Gymnotiformes","Sternopygidae",22,6.801047872,0.704983086,0.078388204,0.652414092,0.453893153
"Jenynsia_alternimaculata",53090,"Teleostei","Cyprinodontiformes","Anablepidae",5.5,3.450768548,0.669217921,0.424996015,0.70318061,0.156517349
"Jenynsia_eigenmanni",53089,"Teleostei","Cyprinodontiformes","Anablepidae","NA",4.61844832,0.644757011,0.499965119,0.605395946,0.317570867
"Jenynsia_eirmostigma",53091,"Teleostei","Cyprinodontiformes","Anablepidae",7.1,4.570495305,0.606553832,0.569131404,0.584314573,0.344711841
"Jenynsia_lineata",11958,"Teleostei","Cyprinodontiformes","Anablepidae",10,3.879097943,0.450895948,0.558754717,0.537589086,0.283018868
"Jenynsia_maculata",53088,"Teleostei","Cyprinodontiformes","Anablepidae",7.3,4.077938063,0.526795626,0.494733703,0.601293015,0.470042462
"Jenynsia_onca",59729,"Teleostei","Cyprinodontiformes","Anablepidae",4.5,4.28330442,0.46849795,0.620188076,0.53948317,0.192791958
"Jupiaba_abramoides",27934,"Teleostei","Characiformes","Characidae",12,2.385902702,0.579367222,0.432720462,0.57988305,0.467195727
"Jupiaba_acanthogaster",50949,"Teleostei","Characiformes","Characidae",5.5,2.505136796,0.552906465,0.51098913,0.519580554,0.354891304
"Jupiaba_anteroides",51060,"Teleostei","Characiformes","Characidae",7.45,2.805094931,0.592438179,0.432984088,0.554052157,0.32625903
"Jupiaba_apenima",58109,"Teleostei","Characiformes","Characidae",4.046,2.942821884,0.65086226,0.438179134,0.629800968,0.502852245
"Jupiaba_asymmetrica",51059,"Teleostei","Characiformes","Characidae","NA",2.408117969,0.596516933,0.438314134,0.621635344,0.509567576
"Jupiaba_atypindi",58111,"Teleostei","Characiformes","Characidae","NA",2.691522989,0.577209855,0.549424705,0.516808386,0.164237329
"Jupiaba_essequibensis",51054,"Teleostei","Characiformes","Characidae",5.1,3.11687076,0.58441897,0.636853615,0.538564809,0.23688454
"Jupiaba_iasy",65098,"Teleostei","Characiformes","Characidae",10,2.872316201,0.582517394,0.539464454,0.504201051,0.377265962
"Jupiaba_keithi",27942,"Teleostei","Characiformes","Characidae",10,2.006354251,0.531028919,0.410914928,0.564805665,0.49070947
"Jupiaba_maroniensis",27944,"Teleostei","Characiformes","Characidae",6,2.247513551,0.542077045,0.49348052,0.532673582,0.332959981
"Jupiaba_meunieri",27943,"Teleostei","Characiformes","Characidae",9,2.170297082,0.565307588,0.411648476,0.53545573,0.365355664
"Jupiaba_ocellata",27941,"Teleostei","Characiformes","Characidae",12,2.515006533,0.539122258,0.446405534,0.575724008,0.372370558
"Jupiaba_pirana",58113,"Teleostei","Characiformes","Characidae",4.35,3.247051333,0.626934396,0.513241801,0.600301273,0.123657754
"Jupiaba_polylepis",51057,"Teleostei","Characiformes","Characidae",7.3,2.573037154,0.569055298,0.493465097,0.584579635,0.386039007
"Jupiaba_poranga",58114,"Teleostei","Characiformes","Characidae",8.02,2.491844689,0.544199842,0.442204754,0.534244305,0.231807996
"Jupiaba_potaroensis",50915,"Teleostei","Characiformes","Characidae","NA",2.572743127,0.555957272,0.505752686,0.547224462,0.27188929
"Jupiaba_scologaster",51055,"Teleostei","Characiformes","Characidae",4,2.663274654,0.582037415,0.595256785,0.571199161,0.248140589
"Jupiaba_yarina",58116,"Teleostei","Characiformes","Characidae",7.73,2.803577365,0.581437915,0.548595503,0.573641967,0.437756907
"Klausewitzia_ritae",48823,"Teleostei","Characiformes","Crenuchidae",2.5,4.589814575,0.448857266,0.574082426,0.448857266,0.497543791
"Knodus_breviceps",51148,"Teleostei","Characiformes","Characidae",9,3.025358132,0.603370731,0.52173913,0.560109086,0.486971014
"Knodus_delta",51272,"Teleostei","Characiformes","Characidae",3.61,3.299251521,0.640324695,0.410299802,"NA","NA"
"Knodus_gamma",51271,"Teleostei","Characiformes","Characidae",4.84,2.520564985,0.539537833,0.436038906,0.525751963,0.410457957
"Knodus_heteresthes",27929,"Teleostei","Characiformes","Characidae",5.1,3.715372236,0.640344249,0.514181091,0.618926672,0.363573716
"Knodus_hypopterus",51267,"Teleostei","Characiformes","Characidae",6.4,3.208066458,0.558234274,0.494313114,0.516216659,0.365825568
"Knodus_megalops",51149,"Teleostei","Characiformes","Characidae",6.9,2.812616404,0.622197298,0.498441661,0.677587644,0.366919815
"Knodus_mizquae",53324,"Teleostei","Characiformes","Characidae","NA",3.334554475,0.692450073,0.435114504,0.71153162,0.599374046
"Knodus_moenkhausii",51150,"Teleostei","Characiformes","Characidae",4.5,3.724290452,0.528231158,0.516332007,0.520258455,0.398730946
"Knodus_orteguasae",51258,"Teleostei","Characiformes","Characidae","NA",3.338444828,0.506668903,0.462718186,0.525317871,0.340205878
"Knodus_savannensis",51270,"Teleostei","Characiformes","Characidae",3.37,2.705198844,0.639008986,0.424462303,0.599589935,0.421580439
"Knodus_septentrionalis",61052,"Teleostei","Characiformes","Characidae",5.05,3.629108229,0.651743659,0.524783635,0.706109189,0.459251246
"Knodus_smithi",51273,"Teleostei","Characiformes","Characidae",3.5,2.907891599,0.563712737,0.54786688,0.490523035,0.51592726
"Knodus_victoriae",51269,"Teleostei","Characiformes","Characidae","NA",3.042772063,0.539337643,0.4655598,0.506232836,0.296053313
"Kolpotocheirodon_theloura",58306,"Teleostei","Characiformes","Characidae",3,2.744392874,0.505724093,0.568599592,0.514634217,0.192698127
"Krobia_guianensis",47068,"Teleostei","Perciformes","Cichlidae",13,2.503067133,0.559489785,0.264359278,0.380461989,0.281457569
"Krobia_itanyi",12267,"Teleostei","Perciformes","Cichlidae",12.5,2.324735892,0.583640216,0.384522423,0.321024868,0.368328536
"Kronichthys_subteres",48861,"Teleostei","Siluriformes","Loricariidae",12,5.74094965,0.560206757,0.263157895,0,0
"Kryptolebias_marmoratus",3213,"Teleostei","Cyprinodontiformes","Rivulidae",8,4.307705691,0.494938791,0.517297606,0.448976687,0.350327472
"Kryptolebias_ocellatus",57627,"Teleostei","Cyprinodontiformes","Rivulidae",6,4.518584809,0.349679392,0.558042371,0.427572245,0.215506365
"Kryptolebias_sepia",62097,"Teleostei","Cyprinodontiformes","Rivulidae",7,4.891981299,0.58543578,0.45360644,0.682140967,0.19870849
"Laemolyta_fernandezi",53278,"Teleostei","Characiformes","Anostomidae",25,3.939779192,0.422737855,0.453853698,0.485135979,0.194867414
"Laemolyta_garmani",53259,"Teleostei","Characiformes","Anostomidae",21.4,5.082951812,0.452515824,0.573109843,0.605006152,0.333131241
"Laemolyta_orinocensis",53280,"Teleostei","Characiformes","Anostomidae",17,4.817961976,0.304750015,0.37404485,0.422920394,0.253157117
"Laemolyta_proxima",53282,"Teleostei","Characiformes","Anostomidae",28.5,4.004922378,0.396586375,0.617058087,0.485582384,0.287491718
"Laemolyta_taeniata",13254,"Teleostei","Characiformes","Anostomidae",29,4.803411755,0.439599213,0.670669369,0.490575262,0.336545693
"Laetacara_araguaiae",64940,"Teleostei","Perciformes","Cichlidae",3.63,1.703676005,0.159247866,0.725370448,0.169326845,0.179048276
"Laetacara_curviceps",12262,"Teleostei","Perciformes","Cichlidae",7,2.385939535,0.594134979,0.401807702,0.528118795,0.225368963
"Laetacara_dorsigera",12264,"Teleostei","Perciformes","Cichlidae",6,2.268422253,0.568854632,0.398303041,0.502830014,0.207097941
"Laetacara_flavilabris",26730,"Teleostei","Perciformes","Cichlidae",8.2,2.420097501,0.567630618,0.321772205,0.384450854,0.211999375
"Laetacara_thayeri",26728,"Teleostei","Perciformes","Cichlidae",12,2.326043578,0.624060193,0.444301887,0.426682218,0.160650943
"Laimosemion_agilae",49723,"Teleostei","Cyprinodontiformes","Rivulidae",5,4.05870623,0.524389583,0.480979167,0.637152797,0.2175
"Laimosemion_altivelis",49724,"Teleostei","Cyprinodontiformes","Rivulidae",8.5,5.997516471,0.825549851,0.464788732,0.669674573,0.347862676
"Laimosemion_breviceps",49735,"Teleostei","Cyprinodontiformes","Rivulidae",4,5.204671514,0.447794579,0.583136268,0.689288444,0.374138517
"Laimosemion_cladophorus",49741,"Teleostei","Cyprinodontiformes","Rivulidae",5,4.06554997,0.575353586,0.422130222,0.606231852,0.340158073
"Laimosemion_dibaphus",57478,"Teleostei","Cyprinodontiformes","Rivulidae",5,4.288720964,0.485781654,0.526266026,0.515191803,0.275269231
"Laimosemion_geayi",49755,"Teleostei","Cyprinodontiformes","Rivulidae",5,4.932161153,0.539958614,0.449211848,0.61169846,0.19946358
"Laimosemion_gransabanae",46237,"Teleostei","Cyprinodontiformes","Rivulidae",5,4.506424315,0.388334851,0.595308621,0.439719027,0.241640271
"Laimosemion_lyricauda",49773,"Teleostei","Cyprinodontiformes","Rivulidae",6,5.207675731,0.465101857,0.454617738,0.489339478,0.43653772
"Laimosemion_tecminae",46234,"Teleostei","Cyprinodontiformes","Rivulidae",6,5.064398383,0.455432345,0.458100156,0.44399398,0.558733254
"Laimosemion_torrenticola",61593,"Teleostei","Cyprinodontiformes","Rivulidae",3.2,3.98875376,0.53499972,0.595770369,0.633198827,0.351067144
"Laimosemion_xiphidius",49805,"Teleostei","Cyprinodontiformes","Rivulidae",4.5,4.646255043,0.537274162,0.594280491,0.627661814,0.351103421
"Lamontichthys_filamentosus",50512,"Teleostei","Siluriformes","Loricariidae",17,7.717,0.529207547,0.17182034,0,0
"Lamontichthys_llanero",57429,"Teleostei","Siluriformes","Loricariidae",20.2,7.235294118,0.476720588,0.415936653,0,0
"Lamontichthys_stibaros",50513,"Teleostei","Siluriformes","Loricariidae",24.2,9.224038696,0.648906054,0.345914189,0,0
"Landonia_latidens",53452,"Teleostei","Characiformes","Characidae",4.21,3.420023741,0.516597906,0.519986138,0.616127238,0.263891666
"Lasiancistrus_caucanus",49817,"Teleostei","Siluriformes","Loricariidae",23.5,6.200018182,0.775,0.291582448,0,0
"Lasiancistrus_guacharote",49900,"Teleostei","Siluriformes","Loricariidae",11.95,5.302063218,0.683487482,0.248285714,0,0
"Lasiancistrus_heteracanthus",49901,"Teleostei","Siluriformes","Loricariidae",15.3,6.604208333,0.7009375,0.371538538,0,0
"Lasiancistrus_schomburgkii",48199,"Teleostei","Siluriformes","Loricariidae",14.4,5.841182971,0.639144696,0.35608,0,0
"Lebiasina_bimaculata",11913,"Teleostei","Characiformes","Lebiasinidae",16,4.363184721,0.594115664,0.510617945,0.617151244,0.268881661
"Lebiasina_chucuriensis",61561,"Teleostei","Characiformes","Lebiasinidae",15,4.884726739,0.596761082,0.46819188,0.556099892,0.572257435
"Lebiasina_floridablancaensis",53707,"Teleostei","Characiformes","Lebiasinidae",13,4.907858633,0.665261383,0.378327858,0.661116986,0.682875874
"Lebiasina_multimaculata",50852,"Teleostei","Characiformes","Lebiasinidae",15,4.656279093,0.526117807,0.520231214,0.546825856,0.403709402
"Leiarius_marmoratus",13262,"Teleostei","Siluriformes","Pimelodidae",100,4.825020781,0.677653692,0.295277778,0.361415302,0.365361111
"Leiarius_pictus",48541,"Teleostei","Siluriformes","Pimelodidae",60,4.839128957,0.5805555,0.366336975,0.283828911,0.35144915
"Leporacanthicus_galaxias",54655,"Teleostei","Siluriformes","Loricariidae",21.1,4.028770674,0.61255773,0.367039621,0,0
"Leporacanthicus_heterodon",57544,"Teleostei","Siluriformes","Loricariidae",16,4.779532533,0.742237336,0.274564407,0,0
"Leporacanthicus_joselimai",57545,"Teleostei","Siluriformes","Loricariidae",10,4.872780148,0.816820877,0.321452183,0,0
"Leporacanthicus_triactis",53592,"Teleostei","Siluriformes","Loricariidae",25,3.936010771,0.707658816,0.300331663,0,0
"Leporellus_pictus",53284,"Teleostei","Characiformes","Anostomidae","NA",4.368502321,0.48112387,0.375712871,0.271551429,0.219841584
"Leporellus_vittatus",13255,"Teleostei","Characiformes","Anostomidae",30,3.627733207,0.51802125,0.363815726,0.343941296,0.189130017
"Leporinus_affinis",25646,"Teleostei","Characiformes","Anostomidae",30,3.675385769,0.425525075,0.2765,0.415034291,0.316545455
"Leporinus_agassizii",53285,"Teleostei","Characiformes","Anostomidae",23.4,3.002255056,0.487826966,0.371582895,0.433760674,0.240506416
"Leporinus_amae",58474,"Teleostei","Characiformes","Anostomidae",19.4,3.538109524,0.595314286,0.365991617,0.395266667,0.23253371
"Leporinus_amblyrhynchus",52566,"Teleostei","Characiformes","Anostomidae",27.4,4.047999213,0.523559716,0.388381173,0.312193072,0.246376812
"Leporinus_arcus",12328,"Teleostei","Characiformes","Anostomidae",40,3.081416621,0.499179569,0.37342142,0.389012016,0.211807226
"Leporinus_boehlkei",52568,"Teleostei","Characiformes","Anostomidae",16,3.193252458,0.507391423,0.431100897,0.462991892,0.22774307
"Leporinus_brunneus",52631,"Teleostei","Characiformes","Anostomidae",26,4.600968617,0.549922511,0.38590398,0.40414568,0.214124086
"Leporinus_cylindriformis",53290,"Teleostei","Characiformes","Anostomidae",19.86,4.664264907,0.498268787,0.466045455,0.401400995,0.257636364
"Leporinus_desmotes",27664,"Teleostei","Characiformes","Anostomidae",22,4.69648727,0.501804705,0.437183201,0.358169513,0.44288559
"Leporinus_ecuadorensis",14162,"Teleostei","Characiformes","Anostomidae",25,3.306008671,0.475111014,0.374822477,0.335033924,0.262996406
"Leporinus_fasciatus",5352,"Teleostei","Characiformes","Anostomidae",37,3.993245825,0.471389875,0.459670807,0.521882886,0.307937888
"Leporinus_friderici",12330,"Teleostei","Characiformes","Anostomidae",40,3.39105718,0.472554325,0.360283086,0.464835413,0.264668959
"Leporinus_gossei",27840,"Teleostei","Characiformes","Anostomidae",25,3.175535263,0.528242187,0.513118111,0.495027865,0.227424232
"Leporinus_granti",27848,"Teleostei","Characiformes","Anostomidae",25,3.546677023,0.489329043,0.384836058,0.381257479,0.245780622
"Leporinus_jamesi",58477,"Teleostei","Characiformes","Anostomidae",15.49,3.74188818,0.507036875,0.480321444,0.502429054,0.407962307
"Leporinus_klausewitzi",53292,"Teleostei","Characiformes","Anostomidae","NA",3.144436607,0.511507548,0.344625515,0.483520677,0.184458738
"Leporinus_lacustris",52573,"Teleostei","Characiformes","Anostomidae",24,2.700861854,0.514284187,0.397062702,0.499342529,0.208862538
"Leporinus_lebaili",27847,"Teleostei","Characiformes","Anostomidae","NA",3.211026398,0.499114078,0.373932376,0.467528075,0.188534161
"Leporinus_maculatus",12331,"Teleostei","Characiformes","Anostomidae",20,4.157908314,0.541411858,0.486097608,0.418147468,0.26822866
"Leporinus_marcgravii",58478,"Teleostei","Characiformes","Anostomidae",11.85,3.784437831,0.56249521,0.346111092,0.478118693,0.278505743
"Leporinus_melanopleura",12332,"Teleostei","Characiformes","Anostomidae","NA",4.169370261,0.557818222,0.52017,0.516658126,0.41161
"Leporinus_melanostictus",27838,"Teleostei","Characiformes","Anostomidae",28,3.045381856,0.576039353,0.385042269,0.585748317,0.33318409
"Leporinus_microphthalmus",52575,"Teleostei","Characiformes","Anostomidae",12,4.08405788,0.56705825,0.364427723,0.429873083,0.21009885
"Leporinus_moralesi",51325,"Teleostei","Characiformes","Anostomidae",30,3.959491253,0.449043095,0.494117647,0.354231757,0.514561765
"Leporinus_niceforoi",53746,"Teleostei","Characiformes","Anostomidae",12.8,5.097601307,0.576901961,0.515478481,0.507267974,0.382618272
"Leporinus_nigrotaeniatus",12333,"Teleostei","Characiformes","Anostomidae",40,4.544607764,0.424707145,0.449322394,0.324414483,0.296349804
"Leporinus_nijsseni",27849,"Teleostei","Characiformes","Anostomidae",17,3.333302849,0.489780054,0.415120141,0.385888701,0.236902888
"Leporinus_octofasciatus",27665,"Teleostei","Characiformes","Anostomidae",31.2,3.620270143,0.509620489,0.337846966,0.413396186,0.279738619
"Leporinus_octomaculatus",52576,"Teleostei","Characiformes","Anostomidae",12.9,3.906020145,0.430295316,0.441466827,0.342300114,0.286131095
"Leporinus_ortomaculatus",56963,"Teleostei","Characiformes","Anostomidae",7.8,3.48962137,0.453730644,0.470611807,0.388105095,0.312596796
"Leporinus_parae",58479,"Teleostei","Characiformes","Anostomidae",23,3.068509293,0.41525643,0.430353191,0.453589286,0.342855227
"Leporinus_pearsoni",14172,"Teleostei","Characiformes","Anostomidae","NA",4.012146641,0.427829256,0.465464324,0.341230242,0.204989582
"Leporinus_piau",58480,"Teleostei","Characiformes","Anostomidae",33.02,3.133726647,0.510892071,0.356290672,0.449936446,0.244407538
"Leporinus_punctatus",56965,"Teleostei","Characiformes","Anostomidae","NA",3.560974322,0.547163504,0.347327149,0.623444084,0.217635682
"Leporinus_reticulatus",52581,"Teleostei","Characiformes","Anostomidae",13.59,4.108970146,0.499964908,0.399116622,0.23745143,0.24459197
"Leporinus_sexstriatus",52582,"Teleostei","Characiformes","Anostomidae",8,4.300947454,0.597936795,0.380566274,0.459483887,0.24059562
"Leporinus_steyermarki",53301,"Teleostei","Characiformes","Anostomidae",30,3.386407767,0.561366614,0.538105703,0.476581449,0.271895987
"Leporinus_striatus",51328,"Teleostei","Characiformes","Anostomidae",25,3.783592772,0.483971625,0.468741211,0.38049732,0.193621684
"Leporinus_subniger",53303,"Teleostei","Characiformes","Anostomidae","NA",3.424111655,0.531231785,0.401009837,0.504398278,0.25798729
"Leporinus_taeniatus",53304,"Teleostei","Characiformes","Anostomidae",19,4.63299306,0.401597565,0.380146489,0.24207851,0.279491538
"Leporinus_tigrinus",56940,"Teleostei","Characiformes","Anostomidae",20,3.652716523,0.491041484,0.413605746,0.430466376,0.388781956
"Leporinus_y.ophorus",51331,"Teleostei","Characiformes","Anostomidae","NA",4.026123803,0.414120355,0.426197764,0.368359683,0.210165587
"Leptagoniates_steindachneri",51151,"Teleostei","Characiformes","Characidae",8,4.393872487,0.452636111,0.599666436,0.54095266,0.363610242
"Lepthoplosternum_altamazonicum",46505,"Teleostei","Siluriformes","Callichthyidae",5,3.580077072,0.360743047,0.337994846,0.060121159,0.144999789
"Lepthoplosternum_beni",46507,"Teleostei","Siluriformes","Callichthyidae",5,3.682916816,0.390992705,0.33387619,0.138266506,0.249263492
"Lepthoplosternum_pectorale",46504,"Teleostei","Siluriformes","Callichthyidae",6.03,3.23904429,0.460759417,0.301818918,0.290107855,0.096329787
"Leptoancistrus_canensis",50073,"Teleostei","Siluriformes","Loricariidae",8,4.503064218,0.679920031,0.250099367,0,0
"Leptobrycon_jatuaranae",53453,"Teleostei","Characiformes","Characidae",3,3.205711924,0.524011837,0.622248436,0.550368822,0.740758085
"Leptocharacidium_omospilus",48733,"Teleostei","Characiformes","Crenuchidae",7,4.438602732,0.505928666,0.450213909,0.348623364,0.190831014
"Leptodoras_acipenserinus",47460,"Teleostei","Siluriformes","Doradidae",20.3,6.179820225,0.516977528,0.250730769,0,"NA"
"Leptodoras_copei",47583,"Teleostei","Siluriformes","Doradidae",14.2,5.360835052,0.56785567,0.277014533,0,"NA"
"Leptodoras_hasemani",47461,"Teleostei","Siluriformes","Doradidae",22.8,5.189679963,0.590674069,0.339409789,0,"NA"
"Leptodoras_juruensis",47462,"Teleostei","Siluriformes","Doradidae",29,8.100946281,0.565348443,0.276695652,0,"NA"
"Leptodoras_linnelli",47463,"Teleostei","Siluriformes","Doradidae",23,5.37128866,0.557082474,0.421843976,0,"NA"
"Leptodoras_myersi",54045,"Teleostei","Siluriformes","Doradidae",8,7.165438356,0.630726027,0.318558018,0,"NA"
"Leptodoras_praelongus",47480,"Teleostei","Siluriformes","Doradidae",18.5,4.881854545,0.581890909,0.344012821,0,"NA"
"Leptorhamdia_marmorata",47777,"Teleostei","Siluriformes","Heptapteridae",12.8,8.509080808,0.949899308,0.54520051,0.673877919,0.375468329
"Limatulichthys_griseus",50663,"Teleostei","Siluriformes","Loricariidae",23.7,11.97340277,0.598530643,0.307016918,0,0
"Liosomadoras_morrowi",57835,"Teleostei","Siluriformes","Auchenipteridae","NA",2.761987244,0.413477222,0.221759249,0.350772385,0.125024672
"Liosomadoras_oncinus",12106,"Teleostei","Siluriformes","Auchenipteridae",17,3.795540255,0.458680854,0.225878715,0.38216102,0.249432069
"Lithodoras_dorsalis",25730,"Teleostei","Siluriformes","Doradidae",100,4.472071051,0.339580309,0.413987265,0.160237251,"NA"
"Lithogenes_villosus",48120,"Teleostei","Siluriformes","Loricariidae",4.4,7.025232196,0.6026533,0.228675049,0,0
"Lithoxus_lithoides",48297,"Teleostei","Siluriformes","Loricariidae",9,7.795102564,0.69275641,0.310834488,0,0
"Llanolebias_stellifer",49795,"Teleostei","Cyprinodontiformes","Rivulidae",7.5,3.861988793,0.614493266,0.402389819,0.621773649,0.409370923
"Lonchogenys_ilisha",51956,"Teleostei","Characiformes","Characidae",6,3.059538622,0.711501826,0.668870703,0.668664205,0.443473943
"Lophiosilurus_alexandri",47746,"Teleostei","Siluriformes","Pseudopimelodidae",72,5.004531873,0.640164343,0.219776293,0.440737052,0.342029089
"Loricaria_apeltogaster",50630,"Teleostei","Siluriformes","Loricariidae",32.4,9.759259259,0.458697531,0.417613333,0,0
"Loricaria_cataphracta",23461,"Teleostei","Siluriformes","Loricariidae",30,8.663686612,0.576410834,0.438601435,0,0
"Loricaria_clavipinna",50631,"Teleostei","Siluriformes","Loricariidae",18,10.07606827,0.621132588,0.42945659,0,0
"Loricaria_lata",50632,"Teleostei","Siluriformes","Loricariidae",27,9.975402548,0.629522299,0.310035475,0,0
"Loricaria_lentiginosa",50633,"Teleostei","Siluriformes","Loricariidae",51.4,8.642020597,0.507831312,0.260992914,0,0
"Loricaria_nickeriensis",48375,"Teleostei","Siluriformes","Loricariidae",12,13.7392371,0.735521891,0.508493168,0,0
"Loricaria_parnahybae",50634,"Teleostei","Siluriformes","Loricariidae",16,7.927557543,0.482333262,0.277139788,0,0
"Loricaria_simillima",50637,"Teleostei","Siluriformes","Loricariidae",26.4,8.786302083,0.54865625,0.252599388,0,0
"Loricaria_tucumanensis",50638,"Teleostei","Siluriformes","Loricariidae",12.12,9.189781022,0.613313869,0.283010101,0,0
"Loricariichthys_anus",50667,"Teleostei","Siluriformes","Loricariidae",46,8.304128552,0.522877465,0.265612412,0,0
"Loricariichthys_brunneus",63642,"Teleostei","Siluriformes","Loricariidae","NA",6.978978947,0.452757895,0.278631641,0,0
"Loricariichthys_castaneus",50671,"Teleostei","Siluriformes","Loricariidae",39.6,9.796293354,0.542421142,0.375634873,0,0
"Loricariichthys_chanjoo",50672,"Teleostei","Siluriformes","Loricariidae",23,8.40194051,0.616202999,0.223838321,0,0
"Loricariichthys_edentatus",58315,"Teleostei","Siluriformes","Loricariidae",12,11.32210773,0.627156707,0.450754254,0,0
"Loricariichthys_maculatus",23463,"Teleostei","Siluriformes","Loricariidae","NA",8.375645833,0.458333333,0.358231826,0,0
"Loricariichthys_melanocheilus",58316,"Teleostei","Siluriformes","Loricariidae",43,8.232142857,0.452071429,0.4475,0,0
"Loricariichthys_platymetopon",50677,"Teleostei","Siluriformes","Loricariidae",38.3,8.259375543,0.682214181,0.242457869,0,0
"Loricariichthys_rostratus",58317,"Teleostei","Siluriformes","Loricariidae",28,9.048411307,0.667455394,0.263444308,0,0
"Loricariichthys_stuebelii",50679,"Teleostei","Siluriformes","Loricariidae",19,9.678295652,0.782608696,0.2,0,0
"Loricariichthys_ucayalensis",50680,"Teleostei","Siluriformes","Loricariidae",22,8.810764073,0.50740018,0.353441022,0,0
"Luciopimelodus_pati",12117,"Teleostei","Siluriformes","Pimelodidae",103,5.995111868,0.541479288,0.214985504,0.297282199,0.697115865
"Lycengraulis_batesii",551,"Teleostei","Clupeiformes","Engraulidae",30,3.798103375,0.654279142,0.535726849,0.613342097,0.884003166
"Lycengraulis_grossidens",552,"Teleostei","Clupeiformes","Engraulidae",24,4.641661328,0.630589032,0.505287981,0.574635255,1.321304369
"Macropsobrycon_uruguayanae",53326,"Teleostei","Characiformes","Characidae",5,3.281876337,0.538610686,0.558479689,0.588838505,0.648931042
"Maratecoara_formosa",49653,"Teleostei","Cyprinodontiformes","Rivulidae",5,3.141911884,0.376392067,0.478898847,0.39959399,0.224179094
"Markiana_geayi",51957,"Teleostei","Characiformes","Characidae",10.4,2.059868658,0.495625336,0.39352459,0.508786719,0.238688525
"Markiana_nigripinnis",53327,"Teleostei","Characiformes","Characidae",10.4,2.157128572,0.455490927,0.493127015,0.494776342,0.496623249
"Mastiglanis_asopos",53247,"Teleostei","Siluriformes","Heptapteridae",6.6,9.833452381,0.69947619,0.372635745,0.317666667,0.671797707
"Mazarunia_mazarunii",52018,"Teleostei","Perciformes","Cichlidae",5.3,2.415949543,0.487861457,0.428946429,0.37965685,0.209017857
"Megadontognathus_kaitukaensis",54941,"Teleostei","Gymnotiformes","Apteronotidae",16,9.948974455,0.485699119,0.17733445,0.225491722,0.183135996
"Megalancistrus_barrae",49947,"Teleostei","Siluriformes","Loricariidae",38.5,4.731468976,0.572424812,0.262048231,0,0
"Megalancistrus_parananus",49946,"Teleostei","Siluriformes","Loricariidae",60,4.647742671,0.678671102,0.212942738,0,0
"Megalechis_picta",12207,"Teleostei","Siluriformes","Callichthyidae",15.5,3.558931282,0.463632149,0.226804124,0.304542686,"NA"
"Megalechis_thoracata",46502,"Teleostei","Siluriformes","Callichthyidae",12.4,3.288609669,0.479316828,0.181818182,0.21334402,0.13589899
"Megaleporinus_elongatus",53291,"Teleostei","Characiformes","Anostomidae",50,3.662474812,0.496447955,0.433333333,0.467980114,0.246083333
"Megaleporinus_macrocephalus",52574,"Teleostei","Characiformes","Anostomidae",68.4,3.331926701,0.468228527,0.280553637,0.46489693,0.272187394
"Megaleporinus_muyscorum",53260,"Teleostei","Characiformes","Anostomidae",26,3.831314869,0.423820896,0.381767469,0.342452264,0.195587249
"Megaleporinus_obtusidens",23445,"Teleostei","Characiformes","Anostomidae",76,3.360849308,0.485040158,0.316909506,0.4494364,0.290916215
"Megaleporinus_piavussu",66791,"Teleostei","Characiformes","Anostomidae",38.02,3.102652657,0.414630101,0.311111111,0.399996098,0.267133333
"Megaleporinus_reinhardti",51875,"Teleostei","Characiformes","Anostomidae",17,3.42649745,0.46823496,0.337010526,0.426908034,0.254378947
"Megaleporinus_trifasciatus",25647,"Teleostei","Characiformes","Anostomidae",23.8,3.762483025,0.549968587,0.339393939,0.458227361,0.185518182
"Megalodoras_uranoscopus",25732,"Teleostei","Siluriformes","Doradidae",60,3.762053987,0.456073534,0.174041518,0.229545455,"NA"
"Megalonema_amaxanthum",64682,"Teleostei","Siluriformes","Pimelodidae",10.6,4.761425532,0.531914894,0.269230769,0.312056738,0.367128205
"Megalonema_platanum",47742,"Teleostei","Siluriformes","Pimelodidae",40,5.279043462,0.518454243,0.248797177,0.215667884,"NA"
"Megalonema_platycephalum",47744,"Teleostei","Siluriformes","Pimelodidae",30,4.785731458,0.609425712,0.362973684,0.300479324,0.328947368
"Megalonema_xanthum",47741,"Teleostei","Siluriformes","Pimelodidae",15.93,4.92958267,0.429670269,0.311434428,0.176867712,0.347112644
"Melanocharacidium_blennioides",48744,"Teleostei","Characiformes","Crenuchidae",5.5,5.025792826,0.643075577,0.415693063,0.462203127,0.482064521
"Melanocharacidium_depressum",48812,"Teleostei","Characiformes","Crenuchidae",3.4,5.992965514,0.506706663,0.52769819,0.158429433,0.30248994
"Melanocharacidium_dispilomma",28027,"Teleostei","Characiformes","Crenuchidae",5,5.237853054,0.565073326,0.407171907,0.382876731,0.372958934
"Melanocharacidium_melanopteron",48814,"Teleostei","Characiformes","Crenuchidae",7.19,5.489080586,0.604794872,0.539059748,0.44010989,0.40741195
"Melanocharacidium_pectorale",48818,"Teleostei","Characiformes","Crenuchidae",4.36,5.819244491,0.560041973,0.460693473,0.373392295,0.311357766
"Melanocharacidium_rex",48821,"Teleostei","Characiformes","Crenuchidae",10,4.660494201,0.513091276,0.532215864,0.397740797,0.505626343
"Melanorivulus_apiamici",61798,"Teleostei","Cyprinodontiformes","Rivulidae",3,3.876078221,0.555070552,0.484547239,0.622745399,0.296847757
"Melanorivulus_decoratus",49745,"Teleostei","Cyprinodontiformes","Rivulidae",5,4.648098658,0.54630007,0.522699877,0.597136064,0.435842212
"Melanorivulus_pictus",49785,"Teleostei","Cyprinodontiformes","Rivulidae",5,4.050277213,0.541692848,0.499697377,0.603659213,0.21664425
"Melanorivulus_pinima",62908,"Teleostei","Cyprinodontiformes","Rivulidae",3,4.673796875,0.493494792,0.617407407,0.541845486,0.368305556
"Melanorivulus_punctatus",49788,"Teleostei","Cyprinodontiformes","Rivulidae",4,4.67454677,0.490067925,0.565225977,0.602741812,0.187651725
"Melanorivulus_violaceus",49801,"Teleostei","Cyprinodontiformes","Rivulidae",5,4.628560575,0.656830239,0.526593452,0.779435973,0.350646108
"Melanorivulus_zygonectes",49806,"Teleostei","Cyprinodontiformes","Rivulidae",4,4.547463099,0.550032678,0.587820344,0.671411786,0.229314878
"Mesoheros_atromaculatus",47120,"Teleostei","Perciformes","Cichlidae",25,2.538788385,0.535593081,0.284075495,0.401835076,0.333348305
"Mesoheros_festae",12308,"Teleostei","Perciformes","Cichlidae",25,2.267973674,0.587339465,0.188905547,0.430164605,0.387223607
"Mesoheros_ornatus",47064,"Teleostei","Perciformes","Cichlidae",26,2.333569396,0.601303066,0.31459122,0.426792681,0.28078371
"Mesonauta_acora",52201,"Teleostei","Perciformes","Cichlidae",7.1,1.778018424,0.608974969,0.458956202,0.490089194,0.213086808
"Mesonauta_egregius",57774,"Teleostei","Perciformes","Cichlidae",8.2,1.658385093,0.4894056,0.273450417,0.355068867,0.116332826
"Mesonauta_festivus",11140,"Teleostei","Perciformes","Cichlidae",12.1,1.887648094,0.646037527,0.319148043,0.500030693,0.102177765
"Mesonauta_guyanae",57775,"Teleostei","Perciformes","Cichlidae",10,1.945514295,0.67043685,0.286235161,0.52640329,0.121911979
"Mesonauta_insignis",13272,"Teleostei","Perciformes","Cichlidae",9.4,1.948741429,0.545721429,0.370159611,0.380097143,0.194076894
"Mesonauta_mirificus",57772,"Teleostei","Perciformes","Cichlidae",10,2.195745505,0.507155364,0.419846257,0.419144387,0.253831881
"Metaloricaria_nijsseni",48326,"Teleostei","Siluriformes","Loricariidae",30,8.853008231,0.644815539,0.214242997,0,0
"Metaloricaria_paucidens",48324,"Teleostei","Siluriformes","Loricariidae",27,9.887921621,0.740106711,1.012186274,0,0
"Metynnis_altidorsalis",56431,"Teleostei","Characiformes","Characidae",11.2,1.553453053,0.465359119,0.265276431,0.442742008,0.14608176
"Metynnis_argenteus",25518,"Teleostei","Characiformes","Characidae",14,1.200355375,0.507967968,0.381742274,0.494741301,0.237645586
"Metynnis_fasciatus",56433,"Teleostei","Characiformes","Characidae",6,1.360256562,0.441343627,0.278179491,0.470690266,0.13494672
"Metynnis_hypsauchen",11937,"Teleostei","Characiformes","Characidae",18,1.21136062,0.524831602,0.273374352,0.512057845,0.100832958
"Metynnis_lippincottianus",26527,"Teleostei","Characiformes","Characidae",16.4,1.593743418,0.56777756,0.309949515,0.554206071,0.142932667
"Metynnis_luna",51152,"Teleostei","Characiformes","Characidae",12.9,1.475817651,0.449692647,0.391009664,0.50232557,0.192650063
"Metynnis_maculatus",11940,"Teleostei","Characiformes","Characidae",18,1.760919398,0.474499338,0.359758278,0.4808714,0.150910819
"Metynnis_mola",53328,"Teleostei","Characiformes","Characidae",15,1.391167616,0.600346036,0.38719918,0.577603049,0.117134044
"Metynnis_orinocensis",58138,"Teleostei","Characiformes","Characidae","NA",1.495104776,0.512868268,0.367585555,0.537095309,"NA"
"Microcharacidium_eleotrioides",28028,"Teleostei","Characiformes","Crenuchidae",2.1,4.851716718,0.535036018,0.477600535,0.4072177,0.291603783
"Microcharacidium_gnomus",48827,"Teleostei","Characiformes","Crenuchidae",2.2,4.260666529,0.535782977,0.54222637,0.408174059,0.190388098
"Microcharacidium_weitzmani",48840,"Teleostei","Characiformes","Crenuchidae",1.2,4.959860353,0.538002257,0.60192284,0.374307273,0.25187963
"Microglanis_cottoides",54572,"Teleostei","Siluriformes","Pseudopimelodidae",7,3.607250197,0.434284283,0.226502898,0.319323522,0.28992371
"Microglanis_eurystoma",54574,"Teleostei","Siluriformes","Pseudopimelodidae",8,4.482723347,0.681882573,0.220307866,0.474197803,0.226098009
"Microglanis_garavelloi",62682,"Teleostei","Siluriformes","Pseudopimelodidae",4.18,4.056141104,0.687116564,0.184210526,0.564417178,0.394736842
"Microglanis_iheringi",47758,"Teleostei","Siluriformes","Pseudopimelodidae",6,4.121726551,0.457158041,0.172826704,0.375016976,0.209860998
"Microglanis_nigripinnis",53248,"Teleostei","Siluriformes","Pseudopimelodidae",4.72,3.955661366,0.585976178,0.212834565,0.512770109,0.471599855
"Microglanis_parahybae",47759,"Teleostei","Siluriformes","Pseudopimelodidae",8,4.158397173,0.639308547,0.192495587,0.502301409,0.537036277
"Microglanis_pellopterygius",47760,"Teleostei","Siluriformes","Pseudopimelodidae",6.81,4.625958842,0.624431379,0.274978261,0.427953568,0.352048913
"Microglanis_poecilus",47761,"Teleostei","Siluriformes","Pseudopimelodidae",7,5.030613876,0.71490641,0.233410666,0.447352124,0.342421142
"Microglanis_secundus",47762,"Teleostei","Siluriformes","Pseudopimelodidae",4,4.001126139,0.6427726,0.303409091,0.51253117,0.548818182
"Microglanis_variegatus",47763,"Teleostei","Siluriformes","Pseudopimelodidae",4.5,4.331498589,0.696943329,0.218966674,0.495118027,"NA"
"Microglanis_zonatus",47764,"Teleostei","Siluriformes","Pseudopimelodidae",2,4.704926257,0.663920939,0.145368582,0.459355874,0.152060998
"Microlepidogaster_perforata",50469,"Teleostei","Siluriformes","Loricariidae",5,6.064478943,0.637487,0.281683198,0,0
"Micromischodus_sugillatus",51385,"Teleostei","Characiformes","Hemiodontidae",17,4.096187497,0.543944536,0.565160056,0.46250464,0.318141638
"Micromoema_xiphophora",48725,"Teleostei","Cyprinodontiformes","Rivulidae",6,4.45378962,0.450166946,0.517079393,0.505405635,0.155550025
"Micromyzon_akamai",27191,"Teleostei","Siluriformes","Aspredinidae",2,6.046900612,"NA","NA",0,"NA"
"Microphilypnus_macrostoma",51969,"Teleostei","Perciformes","Eleotridae",2,5.887725078,0.428598635,0.530443145,0.276140508,1.179118908
"Microphilypnus_ternetzi",51970,"Teleostei","Perciformes","Gobiidae",2,5.99220024,0.599981539,0.622065845,0.653872189,0.430080244
"Microschemobrycon_callops",51174,"Teleostei","Characiformes","Characidae",3.48,3.637175195,0.571360434,0.529155104,0.540825761,0.567486722
"Microschemobrycon_casiquiare",51183,"Teleostei","Characiformes","Characidae",3.48,4.117981223,0.533965775,0.579578426,0.447480726,0.315006827
"Microschemobrycon_elongatus",51213,"Teleostei","Characiformes","Characidae",4.5,4.408548752,0.542779579,0.543248263,0.500112034,0.577903405
"Microschemobrycon_geisleri",51181,"Teleostei","Characiformes","Characidae",2.8,3.47517875,0.51116125,0.604052664,0.51856875,0.636640427
"Microschemobrycon_guaporensis",51182,"Teleostei","Characiformes","Characidae",3.23,3.052003048,0.448976538,0.467948718,0.442187468,0.249339744
"Microschemobrycon_melanotus",53383,"Teleostei","Characiformes","Characidae",4.3,3.560164621,0.624522065,0.700490567,0.61008339,0.622670165
"Microsternarchus_bilineatus",48127,"Teleostei","Gymnotiformes","Gymnotidae",12,13.48804,0.566666667,0.263157895,0.413333333,0.435013158
"Mikrogeophagus_altispinosus",15902,"Teleostei","Perciformes","Cichlidae",6,2.215795108,0.581089761,0.325946431,0.349633357,0.134879545
"Mikrogeophagus_ramirezi",12305,"Teleostei","Perciformes","Cichlidae",3.4,2.353268458,0.559966488,0.499265093,0.424008077,0.138198842
"Mimagoniates_barberi",52624,"Teleostei","Characiformes","Characidae",3.45,3.663953423,0.516851893,0.413861083,0.63298615,0.342036668
"Mimagoniates_lateralis",52681,"Teleostei","Characiformes","Characidae",3.3,3.576553037,0.49907554,0.525658234,0.579188025,0.285080021
"Mimagoniates_microlepis",53344,"Teleostei","Characiformes","Characidae",6.11,3.35601584,0.616794114,0.445631404,0.689341747,0.426761051
"Mimagoniates_rheocharis",52593,"Teleostei","Characiformes","Characidae",5,2.676858723,0.455605347,0.44172541,0.523364486,0.230114271
"Mixobrycon_ribeiroi",58245,"Teleostei","Characiformes","Characidae",3.5,2.937574479,0.398394786,0.648295214,0.340672685,0.208586542
"Moema_pepotei",49671,"Teleostei","Cyprinodontiformes","Rivulidae",12,4.85961206,0.668301856,0.542198473,0.694153778,0.464332061
"Moema_staecki",49682,"Teleostei","Cyprinodontiformes","Rivulidae",12,5.526076594,0.55730387,0.607785972,0.495556274,0.209020751
"Moenkhausia_agnesae",50891,"Teleostei","Characiformes","Characidae",7,2.759995423,0.487842852,0.490290751,0.445674916,0.490290751
"Moenkhausia_barbouri",50894,"Teleostei","Characiformes","Characidae",7,2.498448286,0.573742484,0.489833541,0.551943248,0.404508752
"Moenkhausia_bonita",62261,"Teleostei","Characiformes","Characidae",4.38,3.03771042,0.507474086,0.491258741,0.549263502,0.490554966
"Moenkhausia_browni",50890,"Teleostei","Characiformes","Characidae",9,2.389124214,0.552538233,0.506938071,0.515574044,0.428585833
"Moenkhausia_celibela",65772,"Teleostei","Characiformes","Characidae",4.9,2.823291619,0.510558138,0.560837356,0.52011891,0.322885572
"Moenkhausia_ceros",50879,"Teleostei","Characiformes","Characidae",5,3.398234513,0.516232301,0.56040646,0.483785398,0.36576411
"Moenkhausia_chrysargyrea",27992,"Teleostei","Characiformes","Characidae",12,2.104410552,0.538223836,0.499877808,0.57538603,0.324431806
"Moenkhausia_collettii",26473,"Teleostei","Characiformes","Characidae",5,3.349974904,0.60712111,0.532616018,0.615300899,0.398318606
"Moenkhausia_comma",50907,"Teleostei","Characiformes","Characidae",9,2.386081094,0.539389049,0.517847632,0.490905498,0.272565792
"Moenkhausia_copei",60247,"Teleostei","Characiformes","Characidae",6,3.61686906,0.607148336,0.65845545,0.526009998,0.577567227
"Moenkhausia_costae",50895,"Teleostei","Characiformes","Characidae",7,2.412500217,0.472695247,0.500911319,0.539321741,0.369693922
"Moenkhausia_cotinho",50878,"Teleostei","Characiformes","Characidae",6.12,3.591711941,0.574693308,0.605633803,0.57176089,0.38956338
"Moenkhausia_dichroura",12390,"Teleostei","Characiformes","Characidae",10,2.975370077,0.507523414,0.514417478,0.499999063,0.442407612
"Moenkhausia_diktyota",59223,"Teleostei","Characiformes","Characidae",5.24,2.885848384,0.526546376,0.506928529,0.524043495,0.36386399
"Moenkhausia_dorsinuda",60853,"Teleostei","Characiformes","Characidae",7.1,2.141629686,0.591316813,0.364391128,0.591316813,0.27867297
"Moenkhausia_eigenmanni",50900,"Teleostei","Characiformes","Characidae",6,2.981233062,0.512054375,0.490553434,0.480827131,0.554705307
"Moenkhausia_forestii",64971,"Teleostei","Characiformes","Characidae",3.79,2.491879147,0.526302863,0.459459459,0.526302863,0.450074324
"Moenkhausia_gracilima",53332,"Teleostei","Characiformes","Characidae",5.9,3.418921795,0.505423077,0.562664554,0.588398718,0.507774129
"Moenkhausia_grandisquamis",27994,"Teleostei","Characiformes","Characidae",10,2.181215713,0.534867839,0.421315393,0.538385849,0.317823938
"Moenkhausia_heikoi",63046,"Teleostei","Characiformes","Characidae",8.7,2.693861064,0.519020245,0.510043674,0.493976167,0.399691495
"Moenkhausia_hemigrammoides",27995,"Teleostei","Characiformes","Characidae",4,2.480043672,0.562851174,0.472193773,0.556391109,0.32738699
"Moenkhausia_inrai",27996,"Teleostei","Characiformes","Characidae",10,2.483823161,0.534114196,0.662459048,0.525252835,0.420191752
"Moenkhausia_intermedia",26474,"Teleostei","Characiformes","Characidae",8,2.976449334,0.550925715,0.618051445,0.59245131,0.286794382
"Moenkhausia_jamesi",50903,"Teleostei","Characiformes","Characidae",9,2.07013912,0.509213289,0.441524037,0.48322544,0.259720022
"Moenkhausia_lata",53331,"Teleostei","Characiformes","Characidae",8,2.600475639,0.573532639,0.631475885,0.609595452,0.319581661
"Moenkhausia_latissima",50974,"Teleostei","Characiformes","Characidae",9.2,2.470748197,0.596952072,0.555755163,0.530413189,0.252799896
"Moenkhausia_lepidura",51154,"Teleostei","Characiformes","Characidae",10.5,3.424895414,0.599124245,0.545650132,0.574209754,0.42273719
"Moenkhausia_lopesi",61984,"Teleostei","Characiformes","Characidae",3.85,2.970119031,0.577842762,0.57624749,0.532697226,0.527051188
"Moenkhausia_loweae",52595,"Teleostei","Characiformes","Characidae",7.5,3.214804541,0.564967889,0.414893617,0.541987392,0.368670213
"Moenkhausia_megalops",50897,"Teleostei","Characiformes","Characidae",6,2.336857937,0.593728392,0.471153846,0.62694379,0.306788462
"Moenkhausia_melogramma",50888,"Teleostei","Characiformes","Characidae",5,2.989802959,0.526634125,0.613770287,0.540153509,0.318289638
"Moenkhausia_moisae",27997,"Teleostei","Characiformes","Characidae",10.6,2.419418326,0.480401527,0.487353102,0.487903816,0.481231759
"Moenkhausia_naponis",50908,"Teleostei","Characiformes","Characidae",5.4,2.533085731,0.570347421,0.391094115,0.557824208,0.268930535
"Moenkhausia_nigromarginata",52596,"Teleostei","Characiformes","Characidae",5.3,2.809638416,0.59524726,0.613978045,0.579414052,0.306824145
"Moenkhausia_oligolepis",12391,"Teleostei","Characiformes","Characidae",100,2.343896499,0.591299246,0.4858544,0.619851504,0.441272546
"Moenkhausia_phaeonota",52599,"Teleostei","Characiformes","Characidae",5.6,2.649277294,0.357170825,0.464352643,0.286333153,0.316837759
"Moenkhausia_pyrophthalma",52600,"Teleostei","Characiformes","Characidae",4,3.508123548,0.482739645,0.596135223,0.596740099,0.307155947
"Moenkhausia_robertsi",50887,"Teleostei","Characiformes","Characidae",5,2.518020579,0.30507726,0.508561503,0.260436267,0.513827202
"Moenkhausia_sanctaefilomenae",10674,"Teleostei","Characiformes","Characidae",7,2.502508742,0.498745027,0.48893597,0.520006141,0.39856753
"Moenkhausia_shideleri",50899,"Teleostei","Characiformes","Characidae",7.3,2.004586819,0.55009883,0.547203757,0.567919973,0.405668493
"Moenkhausia_simulata",50882,"Teleostei","Characiformes","Characidae",7.2,2.296834308,0.55909525,0.45369558,0.567136435,0.270138201
"Moenkhausia_surinamensis",27998,"Teleostei","Characiformes","Characidae",11,2.655026012,0.566052742,0.511304831,0.586987981,0.278289839
"Monocirrhus_polyacanthus",11015,"Teleostei","Perciformes","Polycentridae",8,1.935763055,0.54001045,0.309859155,0.478340458,0.691788732
"Monotocheirodon_pearsoni",53459,"Teleostei","Characiformes","Characidae",4.4,4.280717207,0.552332697,0.368421053,0.389533751,0.441047847
"Mugil_liza",1090,"Teleostei","Perciformes","Mugilidae",80,5.55661978,0.325777518,0.703021915,0.122847104,0.647831603
"Mylesinus_paraschomburgkii",53333,"Teleostei","Characiformes","Characidae",35,1.795240969,0.495561185,0.29555303,0.369464176,0.251833333
"Mylesinus_paucisquamatus",52602,"Teleostei","Characiformes","Characidae",22,1.922700748,0.55800226,0.266425478,0.454555714,0.254032023
"Mylesinus_schomburgkii",51959,"Teleostei","Characiformes","Characidae","NA",1.82843233,0.667802302,0.40333267,0.640026277,0.219749959
"Myleus_micans",53460,"Teleostei","Characiformes","Characidae",28,1.419000296,0.562925634,0.222214625,0.505080165,0.215710574
"Myleus_pacu",11943,"Teleostei","Characiformes","Characidae",20,1.723599904,0.640245922,0.220365396,0.590139195,0.251235621
"Myleus_setiger",51158,"Teleostei","Characiformes","Characidae",27,1.506123165,0.5943333,0.38145625,0.567605836,0.21875
"Myloplus_arnoldi",53334,"Teleostei","Characiformes","Characidae",33,1.343045912,0.591125279,0.3769884,0.540565389,0.209247408
"Myloplus_asterias",58100,"Teleostei","Characiformes","Characidae",25,1.648312391,0.550876564,0.340136054,0.521817542,0.181136054
"Myloplus_levis",51156,"Teleostei","Characiformes","Characidae",20,1.422873944,0.553197886,0.30801049,0.531913985,0.306496503
"Myloplus_rhomboidalis",28030,"Teleostei","Characiformes","Characidae",40.7,1.657266981,0.561522575,0.261526887,0.504696631,0.312563601
"Myloplus_rubripinnis",11944,"Teleostei","Characiformes","Characidae",41.5,1.447516529,0.518320881,0.266052605,0.474279591,0.225704351
"Myloplus_schomburgkii",11960,"Teleostei","Characiformes","Characidae",42,1.477382463,0.525158845,0.311191395,0.547205408,0.169248731
"Myloplus_ternetzi",28031,"Teleostei","Characiformes","Characidae",23.1,1.58634815,0.544789428,0.426166616,0.529386471,0.305563711
"Myloplus_tiete",53462,"Teleostei","Characiformes","Characidae",16.3,1.556023256,0.544186047,0.296969697,0.509302326,0.210030303
"Myloplus_torquatus",25523,"Teleostei","Characiformes","Characidae","NA",1.757011082,0.586521994,0.452907895,0.549068811,0.291807895
"Mylossoma_aureum",25524,"Teleostei","Characiformes","Characidae",20,1.374559122,0.513856539,0.394591041,0.52642871,0.325422986
"Mylossoma_duriventre",12977,"Teleostei","Characiformes","Characidae",25,1.314402861,0.5,0.367495575,0.529245486,0.29990708
"Myoglanis_koepckei",57671,"Teleostei","Siluriformes","Heptapteridae",6,10.18596746,0.644019399,0.217809477,0.54892807,0.43980656
"Myoglanis_potaroensis",47778,"Teleostei","Siluriformes","Heptapteridae",11.3,6.605070778,0.813936383,0.196399425,0.401789333,0.229822895
"Nannacara_anomala",11180,"Teleostei","Perciformes","Cichlidae",6,2.573988469,0.504330494,0.399146178,0.45471485,0.268649828
"Nannacara_aureocephalus",47072,"Teleostei","Perciformes","Cichlidae",7,2.599069801,0.630736783,0.355369926,0.470810906,0.2928245
"Nannoglanis_fasciatus",47787,"Teleostei","Siluriformes","Heptapteridae",4.5,6.398908652,0.495556109,0.267527197,0.252993548,0.308643072
"Nannostomus_anduzei",52605,"Teleostei","Characiformes","Lebiasinidae",2,4.323424311,0.43812682,0.628285004,0.448280933,0.27194062
"Nannostomus_beckfordi",10750,"Teleostei","Characiformes","Lebiasinidae",6.5,4.387709942,0.486667699,0.627837515,0.52407559,0.486964499
"Nannostomus_bifasciatus",11914,"Teleostei","Characiformes","Lebiasinidae",3.4,4.791590494,0.478339645,0.611465512,0.518330504,0.444836817
"Nannostomus_britskii",11915,"Teleostei","Characiformes","Lebiasinidae",2.4,4.215923563,0.491571915,0.763809011,0.488215048,0.1619503
"Nannostomus_digrammus",11916,"Teleostei","Characiformes","Lebiasinidae",3,4.789724072,0.411814369,0.644843512,0.424786588,0.461553579
"Nannostomus_eques",10754,"Teleostei","Characiformes","Lebiasinidae",5,4.636929742,0.386165777,0.724291592,0.356788765,0.400698704
"Nannostomus_espei",10756,"Teleostei","Characiformes","Lebiasinidae",4,4.418988235,0.596944827,0.645260395,0.585660244,0.521774145
"Nannostomus_harrisoni",11917,"Teleostei","Characiformes","Lebiasinidae",4.5,6.01693039,0.430110048,0.765019518,0.564928046,0.495310864
"Nannostomus_limatus",11918,"Teleostei","Characiformes","Lebiasinidae",4,4.390118438,0.458357739,0.581925054,0.496958641,0.178530915
"Nannostomus_marginatus",11919,"Teleostei","Characiformes","Lebiasinidae",4,4.075290921,0.579690806,0.683204728,0.621561839,0.511064345
"Nannostomus_marilynae",11920,"Teleostei","Characiformes","Lebiasinidae",5,4.428298624,0.480987725,0.65961447,0.482404939,0.449611525
"Nannostomus_minimus",11921,"Teleostei","Characiformes","Lebiasinidae",2.3,4.349192559,0.475238923,0.713758415,0.472797981,0.294091653
"Nannostomus_mortenthaleri",62162,"Teleostei","Characiformes","Lebiasinidae",3,3.866591251,0.44669471,0.648018271,0.483728899,0.388241001
"Nannostomus_trifasciatus",10758,"Teleostei","Characiformes","Lebiasinidae",3.6,4.552654589,0.512740305,0.768384615,0.47312159,0.543923077
"Nannostomus_unifasciatus",10761,"Teleostei","Characiformes","Lebiasinidae",4,5.530086771,0.355875756,0.727933333,0.247728766,0.598355556
"Nanocheirodon_insignis",51046,"Teleostei","Characiformes","Characidae",2.88,3.150930388,0.485862844,0.50574339,0.505267769,0.390713047
"Neblinichthys_pilosus",50234,"Teleostei","Siluriformes","Loricariidae",9,4.637164787,0.648312465,0.239550336,0,0
"Nemadoras_elongatus",47634,"Teleostei","Siluriformes","Doradidae",16.5,4.811836855,0.631498134,0.440499631,0.347768522,"NA"
"Nemadoras_hemipeltis",47465,"Teleostei","Siluriformes","Doradidae",16.3,4.916750475,0.477744254,0.40471379,0.189220397,0.219012572
"Nemadoras_humeralis",47466,"Teleostei","Siluriformes","Doradidae",16.3,3.595653168,0.543572926,0.410322314,0.237256056,"NA"
"Nematobrycon_lacortei",12393,"Teleostei","Characiformes","Characidae",4,2.888847975,0.467475765,0.463014148,0.49453671,0.417065762
"Nematobrycon_palmeri",10683,"Teleostei","Characiformes","Characidae",4.2,2.619997662,0.491824225,0.412864635,0.479765166,0.442719571
"Nematogenys_inermis",10410,"Teleostei","Siluriformes","Nematogenyidae",40.7,4.840086963,0.664574589,0.179196936,0.324808976,0.653122712
"Nematolebias_whitei",11882,"Teleostei","Cyprinodontiformes","Rivulidae",8,3.719969,0.437793852,0.396028475,0.529217257,0.196369843
"Nemuroglanis_lanceolatus",48394,"Teleostei","Siluriformes","Heptapteridae",4,10.04945948,0.584902186,0.273996988,0.330455599,0.392928325
"Nemuroglanis_mariai",47800,"Teleostei","Siluriformes","Heptapteridae",4.09,8.786236154,0.716040537,0.192425276,0.349827952,0.441244094
"Nemuroglanis_pauciradiatus",57672,"Teleostei","Siluriformes","Heptapteridae",3.25,7.578611167,0.650371699,0.27300625,0.419629169,0.31049375
"Neofundulus_paraguayensis",49658,"Teleostei","Cyprinodontiformes","Rivulidae",7,4.388733969,0.478515377,0.413990758,0.573292004,0.314777308
"Neoheterandria_elegans",46771,"Teleostei","Cyprinodontiformes","Poeciliidae",2,3.736880655,0.478345541,0.698258786,0.594803964,0.280442944
"Neoplecostomus_microps",48831,"Teleostei","Siluriformes","Loricariidae",10.2,5.992757353,0.683860294,0.19162434,0,0
"Niobichthys_ferrarisi",52725,"Teleostei","Siluriformes","Loricariidae",7,7.420188126,0.499997714,0.316305929,0,0
"Notarius_bonillai",946,"Teleostei","Siluriformes","Ariidae",80,5.00883515,0.428069229,0.349281158,0.289797061,0.445491764
"Ochmacanthus_alternus",48776,"Teleostei","Siluriformes","Trichomycteridae",4,5.602833321,0.508035121,0.358416667,0.306544676,0.435
"Ochmacanthus_orinoco",48777,"Teleostei","Siluriformes","Trichomycteridae",5,6.949593582,0.583940322,0.42837034,0.292040536,0.40866367
"Ochmacanthus_reinhardtii",48778,"Teleostei","Siluriformes","Trichomycteridae",5,5.975181818,0.501818182,0.316666667,0.24,"NA"
"Odontesthes_bonariensis",4678,"Teleostei","Atheriniformes","Atherinopsidae",50,4.70098642,0.516933114,0.425142954,0.577688235,0.722126565
"Odontesthes_brevianalis",54643,"Teleostei","Atheriniformes","Atherinopsidae","NA",4.416541518,0.635061084,0.49228809,0.569374926,0.615146546
"Odontesthes_hatcheri",50822,"Teleostei","Atheriniformes","Atherinopsidae","NA",4.641260396,0.639364977,0.545638887,0.681983182,0.647512424
"Odontesthes_humensis",53520,"Teleostei","Atheriniformes","Atherinopsidae",19.82,5.031568052,0.606185192,0.489218271,0.6771606,0.319368221
"Odontesthes_mauleanum",50716,"Teleostei","Atheriniformes","Atherinopsidae",11,4.240179906,0.608261512,0.517503685,0.546384275,0.588910278
"Odontesthes_retropinnis",50833,"Teleostei","Atheriniformes","Atherinopsidae",20.31,4.862714725,0.654977689,0.574988782,0.702691143,0.60006348
"Odontocharacidium_aphanes",48824,"Teleostei","Characiformes","Crenuchidae",2,3.708303987,0.31542169,0.612065913,0.184543785,0.268255481
"Odontostilbe_dierythrura",51169,"Teleostei","Characiformes","Characidae","NA",2.962643709,0.434574701,0.54120068,0.406564103,0.361921769
"Odontostilbe_ecuadorensis",62757,"Teleostei","Characiformes","Characidae",4.58,3.318405592,0.533648715,0.445544554,0.461534024,0.125237624
"Odontostilbe_fugitiva",51127,"Teleostei","Characiformes","Characidae",4.4,3.141003669,0.617971158,0.450141239,0.56930606,0.248093893
"Odontostilbe_paraguayensis",51166,"Teleostei","Characiformes","Characidae",4,2.545570693,0.553469653,0.556578833,0.521737455,0.379457053
"Odontostilbe_pequira",23426,"Teleostei","Characiformes","Characidae",5.6,3.329826992,0.453577753,0.474374904,0.391295968,0.281568391
"Odontostilbe_pulchra",61384,"Teleostei","Characiformes","Characidae",3.72,3.294066264,0.5791856,0.523653956,0.535236247,0.421111825
"Odontostilbe_roloffi",51171,"Teleostei","Characiformes","Characidae",4.21,3.428074901,0.500048386,0.437445319,0.371044482,"NA"
"Oligobrycon_microstomus",53467,"Teleostei","Characiformes","Characidae",4,2.313331978,0.459999233,0.538878589,0.423345961,0.441743594
"Oligosarcus_acutirostris",52609,"Teleostei","Characiformes","Characidae",16,3.885649924,0.517351399,0.5,0.446924146,0.673857143
"Oligosarcus_bolivianus",53341,"Teleostei","Characiformes","Characidae",15,3.552302955,0.523199334,0.430851064,0.466666667,0.837609043
"Oligosarcus_brevioris",52611,"Teleostei","Characiformes","Characidae",28,3.280713542,0.476112266,0.206228294,0.377288922,0.714589932
"Oligosarcus_hepsetus",12857,"Teleostei","Characiformes","Characidae",32,3.971615369,0.622093319,0.352873715,0.604560015,0.995236205
"Oligosarcus_jenynsii",23429,"Teleostei","Characiformes","Characidae",31,3.627760896,0.494126864,0.528503138,0.438443643,0.713944262
"Oligosarcus_paranensis",52616,"Teleostei","Characiformes","Characidae",20.5,3.537872553,0.556952763,0.41392553,0.491758361,0.774555946
"Oligosarcus_pintoi",52617,"Teleostei","Characiformes","Characidae",8.8,2.952449886,0.537120648,0.469204166,0.47522608,0.577479655
"Oligosarcus_schindleri",52622,"Teleostei","Characiformes","Characidae",8.2,3.000008474,0.550828785,0.375,0.499983051,"NA"
"Orestias_crawfordi",49601,"Teleostei","Cyprinodontiformes","Cyprinodontidae",8,2.610184142,0.531078979,0.476770754,0.528254131,0.260328793
"Orestias_cuvieri",10459,"Teleostei","Cyprinodontiformes","Cyprinodontidae",27,3.311985808,0.540268134,0.30276788,0.563729018,0.436660145
"Orestias_empyraeus",49604,"Teleostei","Cyprinodontiformes","Cyprinodontidae",10,3.578891607,0.596352001,0.273823248,0.588365424,0.305741882
"Orestias_forgeti",49606,"Teleostei","Cyprinodontiformes","Cyprinodontidae",12,4.302547494,0.543540272,0.409634578,0.493139635,0.326396357
"Orestias_gilsoni",49608,"Teleostei","Cyprinodontiformes","Cyprinodontidae",4.5,3.72941604,0.616724311,0.466295348,0.582815789,0.393064665
"Orestias_gracilis",49609,"Teleostei","Cyprinodontiformes","Cyprinodontidae",5,4.615267923,0.474197261,0.637853141,0.500178673,0.371802999
"Orestias_gymnota",49610,"Teleostei","Cyprinodontiformes","Cyprinodontidae",8,4.447118644,0.581783859,0.417161538,0.528821577,0.248069231
"Orestias_imarpe",49612,"Teleostei","Cyprinodontiformes","Cyprinodontidae",8,3.878984617,0.669261768,0.450767648,0.595387734,0.282899469
"Orestias_ispi",49616,"Teleostei","Cyprinodontiformes","Cyprinodontidae",9,4.90298087,0.523003237,0.585630034,0.512630505,0.424552722
"Orestias_jussiei",49617,"Teleostei","Cyprinodontiformes","Cyprinodontidae",8.5,2.913170288,0.448656954,0.306678957,0.362401831,0.297598084
"Orestias_laucaensis",10460,"Teleostei","Cyprinodontiformes","Cyprinodontidae",11,3.286400397,0.451264197,0.399650982,0.519941024,0.356946089
"Orestias_mooni",49635,"Teleostei","Cyprinodontiformes","Cyprinodontidae",4.5,4.472621701,0.521457445,0.593020774,0.597513298,0.317793619
"Orestias_mulleri",49636,"Teleostei","Cyprinodontiformes","Cyprinodontidae",4.5,3.349478171,0.606925576,0.509971678,0.524375265,0.412230937
"Orestias_multiporis",49614,"Teleostei","Cyprinodontiformes","Cyprinodontidae",10,3.505962045,0.580387605,0.344819659,0.533343529,0.25665387
"Orestias_parinacotensis",10461,"Teleostei","Cyprinodontiformes","Cyprinodontidae",8.5,4.029130983,0.717296521,0.353437565,0.764355005,0.217461766
"Orestias_pentlandii",49639,"Teleostei","Cyprinodontiformes","Cyprinodontidae",24,3.871177462,0.584532629,0.353334203,0.638854398,0.344729148
"Orestias_taquiri",49646,"Teleostei","Cyprinodontiformes","Cyprinodontidae",4,3.627320802,0.67360401,0.536971311,0.711162907,0.373375058
"Orestias_tomcooni",49648,"Teleostei","Cyprinodontiformes","Cyprinodontidae",6.5,4.372740494,0.529161877,0.597014925,0.484486709,0.367495025
"Orinocodoras_eigenmanni",47632,"Teleostei","Siluriformes","Doradidae",20,3.942320975,0.617392968,0.24084,0.254061866,"NA"
"Orthospinus_franciscensis",53343,"Teleostei","Characiformes","Characidae",7.4,1.606180442,0.568229122,0.49421879,0.590735228,0.401443579
"Orthosternarchus_tamandua",48023,"Teleostei","Gymnotiformes","Apteronotidae",44,9.323107385,0.695959324,0.084938842,0.695959324,2.769909182
"Ossancora_asterophysa",66698,"Teleostei","Siluriformes","Doradidae",16.8,3.695208219,0.553424658,"NA",0,"NA"
"Ossancora_eigenmanni",58105,"Teleostei","Siluriformes","Doradidae",15.2,3.600697041,0.522659081,0.301160346,0,0.140556918
"Ossancora_fimbriata",58103,"Teleostei","Siluriformes","Doradidae",9.13,3.978798507,0.477671642,0.335345803,0,0.162694341
"Ossancora_punctata",58102,"Teleostei","Siluriformes","Doradidae",11,4.563863636,0.586472727,0.385707057,0,"NA"
"Ossubtus_xinguense",52630,"Teleostei","Characiformes","Characidae",25,1.882660195,0.491377168,0.220300703,0.213052223,0.128496829
"Osteoglossum_bicirrhosum",6234,"Teleostei","Osteoglossiformes","Osteoglossidae",120,4.813865662,0.739029518,0.232854384,0.847740266,0.877587081
"Osteoglossum_ferreirai",8117,"Teleostei","Osteoglossiformes","Osteoglossidae",100,5.418700991,0.758636633,0.303264872,0.850588105,0.86760857
"Othonocheirodus_eigenmanni",51161,"Teleostei","Characiformes","Characidae",5,3.384855982,0.499964988,0.445917558,0.325276598,0.229891228
"Otocinclus_affinis",11332,"Teleostei","Siluriformes","Loricariidae",5,3.630260713,0.274952715,0.438337396,0,0
"Otocinclus_bororo",53532,"Teleostei","Siluriformes","Loricariidae",3.1,4.552979785,0.365010525,0.427421285,0,0
"Otocinclus_caxarari",53531,"Teleostei","Siluriformes","Loricariidae",3,5.198681911,0.465196004,0.451202045,0,0
"Otocinclus_flexilis",50441,"Teleostei","Siluriformes","Loricariidae",6.8,4.034459471,0.298961567,0.3845149,0,0
"Otocinclus_hoppei",50445,"Teleostei","Siluriformes","Loricariidae",3.3,4.483828081,0.350134544,0.508290179,0,0
"Otocinclus_huaorani",53530,"Teleostei","Siluriformes","Loricariidae",3.2,4.193551075,0.322626344,0.567010309,0,0
"Otocinclus_macrospilus",50450,"Teleostei","Siluriformes","Loricariidae",4,4.456590425,0.308790612,0.518695318,0,0
"Otocinclus_mariae",50453,"Teleostei","Siluriformes","Loricariidae",3.3,4.682242991,0.420514019,0.508343284,0,0
"Otocinclus_mura",53529,"Teleostei","Siluriformes","Loricariidae",4,4.810062916,0.315524128,0.49990002,0,0
"Otocinclus_tapirape",60271,"Teleostei","Siluriformes","Loricariidae",2.36,4.393636901,0.453214526,0.458800026,0,0
"Otocinclus_vestitus",50461,"Teleostei","Siluriformes","Loricariidae",3.2,4.336068912,0.341620529,0.483547253,0,0
"Otocinclus_vittatus",50462,"Teleostei","Siluriformes","Loricariidae",3.3,4.056421867,0.292514504,0.510901846,0,0
"Otocinclus_xakriaba",53533,"Teleostei","Siluriformes","Loricariidae",3.1,4.514806366,0.410590141,0.399943579,0,0
"Otothyropsis_marapoama",62676,"Teleostei","Siluriformes","Loricariidae",3.63,5.064947644,0.602094241,0.234482759,0,0
"Otothyropsis_polyodon",66810,"Teleostei","Siluriformes","Loricariidae",3.73,6.710195064,0.67566198,0.293025982,0,0
"Oxybrycon_parvulus",51164,"Teleostei","Characiformes","Characidae",2.09,5.754493974,0.652472967,0.613433146,0.818544482,0.534044962
"Oxydoras_kneri",47639,"Teleostei","Siluriformes","Doradidae",70,3.952408913,0.641501054,0.124594595,0.204328516,"NA"
"Oxydoras_niger",12108,"Teleostei","Siluriformes","Doradidae",100,3.460571202,0.539790404,0.146281703,0.108024944,0.575021522
"Oxydoras_sifontesi",47602,"Teleostei","Siluriformes","Doradidae",76,4.038749795,0.621560499,0.1875,0.12925628,"NA"
"Oxyropsis_carinata",50482,"Teleostei","Siluriformes","Loricariidae",8,8.968963636,0.488127273,0.631915397,0,0
"Oxyropsis_wrightiana",50507,"Teleostei","Siluriformes","Loricariidae",6,7.981291682,0.479224421,0.534594545,0,0
"Pachypops_fourcroi",12058,"Teleostei","Perciformes","Sciaenidae",25,3.607206596,0.575972432,0.396805828,0.245369738,0.373284663
"Pachypops_trifilis",25782,"Teleostei","Perciformes","Sciaenidae",18.9,3.338951939,0.416354458,0.386527517,0.177640185,0.281165447
"Pachyurus_adspersus",12057,"Teleostei","Perciformes","Sciaenidae",26.4,3.986723604,0.504935823,0.407120565,0.209851974,0.549392128
"Pachyurus_bonariensis",12052,"Teleostei","Perciformes","Sciaenidae",25,3.505847483,0.511506754,0.485419242,0.26441972,0.607861852
"Pachyurus_francisci",12053,"Teleostei","Perciformes","Sciaenidae",30,3.448107217,0.470553977,0.317709261,0.162754798,0.333269413
"Pachyurus_gabrielensis",63006,"Teleostei","Perciformes","Sciaenidae",15,3.792563633,0.475695228,0.4683839,0.225897802,0.297356993
"Pachyurus_junki",63008,"Teleostei","Perciformes","Sciaenidae",35.5,3.394012887,0.466577214,0.456612053,0.122289511,0.303910368
"Pachyurus_paucirastrus",57649,"Teleostei","Perciformes","Sciaenidae",15,3.478308285,0.482149893,0.514025316,0.188147304,0.368607595
"Pachyurus_schomburgkii",8082,"Teleostei","Perciformes","Sciaenidae",21,3.636753925,0.418047218,0.380146489,0.13785067,0.412281579
"Pachyurus_stewarti",62189,"Teleostei","Perciformes","Sciaenidae",19.17,3.976885363,0.580173684,0.454502887,0.33797974,0.350741377
"Pamphorichthys_araguaiensis",49036,"Teleostei","Cyprinodontiformes","Poeciliidae",2.45,4.240793089,0.419877768,0.774922968,0.544281608,0.361017619
"Pamphorichthys_hollandi",47223,"Teleostei","Cyprinodontiformes","Poeciliidae",4,4.174432892,0.449528112,0.592917332,0.630582329,0.253417403
"Pamphorichthys_minor",47225,"Teleostei","Cyprinodontiformes","Poeciliidae",2,4.357587662,0.564976642,0.55207973,0.653401998,0.25597094
"Pamphorichthys_scalpridens",47227,"Teleostei","Cyprinodontiformes","Poeciliidae",4,3.557223624,0.579134578,0.569010242,0.662279022,0.203005768
"Panaqolus_albomaculatus",50325,"Teleostei","Siluriformes","Loricariidae",12.4,3.830085657,0.657671315,0.227326967,0,0
"Panaqolus_changae",59739,"Teleostei","Siluriformes","Loricariidae",8.45,3.600992978,0.548284948,0.250819143,0,0
"Panaqolus_dentex",50327,"Teleostei","Siluriformes","Loricariidae",8,4.402801417,0.67734204,0.343854508,0,0
"Panaqolus_gnomus",52347,"Teleostei","Siluriformes","Loricariidae",7.1,3.348343456,0.598411079,0.233671795,0,0
"Panaqolus_maccus",52350,"Teleostei","Siluriformes","Loricariidae",9,4.235738962,0.676388715,0.2609501,0,0
"Panaqolus_nocturnus",52346,"Teleostei","Siluriformes","Loricariidae",14.39,4.560008,0.632,0.182208627,0,0
"Panaqolus_purusiensis",50329,"Teleostei","Siluriformes","Loricariidae",13.04,3.897196262,0.605074766,0.221320513,0,0
"Panaque_armbrusteri",65855,"Teleostei","Siluriformes","Loricariidae",43,3.276830332,0.503086272,0.203483792,0,0
"Panaque_cochliodon",50326,"Teleostei","Siluriformes","Loricariidae",30,3.49827376,0.497436349,0.140392449,0,0
"Panaque_nigrolineatus",12216,"Teleostei","Siluriformes","Loricariidae",43,3.523476914,0.602866367,0.230150273,0,0
"Papiliolebias_bitteri",49621,"Teleostei","Cyprinodontiformes","Rivulidae",5,3.051434104,0.42536829,0.50900853,0.479365848,0.290123588
"Paracanthopoma_parva",48787,"Teleostei","Siluriformes","Trichomycteridae",3,7.857605262,0.567067999,0.346131579,"NA","NA"
"Paracetopsis_bleekeri",54769,"Teleostei","Siluriformes","Cetopsidae",24.2,4.147311352,0.5000162,0.148310506,0.359897616,0.463347107
"Paracheirodon_axelrodi",8195,"Teleostei","Characiformes","Characidae",3,3.598214746,0.464874543,0.559909625,0.394494822,0.446601234
"Paracheirodon_innesi",10691,"Teleostei","Characiformes","Characidae",2.22,3.1554321,0.494617125,0.591312871,0.447986856,0.338001593
"Paracheirodon_simulans",12394,"Teleostei","Characiformes","Characidae",2.02,3.652697438,0.500177075,0.612490457,0.457570172,0.410856619
"Paragoniates_alburnus",26392,"Teleostei","Characiformes","Characidae",6,2.695036595,0.461137814,0.544447486,0.509121553,0.388529975
"Paraloricaria_vetula",50628,"Teleostei","Siluriformes","Loricariidae",55.4,3.836891853,0.658004994,0.453517447,0,0
"Parancistrus_aurantiacus",49980,"Teleostei","Siluriformes","Loricariidae",19.3,3.972615239,0.713204976,0.194127585,0,0
"Parapimelodus_valenciennis",48469,"Teleostei","Siluriformes","Pimelodidae",24,4.257622804,0.325843814,0.612215224,0.216205544,0.391075433
"Parapristella_aubynei",58025,"Teleostei","Characiformes","Characidae",5,3.419765617,0.593486805,0.580271306,0.579384961,0.581524227
"Parapristella_georgiae",51974,"Teleostei","Characiformes","Characidae",5,3.267233769,0.59266354,0.560323867,0.624396835,0.47061664
"Parapteronotus_hasemani",48012,"Teleostei","Gymnotiformes","Apteronotidae",38.1,6.191047449,0.658294883,0.103946542,0.539673576,0.371237649
"Parastremma_sadina",53424,"Teleostei","Characiformes","Characidae",18,2.586889784,0.547515226,0.380241697,0.547515226,0.820455191
"Paravandellia_phaneronema",48793,"Teleostei","Siluriformes","Trichomycteridae",3,8.495860013,0.504082532,0.373759235,0.157147144,0.129968726
"Parecbasis_cyclolepis",51165,"Teleostei","Characiformes","Characidae",8,3.121989186,0.574839327,0.465593919,0.578735576,0.449552268
"Pareiorhaphis_hypselurus",59715,"Teleostei","Siluriformes","Loricariidae",7,4.240892121,0.735401772,0.170188266,0,0
"Pareiorhina_rudolphi",48864,"Teleostei","Siluriformes","Loricariidae",4.89,5.674419277,0.619649904,0.240556025,0,0
"Pariolius_armillatus",47780,"Teleostei","Siluriformes","Heptapteridae",3.2,6.351958333,0.580541667,0.201798494,0.327217593,0.242425325
"Parodon_apolinari",56970,"Teleostei","Characiformes","Parodontidae",9.3,3.613296535,0.546968198,0.348837209,0.315082298,"NA"
"Parodon_buckleyi",51235,"Teleostei","Characiformes","Parodontidae",15,4.154300764,0.593644789,0.385250261,0.406481917,0.229095318
"Parodon_caliensis",51416,"Teleostei","Characiformes","Parodontidae",13,3.709348073,0.459384277,0.456998951,0.328123869,0.331164743
"Parodon_carrikeri",51418,"Teleostei","Characiformes","Parodontidae",15,4.311390023,0.586089925,0.325663933,0.427172355,0.166784971
"Parodon_guyanensis",27814,"Teleostei","Characiformes","Parodontidae",12,5.140251067,0.535938739,0.464636982,0.298283628,0.31082044
"Parodon_hilarii",56971,"Teleostei","Characiformes","Parodontidae",14,4.482631879,0.435333099,0.432472082,0.209558501,0.142040727
"Parodon_nasus",56973,"Teleostei","Characiformes","Parodontidae",13,4.063910053,0.402116402,0.407407407,0.253968254,"NA"
"Parodon_pongoensis",11909,"Teleostei","Characiformes","Parodontidae",10.4,4.02214975,0.436307895,0.435374,0.243297463,0.183792244
"Parodon_suborbitalis",28262,"Teleostei","Characiformes","Parodontidae",12.1,4.480220304,0.444325584,0.451249573,0.242768628,0.219633315
"Parotocinclus_amazonensis",50333,"Teleostei","Siluriformes","Loricariidae",2.45,4.640126727,0.598014265,0.39714009,0,0
"Parotocinclus_aripuanensis",53572,"Teleostei","Siluriformes","Loricariidae",2.09,5.271769882,0.624487782,0.315900624,0,0
"Parotocinclus_britskii",48305,"Teleostei","Siluriformes","Loricariidae",6,5.230890117,0.553558171,0.296318407,0,0
"Parotocinclus_collinsae",48308,"Teleostei","Siluriformes","Loricariidae",5,5.602651792,0.698436062,0.262188432,0,0
"Parotocinclus_eppleyi",53541,"Teleostei","Siluriformes","Loricariidae",3,5.273044062,0.557173948,0.343073967,0,0
"Parotocinclus_jimi",50424,"Teleostei","Siluriformes","Loricariidae",4,5.724637138,0.60620264,0.319391347,0,0
"Parotocinclus_maculicauda",50425,"Teleostei","Siluriformes","Loricariidae",6.1,5.789415136,0.482465402,0.333324811,0,0
"Parotocinclus_polyochrus",50427,"Teleostei","Siluriformes","Loricariidae",3,5.108464426,0.546612442,0.334720216,0,0
"Peckoltia_braueri",48228,"Teleostei","Siluriformes","Loricariidae",89,3.89945283,0.685566038,0.293004938,0,0
"Peckoltia_brevis",49958,"Teleostei","Siluriformes","Loricariidae",11.4,3.580912059,0.580534585,0.286380138,0,0
"Peckoltia_capitulata",66594,"Teleostei","Siluriformes","Loricariidae",7.59,4.060011742,0.590998043,0.258505102,0.178082192,0.204137755
"Peckoltia_furcata",50034,"Teleostei","Siluriformes","Loricariidae",9.2,4.959208709,0.576102606,0.267955537,0,0
"Peckoltia_multispinis",12214,"Teleostei","Siluriformes","Loricariidae",15,4.401309598,0.743344181,0.239126648,0,0
"Peckoltia_oligospila",49963,"Teleostei","Siluriformes","Loricariidae",12,4.069736111,0.597583333,0.256648793,0,0
"Peckoltia_simulata",66595,"Teleostei","Siluriformes","Loricariidae",8.34,4.405353896,0.642866883,0.213178295,0,0
"Peckoltia_vermiculata",49977,"Teleostei","Siluriformes","Loricariidae",14,4.213745386,0.693683073,0.25383932,0,0
"Peckoltia_vittata",49978,"Teleostei","Siluriformes","Loricariidae",15,4.133340741,0.622222222,0.307073907,0,0
"Pellona_castelnaeana",1639,"Teleostei","Clupeiformes","Pristigasteridae",80,3.497716286,0.625740401,0.352056174,0.624412402,0.731860025
"Pellona_flavipinnis",1642,"Teleostei","Clupeiformes","Pristigasteridae",73,2.959227684,0.626854051,0.399518421,0.590148324,0.586972496
"Trichomycterus_areolatus",10412,"Teleostei","Siluriformes","Trichomycteridae",12,6.495104913,0.626574319,0.294269558,0.397743921,0.424575621
"Percichthys_trucha",12129,"Teleostei","Perciformes","Percichthyidae",40,3.26126859,0.641044871,0.394943565,0.429414008,0.379501385
"Percilia_gillissi",10595,"Teleostei","Perciformes","Perciliidae",9,3.472388986,0.588523747,0.401919616,0.421838582,0.45334933
"Percilia_irwini",10596,"Teleostei","Perciformes","Perciliidae",10,3.445414721,0.475488501,0.465943175,0.232448556,0.344903747
"Petitella_georgiae",10695,"Teleostei","Characiformes","Characidae",4,3.724015114,0.432307152,0.535324302,0.433349851,0.251096394
"Petulanos_intermedius",53268,"Teleostei","Characiformes","Anostomidae",13.5,4.415757891,0.468440496,0.54244668,0.510876797,0.345268259
"Petulanos_plicatus",51873,"Teleostei","Characiformes","Anostomidae",10,4.354288207,0.411857795,0.450065145,0.466048485,0.279315131
"Petulanos_spiloclistron",53271,"Teleostei","Characiformes","Anostomidae",16,4.765706515,0.397230807,0.47203504,0.591791322,0.329472709
"Phalloceros_caudimaculatus",4685,"Teleostei","Cyprinodontiformes","Poeciliidae",6,3.618173456,0.574617714,0.726579567,0.689361131,0.320582566
"Phalloceros_harpagos",64072,"Teleostei","Cyprinodontiformes","Poeciliidae",3.41,3.76059375,0.5,0.563829787,0.583333333,0.461882979
"Phalloptychus_januarius",47168,"Teleostei","Cyprinodontiformes","Poeciliidae",4,3.675748353,0.534061241,0.612189695,0.61663172,0.266685075
"Phallotorynus_fasciolatus",47169,"Teleostei","Cyprinodontiformes","Poeciliidae",4,3.970593464,0.50374063,0.594126302,0.577760659,0.257517105
"Phallotorynus_jucundus",47170,"Teleostei","Cyprinodontiformes","Poeciliidae",3,3.822686299,0.500036231,0.628154259,0.579874496,0.281499772
"Phallotorynus_pankalos",62519,"Teleostei","Cyprinodontiformes","Poeciliidae",2.79,3.755888889,0.488888889,0.510416667,0.622222222,0.20009375
"Phallotorynus_victoriae",61807,"Teleostei","Cyprinodontiformes","Poeciliidae",2.3,3.79391621,0.46874445,0.569823382,0.591114604,0.245731258
"Phenacogaster_carteri",56698,"Teleostei","Characiformes","Characidae",4,3.030693542,0.523249358,0.54047493,0.492329843,0.46388957
"Phenacogaster_franciscoensis",50960,"Teleostei","Characiformes","Characidae",4.2,2.891693526,0.504733401,0.552121157,0.433962612,0.330681507
"Phenacogaster_megalostictus",50952,"Teleostei","Characiformes","Characidae",4,3.106978684,0.528149846,0.544021112,0.410452226,0.410856779
"Phenacogaster_retropinnus",65496,"Teleostei","Characiformes","Characidae",5.12,3.051098118,0.462218029,0.49780748,0.448284149,0.234222446
"Phenacogaster_tegatus",52053,"Teleostei","Characiformes","Characidae",3.5,2.898581616,0.463389295,0.71115259,0.424456888,0.536186476
"Phenacogaster_wayampi",65498,"Teleostei","Characiformes","Characidae",4.76,2.922686192,0.514644351,0.607317073,0.540796025,0.404885366
"Phenacorhamdia_anisura",48387,"Teleostei","Siluriformes","Heptapteridae",4,8.732079182,0.621904889,0.170009624,0.354717233,0.3181634
"Phenacorhamdia_boliviana",48389,"Teleostei","Siluriformes","Heptapteridae",5.8,7.991917615,0.614971921,0.236763164,0.331029389,0.45528376
"Phenacorhamdia_nigrolineata",61785,"Teleostei","Siluriformes","Heptapteridae",4,6.955736097,0.681234533,0.18982624,0.489019626,0.269831277
"Phenacorhamdia_somnians",48391,"Teleostei","Siluriformes","Heptapteridae",6.3,8.370303599,0.639037669,0.199998941,0.287753613,0.579022578
"Phenacorhamdia_tenebrosa",48392,"Teleostei","Siluriformes","Heptapteridae",7.54,7.347109306,0.608825031,0.184776971,0.545615496,0.416663295
"Phenacorhamdia_unifasciata",53227,"Teleostei","Siluriformes","Heptapteridae",6.2,9.503206248,0.612852943,0.311099248,0.381669829,0.35749087
"Phenagoniates_macrolepis",49188,"Teleostei","Characiformes","Characidae",4.5,3.35594428,0.457141515,0.603887296,0.532945478,0.29541045
"Phractocephalus_hemioliopterus",6421,"Teleostei","Siluriformes","Pimelodidae",134.9,4.188977791,0.384261419,0.210824104,0.176070109,0.446831722
"Physopyxis_lyra",47605,"Teleostei","Siluriformes","Doradidae",4,3.161931572,0.504677191,0.274729371,0.34047645,"NA"
"Piabarchus_analis",53470,"Teleostei","Characiformes","Characidae",4.9,3.623546699,0.53906117,0.539607222,0.464927755,0.290286467
"Piabarchus_torrenticola",52639,"Teleostei","Characiformes","Characidae",8,4.301982973,0.578344409,0.480506416,0.637056538,0.234692951
"Piabina_argentea",56456,"Teleostei","Characiformes","Characidae",7.3,3.63919468,0.626769952,0.471539142,0.443632031,0.166764204
"Piabucina_pleurotaenia",48611,"Teleostei","Characiformes","Lebiasinidae",16,4.901056052,0.546720146,0.527524806,0.54969537,0.32057904
"Piabucus_caudomaculatus",52549,"Teleostei","Characiformes","Characidae",10,4.407998929,0.288175612,0.480686784,0.228724401,0.275075156
"Piabucus_dentatus",27914,"Teleostei","Characiformes","Characidae",13,4.750674074,0.580039725,0.578912657,0.639502193,0.412835038
"Piabucus_melanostoma",53472,"Teleostei","Characiformes","Characidae",11.5,4.585854369,0.611650485,0.563636364,0.757281553,"NA"
"Piaractus_brachypomus",5808,"Teleostei","Characiformes","Characidae",88,1.991606346,0.465058426,0.282771157,0.477384569,0.398363967
"Piaractus_mesopotamicus",55383,"Teleostei","Characiformes","Characidae",40.5,1.888372838,0.585049151,0.267820245,0.605192872,0.366959883
"Pimelabditus_moli",65632,"Teleostei","Siluriformes","Pimelodidae",14.09,5.564013841,0.456747405,0.516759777,0.105536332,"NA"
"Pimelodella_australis",57838,"Teleostei","Siluriformes","Heptapteridae",10.6,4.62922165,0.575383135,0.471163265,0.388878083,0.249122449
"Pimelodella_avanhandavae",48473,"Teleostei","Siluriformes","Heptapteridae",14.2,5.147421183,0.393088841,0.36531987,0.176940621,0.237711372
"Pimelodella_boliviana",48474,"Teleostei","Siluriformes","Heptapteridae",9,5.775319328,0.478991597,0.384615385,0.218487395,0.419923077
"Pimelodella_boschmai",48475,"Teleostei","Siluriformes","Heptapteridae",10,5.492790756,0.488242964,0.357829959,0.186600639,0.195861981
"Pimelodella_buckleyi",48477,"Teleostei","Siluriformes","Heptapteridae",16,6.011691042,0.532685389,0.389830508,0.289706089,0.239694915
"Pimelodella_chagresi",48478,"Teleostei","Siluriformes","Heptapteridae",15.4,5.715785052,0.52374429,0.403263682,0.244940372,0.246154229
"Pimelodella_chaparae",48479,"Teleostei","Siluriformes","Heptapteridae",5.1,4.787968486,0.516143452,0.402962198,0.308786234,0.22145722
"Pimelodella_conquetaensis",48480,"Teleostei","Siluriformes","Heptapteridae",14,5.754421053,0.631578947,0.317073171,0.50877193,0.243902439
"Pimelodella_cristata",47838,"Teleostei","Siluriformes","Heptapteridae",34,5.630051218,0.572703649,0.535543902,0.155274357,0.335755126
"Pimelodella_cruxenti",48481,"Teleostei","Siluriformes","Heptapteridae",11.1,5.436301189,0.557049758,0.415479249,0.324156759,0.214812219
"Pimelodella_eutaenia",61786,"Teleostei","Siluriformes","Heptapteridae",14.5,5.184718191,0.554837451,0.408972854,0.311190645,0.29811785
"Pimelodella_figueroai",57677,"Teleostei","Siluriformes","Heptapteridae",9.1,5.88064362,0.512216865,0.519103448,0.21200853,0.259336207
"Pimelodella_geryi",47839,"Teleostei","Siluriformes","Heptapteridae",10.8,5.581274174,0.534719336,0.512163769,0.354881245,0.217560451
"Pimelodella_gracilis",11323,"Teleostei","Siluriformes","Heptapteridae",18,5.273308846,0.592227438,0.293447794,0.309310126,0.142884294
"Pimelodella_griffini",48489,"Teleostei","Siluriformes","Heptapteridae",8.8,5.269348014,0.514501217,0.308411215,0.295730797,0.225850467
"Pimelodella_hasemani",48494,"Teleostei","Siluriformes","Heptapteridae",8.1,5.822960314,0.515327939,0.468354712,0.257737588,0.233585725
"Pimelodella_howesi",48495,"Teleostei","Siluriformes","Heptapteridae",7.9,6.243930162,0.502574342,0.391581229,0.251098047,0.272713195
"Pimelodella_lateristriga",48498,"Teleostei","Siluriformes","Heptapteridae",15.1,4.195566458,0.48436316,0.36804587,0.35103582,0.306272276
"Pimelodella_laticeps",23449,"Teleostei","Siluriformes","Heptapteridae",11.7,4.601941748,0.495169903,0.42945922,0.257694175,0.264106551
"Pimelodella_laurenti",48499,"Teleostei","Siluriformes","Heptapteridae",7.1,4.750717121,0.748696143,0.312294012,0.569915684,0.216726758
"Pimelodella_linami",48500,"Teleostei","Siluriformes","Heptapteridae",7.5,5.341753449,0.626169272,0.217864648,0,"NA"
"Pimelodella_macturki",47851,"Teleostei","Siluriformes","Heptapteridae",11,5.68819176,0.507247013,0.52767325,0.248836086,0.391249517
"Pimelodella_megalops",47852,"Teleostei","Siluriformes","Heptapteridae",10,6.355105227,0.524759056,0.532000545,0.271499455,0.175911632
"Pimelodella_metae",48505,"Teleostei","Siluriformes","Heptapteridae",10,5.808369224,0.535941391,0.499614035,0.216063341,0.319675109
"Pimelodella_montana",48507,"Teleostei","Siluriformes","Heptapteridae",9.3,5.15904264,0.470170996,0.511278364,0.193609432,0.223999283
"Pimelodella_mucosa",48508,"Teleostei","Siluriformes","Heptapteridae",13.5,4.880094074,0.561916814,0.333224721,0.253249606,0.20072361
"Pimelodella_notomelas",48509,"Teleostei","Siluriformes","Heptapteridae",6,5.245164516,0.548993548,0.473772571,0.296845161,0.202467226
"Pimelodella_peruana",48515,"Teleostei","Siluriformes","Heptapteridae",5.2,7.174258879,0.642735544,0.465811883,0.305429997,0.142169567
"Pimelodella_procera",47853,"Teleostei","Siluriformes","Heptapteridae",11.7,5.588749154,0.5043558,0.370833333,0.163751883,"NA"
"Pimelodella_roccae",48518,"Teleostei","Siluriformes","Heptapteridae",18.2,5.204084823,0.587101632,0.306128805,0.319076974,0.243995449
"Pimelodella_serrata",48520,"Teleostei","Siluriformes","Heptapteridae",11,4.444140406,0.407286129,0.353451776,0.163635174,0.176964603
"Pimelodella_steindachneri",48521,"Teleostei","Siluriformes","Heptapteridae",21.2,5.619834803,0.596585135,0.36714367,0.432248026,0.163352421
"Pimelodella_taenioptera",48522,"Teleostei","Siluriformes","Heptapteridae",12.1,5.06543125,0.39375,0.319587629,0.18125,0.344556701
"Pimelodella_vittata",48525,"Teleostei","Siluriformes","Heptapteridae",9.7,5.717477321,0.582975805,0.509553846,0.300582855,"NA"
"Pimelodina_flavipinnis",25742,"Teleostei","Siluriformes","Pimelodidae",39,5.472379692,0.467524455,0.205878824,0.207916808,0.30259948
"Pimelodus_absconditus",48890,"Teleostei","Siluriformes","Pimelodidae",28.7,4.450655418,0.597460254,0.382160714,0.292901112,0.255678571
"Pimelodus_albicans",23450,"Teleostei","Siluriformes","Pimelodidae",57,3.945335186,0.57403879,0.168356057,0.323329478,0.311656792
"Pimelodus_albofasciatus",47835,"Teleostei","Siluriformes","Pimelodidae",25,4.154152976,0.572329867,0.383337634,0.273085261,0.209650368
"Pimelodus_altissimus",48462,"Teleostei","Siluriformes","Pimelodidae","NA",4.786594927,0.536356649,0.316522659,0.346902383,0.353220087
"Pimelodus_argenteus",62851,"Teleostei","Siluriformes","Pimelodidae",25,3.651976663,0.462196783,0.342144168,0.254564361,0.272464956
"Pimelodus_atrobrunneus",58425,"Teleostei","Siluriformes","Pimelodidae",25.7,4.900011377,0.461961468,0.371000468,0.204831614,0.249726861
"Pimelodus_blochii",7556,"Teleostei","Siluriformes","Pimelodidae",35,3.649020481,0.520139507,0.30327124,0.359275749,0.338649099
"Pimelodus_coprophagus",49396,"Teleostei","Siluriformes","Pimelodidae",25,3.919171523,0.564427632,0.363122219,0.415780595,0.368445128
"Pimelodus_fur",48464,"Teleostei","Siluriformes","Pimelodidae",28,4.936441571,0.566307709,0.332105969,0.299162041,0.284532857
"Pimelodus_garciabarrigai",48465,"Teleostei","Siluriformes","Pimelodidae","NA",4.392851378,0.453535543,0.446706338,0.180258328,0.304563318
"Pimelodus_grosskopfii",12122,"Teleostei","Siluriformes","Pimelodidae",32,4.623785812,0.523560145,0.24181683,0.288375687,0.390433958
"Pimelodus_jivaro",48466,"Teleostei","Siluriformes","Pimelodidae","NA",4.486404317,0.4790855,0.292755919,0.227809489,"NA"
"Pimelodus_maculatus",23451,"Teleostei","Siluriformes","Pimelodidae",51,3.475922695,0.586058723,0.278777709,0.381957103,0.255517703
"Pimelodus_microstoma",58419,"Teleostei","Siluriformes","Pimelodidae",33,4.443598264,0.540881682,0.293704519,0.230694641,0.322858219
"Pimelodus_mysteriosus",58426,"Teleostei","Siluriformes","Pimelodidae",14.3,3.541743663,0.482508622,0.36288069,0.287797745,0.282395266
"Pimelodus_ornatus",13264,"Teleostei","Siluriformes","Pimelodidae",38.5,4.645097729,0.463630609,0.409653846,0.131004194,0.269538462
"Pimelodus_ortmanni",53231,"Teleostei","Siluriformes","Pimelodidae",29,3.855730447,0.611363338,0.317057726,0.327195467,0.254366085
"Pimelodus_paranaensis",53237,"Teleostei","Siluriformes","Pimelodidae",23.05,4.421810592,0.67090278,0.279485296,0.302612253,0.300720409
"Pimelodus_pictus",13115,"Teleostei","Siluriformes","Pimelodidae",11,4.91923011,0.631624609,0.413754098,0.307045542,0.222967213
"Pimelodus_platicirris",48467,"Teleostei","Siluriformes","Pimelodidae",16,4.087528029,0.478597387,0.344689295,0.171251836,0.222031029
"Pimelodus_punctatus",58418,"Teleostei","Siluriformes","Pimelodidae","NA",4.040957124,0.513912499,0.382198064,0.334416908,0.270256497
"Pinirampus_pirinampu",8688,"Teleostei","Siluriformes","Pimelodidae",120,4.167708769,0.516623425,0.132421312,0.373729492,0.35884918
"Pituna_compacta",49742,"Teleostei","Cyprinodontiformes","Rivulidae",4,3.940291481,0.411729353,0.494274528,0.426393549,0.353046213
"Plagioscion_auratus",12059,"Teleostei","Perciformes","Sciaenidae",34.6,3.243488891,0.566219503,0.319412385,0.436206329,0.732338776
"Plagioscion_montei",63010,"Teleostei","Perciformes","Sciaenidae",28.4,3.140642623,0.465754068,0.333498689,0.268442183,0.410105591
"Plagioscion_squamosissimus",4310,"Teleostei","Perciformes","Sciaenidae",80,3.203027476,0.567241063,0.248132678,0.431235432,0.803237876
"Plagioscion_surinamensis",12081,"Teleostei","Perciformes","Sciaenidae",70,3.169234017,0.525880579,0.431948279,0.363166466,0.25118608
"Plagioscion_ternetzi",56999,"Teleostei","Perciformes","Sciaenidae",39,2.950335482,0.448512407,0.299171096,0.239438481,0.744822081
"Planaltina_britskii",62009,"Teleostei","Characiformes","Characidae","NA",3.826431597,0.60648928,0.486591084,0.669409759,0.315703123
"Planiloricaria_cryptodon",50660,"Teleostei","Siluriformes","Loricariidae",22,13.57190746,0.506188757,0.195241114,0,0
"Platanichthys_platana",1523,"Teleostei","Clupeiformes","Clupeidae",9.7,3.688947582,0.585524912,0.671870289,0.632540298,0.246042066
"Platydoras_armatulus",47627,"Teleostei","Siluriformes","Doradidae",43,4.005544455,0.682831626,0.273142064,0.472246535,0.199076152
"Platydoras_costatus",12107,"Teleostei","Siluriformes","Doradidae",24,4.763938448,0.538975576,0.305371068,0.194520669,0.054062687
"Platynematichthys_notatus",12123,"Teleostei","Siluriformes","Pimelodidae",80,5.05784095,0.460185714,0.291254927,0.276171085,0.353258697
"Platysilurus_malarmo",48545,"Teleostei","Siluriformes","Pimelodidae",70,5.471254872,0.671398199,0.22612244,0.404743595,0.442410233
"Platysilurus_mucosus",48544,"Teleostei","Siluriformes","Pimelodidae",20,5.131851383,0.690932881,0.261905938,0.377307759,0.460774627
"Platystacus_cotylephorus",12149,"Teleostei","Siluriformes","Aspredinidae",32,12.57018863,0.660275138,0.260336134,0.263990923,"NA"
"Platystomatichthys_sturio",13267,"Teleostei","Siluriformes","Pimelodidae",40,7.491024426,0.730443251,0.235457627,0.32121236,0.742864407
"Plectrochilus_diabolicus",58382,"Teleostei","Siluriformes","Trichomycteridae",6.3,6.812329228,0.511709491,0.22116162,0.218433505,"NA"
"Plesiolebias_lacerdai",49624,"Teleostei","Cyprinodontiformes","Rivulidae",2.5,4.2728125,0.453210227,0.686628304,0.552556818,0.362479274
"Poecilia_caucana",47220,"Teleostei","Cyprinodontiformes","Poeciliidae",6,3.430975448,0.418381905,0.635714286,0.493832925,0.271698413
"Poecilia_gillii",49039,"Teleostei","Cyprinodontiformes","Poeciliidae",10,3.40702034,0.564348942,0.67334801,0.611535493,0.307690437
"Poecilia_parae",47226,"Teleostei","Cyprinodontiformes","Poeciliidae",5,4.118757013,0.616770135,0.554681257,0.742527175,0.320717054
"Poecilia_reticulata",3228,"Teleostei","Cyprinodontiformes","Poeciliidae",6,3.86705408,0.659657349,0.584171753,0.807199679,0.36811734
"Poecilia_sphenops",4680,"Teleostei","Cyprinodontiformes","Poeciliidae",10,3.494022825,0.390892414,0.537361213,0.449051671,0.258484013
"Poecilia_vivipara",23359,"Teleostei","Cyprinodontiformes","Poeciliidae",7.8,3.304786676,0.591283787,0.541544375,0.669540544,0.25073702
"Poecilocharax_weitzmani",12395,"Teleostei","Characiformes","Crenuchidae",4,3.433610553,0.466249157,0.514083333,0.370108279,0.427861111
"Pogonopoma_obscurum",59742,"Teleostei","Siluriformes","Loricariidae",25,4.000170719,0.484732824,0.254395688,0,0
"Pogonopoma_parahybae",48866,"Teleostei","Siluriformes","Loricariidae",26.3,5.384045041,0.624261629,0.213017751,0,0
"Polycentrus_schomburgkii",11133,"Teleostei","Perciformes","Nandidae",6,2.230321117,0.611698428,0.325974106,0.463444838,0.599159091
"Poptella_brevispina",27921,"Teleostei","Characiformes","Characidae",8.82,1.664418611,0.532753463,0.510847919,0.592792263,0.408723311
"Poptella_compressa",51977,"Teleostei","Characiformes","Characidae",10.2,1.661202108,0.545619421,0.446936364,0.588649713,0.325881818
"Poptella_longipinnis",51979,"Teleostei","Characiformes","Characidae",7,1.648152618,0.565879355,0.481695507,0.61124709,0.458745213
"Porotergus_gimbeli",48024,"Teleostei","Gymnotiformes","Apteronotidae",24,8.237409397,0.587720645,0.15161235,0.468900827,0.574614065
"Porotergus_gymnotus",28043,"Teleostei","Gymnotiformes","Apteronotidae",85,7.807904401,0.609805815,0.095005236,0.278653174,0.723906314
"Potamobatrachus_trispinosus",53585,"Teleostei","Batrachoidiformes","Batrachoididae",5,3.705043187,0.524654581,0.303748339,0.359444935,0.853158262
"Potamoglanis_johnsoni",48699,"Teleostei","Siluriformes","Trichomycteridae",2,5.637347054,0.624455019,0.164400333,0.389925461,"NA"
"Potamorhina_altamazonica",25648,"Teleostei","Characiformes","Curimatidae",27,2.695227204,0.466065508,0.377292849,0.540088693,0.402072809
"Potamorhina_latior",25649,"Teleostei","Characiformes","Curimatidae",24,2.784209366,0.48004775,0.397623348,0.508932966,0.410404099
"Potamorhina_squamoralevis",53101,"Teleostei","Characiformes","Curimatidae",23.4,2.652204244,0.459238771,0.49165523,0.5055763,0.37934394
"Potamorrhaphis_eigenmanni",17124,"Teleostei","Beloniformes","Belonidae",23,21.97898748,0.599874956,0.671712769,0.581718177,6.21290485
"Potamorrhaphis_guianensis",17121,"Teleostei","Beloniformes","Belonidae",29.1,20.3672455,0.561350964,0.666821287,0.727672455,7.060344101
"Potamorrhaphis_petersi",17117,"Teleostei","Beloniformes","Belonidae",25,19.85150084,0.620567254,0.682630435,0.689457904,6.302478261
"Priocharax_ariel",51893,"Teleostei","Characiformes","Characidae",2,4.441258111,0.468997716,0.4854847,0.323747031,0.272679265
"Priocharax_pygmaeus",51894,"Teleostei","Characiformes","Characidae",2,4.476160845,0.524949126,0.52408782,0.399816687,0.165594792
"Prionobrama_filigera",12396,"Teleostei","Characiformes","Characidae",6,3.812930813,0.587981313,0.47379937,0.686697811,0.469089561
"Prionobrama_paraguayensis",58049,"Teleostei","Characiformes","Characidae",5,3.770429246,0.544167712,0.44141464,0.667472715,0.338401993
"Pristella_maxillaris",10697,"Teleostei","Characiformes","Characidae",4.5,2.655762345,0.447857221,0.488877099,0.473781971,0.264913818
"Pristigaster_cayana",1657,"Teleostei","Clupeiformes","Pristigasteridae",14.5,1.873821479,0.782636708,0.202763413,0.849213747,0.258814195
"Pristigaster_whiteheadi",61554,"Teleostei","Clupeiformes","Pristigasteridae","NA",1.917514482,0.764288656,0.296872414,0.792888588,0.38282069
"Pristobrycon_calmoni",25617,"Teleostei","Characiformes","Characidae",15,1.442055778,0.545504054,0.401930126,0.503882769,0.382594118
"Pristobrycon_careospinus",51983,"Teleostei","Characiformes","Characidae",11.05,1.677248468,0.487205958,0.286816149,0.46371368,0.369982223
"Pristobrycon_maculipinnis",51985,"Teleostei","Characiformes","Characidae",25,1.952676509,0.516340686,0.338114408,0.509873975,0.343413941
"Pristobrycon_striolatus",28032,"Teleostei","Characiformes","Characidae",20.1,1.717624925,0.557589242,0.282859377,0.466812685,0.262998477
"Probolodus_heterostomus",53476,"Teleostei","Characiformes","Characidae",10,2.437044779,0.520691119,0.342103543,0.530233748,0.354370942
"Prochilodus_argenteus",51249,"Teleostei","Characiformes","Prochilodontidae",44,2.597065665,0.407984537,0.409520139,0.341609223,0.295276065
"Prochilodus_brevis",51245,"Teleostei","Characiformes","Prochilodontidae",32.8,2.91121244,0.413530125,0.453716476,0.373345066,0.323350522
"Prochilodus_britskii",50339,"Teleostei","Characiformes","Prochilodontidae",24,3.449297955,0.454672282,0.327994472,0.391527905,0.360254533
"Prochilodus_costatus",53128,"Teleostei","Characiformes","Prochilodontidae",42,3.075701504,0.414778641,0.392786161,0.292613308,0.288762115
"Prochilodus_lineatus",13056,"Teleostei","Characiformes","Prochilodontidae",80,2.828849779,0.426769483,0.298327306,0.327516028,0.345203998
"Prochilodus_magdalenae",26150,"Teleostei","Characiformes","Prochilodontidae",36,3.028681283,0.464609966,0.361856843,0.434112873,0.376331116
"Prochilodus_mariae",51243,"Teleostei","Characiformes","Prochilodontidae",37,2.60569134,0.504146808,0.356122646,0.446053965,0.30116714
"Prochilodus_nigricans",11894,"Teleostei","Characiformes","Prochilodontidae",45,2.650627381,0.487922732,0.426294766,0.420101014,0.301380829
"Prochilodus_reticulatus",5491,"Teleostei","Characiformes","Prochilodontidae",28,2.781155634,0.525568595,0.515862781,0.43845675,0.224529275
"Prochilodus_rubrotaeniatus",25670,"Teleostei","Characiformes","Prochilodontidae",32,2.592317634,0.46801686,0.441734793,0.475698527,0.381038925
"Prochilodus_vimboides",51246,"Teleostei","Characiformes","Prochilodontidae",46.5,2.620394709,0.452226509,0.379846277,0.363918684,0.364314234
"Prodontocharax_alleni",51175,"Teleostei","Characiformes","Characidae",4.44,3.592168067,0.453781513,0.456140351,0.302521008,0.332877193
"Prodontocharax_howesi",53346,"Teleostei","Characiformes","Characidae",4.17,3.597306454,0.629795818,0.435385422,0.559980862,0.258064901
"Prodontocharax_melanotus",51185,"Teleostei","Characiformes","Characidae",5,3.084452338,0.423504884,0.506743181,0.314196363,0.37163383
"Proloricaria_prolixa",50636,"Teleostei","Siluriformes","Loricariidae",46.2,8.383807605,0.661658269,0.164626144,0,0
"Propimelodus_eigenmanni",58420,"Teleostei","Siluriformes","Pimelodidae",24,5.322367732,0.621148113,0.220568734,0.429562244,0.328141935
"Protocheirodon_pi",58034,"Teleostei","Characiformes","Characidae",3.1,2.811647833,0.479767374,0.634951032,0.531040192,0.490929717
"Psectrogaster_amazonica",25651,"Teleostei","Characiformes","Curimatidae",19,2.346568823,0.515605742,0.47752381,0.572482318,0.290630952
"Psectrogaster_ciliata",56443,"Teleostei","Characiformes","Curimatidae",13,2.643985017,0.477574842,0.355513158,0.482302041,0.323644737
"Psectrogaster_curviventris",53109,"Teleostei","Characiformes","Curimatidae",17.1,2.098379993,0.519819927,0.599251969,0.513018494,0.316724409
"Psectrogaster_essequibensis",51317,"Teleostei","Characiformes","Curimatidae",17,2.780919961,0.499892857,0.486764638,0.563854212,0.322226601
"Psectrogaster_rutiloides",25652,"Teleostei","Characiformes","Curimatidae",17.8,2.833613582,0.486574233,0.44,0.54290718,0.348973333
"Psellogrammus_kennedyi",53347,"Teleostei","Characiformes","Characidae",7,2.339527842,0.513380245,0.477446599,0.566381335,0.330507922
"Pseudacanthicus_leopardus",48238,"Teleostei","Siluriformes","Loricariidae",15,5.091662651,0.77081407,0.211453577,0,0
"Pseudacanthicus_serratus",48239,"Teleostei","Siluriformes","Loricariidae",32,4.81948197,0.845875616,0.193331354,0,0
"Pseudacanthicus_spinosus",50330,"Teleostei","Siluriformes","Loricariidae",26,4.312820272,0.664166979,0.181818182,0,0
"Pseudancistrus_barbatus",47518,"Teleostei","Siluriformes","Loricariidae",20,5.369166667,0.726119048,0.271987269,0,0
"Pseudancistrus_guentheri",48121,"Teleostei","Siluriformes","Loricariidae",12,5.754626926,0.701947244,0.24984554,0,0
"Pseudancistrus_nigrescens",48123,"Teleostei","Siluriformes","Loricariidae",18.2,5.018908879,0.679415888,0.207924817,0,0
"Pseudanos_trimaculatus",12334,"Teleostei","Characiformes","Anostomidae",18.8,3.755425429,0.360638878,0.504878309,0.47098917,0.277743382
"Pseudauchenipterus_nodosus",963,"Teleostei","Siluriformes","Auchenipteridae",22,4.363170451,0.509873643,0.365079365,0.450604574,0.433253968
"Pseudobunocephalus_amazonicus",53749,"Teleostei","Siluriformes","Auchenipteridae",4.5,7.425944444,0.537037037,0.21875,0.296296296,"NA"
"Pseudobunocephalus_bifidus",48634,"Teleostei","Siluriformes","Aspredinidae",4.3,7.701827576,0.718899925,0.252970239,0.399338928,0.595459358
"Pseudobunocephalus_iheringii",23458,"Teleostei","Siluriformes","Aspredinidae",6.3,7.815762783,0.681388342,0.287403245,0.505364636,0.345418604
"Pseudobunocephalus_rugosus",58092,"Teleostei","Siluriformes","Aspredinidae",3,7.664741659,0.745856646,0.289543507,0.478951074,"NA"
"Pseudochalceus_kyburzi",53478,"Teleostei","Characiformes","Characidae",8,2.848842401,0.521865765,0.507459269,0.469322023,0.422404227
"Pseudochalceus_lineatus",53477,"Teleostei","Characiformes","Characidae",8,2.712994165,0.625171492,0.42716373,0.555689728,0.707101597
"Pseudocorynopoma_doriae",12398,"Teleostei","Characiformes","Characidae",6.3,2.829140239,0.71610341,0.335501492,0.783919081,0.368649087
"Pseudocorynopoma_heterandria",56441,"Teleostei","Characiformes","Characidae",6,2.647474048,0.670067492,0.36049974,0.75612201,0.29774076
"Pseudocurimata_boehlkei",27286,"Teleostei","Characiformes","Curimatidae",11,3.725318946,0.43994873,0.457463099,0.340115655,0.3286098
"Pseudocurimata_boulengeri",27284,"Teleostei","Characiformes","Curimatidae",15,2.745793737,0.552136264,0.608978632,0.496971966,0.294059988
"Pseudocurimata_troschelii",27285,"Teleostei","Characiformes","Curimatidae",16,3.093510206,0.401827466,0.450460829,0.305729391,0.368790042
"Pseudohemiodon_apithanos",50648,"Teleostei","Siluriformes","Loricariidae",14.5,10.26739448,0.722263189,0.308340406,0,0
"Pseudohemiodon_lamina",50651,"Teleostei","Siluriformes","Loricariidae",16,14.13796956,0.668951677,0.164948454,0,2.731948454
"Pseudohemiodon_laticeps",50652,"Teleostei","Siluriformes","Loricariidae",30,11.00549261,0.56968824,0.295641269,0,0
"Pseudohemiodon_thorectes",50654,"Teleostei","Siluriformes","Loricariidae",12,11.48180128,0.600378205,0.2922344,0,0
"Pseudolithoxus_anthrax",57745,"Teleostei","Siluriformes","Loricariidae",12.4,5.667333333,0.598869565,0.378808511,0,0
"Pseudolithoxus_dumus",57746,"Teleostei","Siluriformes","Loricariidae",10.1,5.697277101,0.744499844,0.393805472,0,0
"Pseudolithoxus_tigris",57748,"Teleostei","Siluriformes","Loricariidae",9.4,6.061964093,0.739973794,0.367924396,0,0
"Pseudoloricaria_laeviuscula",50664,"Teleostei","Siluriformes","Loricariidae",30.5,10.56616382,0.751694529,0.27284803,0,0
"Pseudophallus_mindii",57228,"Teleostei","Syngnathiformes","Syngnathidae",16,30.24261753,0.707095047,0.489429108,0.553161666,0.290113418
"Pseudopimelodus_bufonius",58258,"Teleostei","Siluriformes","Pseudopimelodidae",24.5,4.978157044,0.548036421,0.2289,0.186827214,"NA"
"Pseudopimelodus_mangurus",58260,"Teleostei","Siluriformes","Pseudopimelodidae",69,4.06063606,0.768032171,0.107306053,0.585043616,0.324119535
"Pseudoplatystoma_corruscans",8674,"Teleostei","Siluriformes","Pimelodidae",166,5.702070183,0.557016508,0.204420998,0.299215207,0.711140705
"Pseudoplatystoma_fasciatum",6410,"Teleostei","Siluriformes","Pimelodidae",104.5,4.856870268,0.501100454,0.130019881,0.367905098,0.620488832
"Pseudoplatystoma_reticulatum",66249,"Teleostei","Siluriformes","Pimelodidae",60.5,5.417790179,0.482142857,0.098484848,0.151785714,0.652613636
"Pseudoplatystoma_tigrinum",8695,"Teleostei","Siluriformes","Pimelodidae",130,5.786682967,0.438020641,0.237967129,0.261304836,0.691459097
"Pseudorinelepis_genibarbis",48835,"Teleostei","Siluriformes","Loricariidae",36,4.153119254,0.442462693,0.280053976,0,0
"Pseudostegophilus_haemomyzon",48769,"Teleostei","Siluriformes","Trichomycteridae",6,7.314495798,0.492831678,0.330964571,0.168073593,0.338661157
"Pseudostegophilus_nemurus",48766,"Teleostei","Siluriformes","Trichomycteridae",15,7.469259327,0.459080432,0.485879983,0.235471105,"NA"
"Pseudotatia_parva",47671,"Teleostei","Siluriformes","Auchenipteridae",4.6,3.759959781,0.46169349,0.519433246,0.395183969,0.309333522
"Pseudotocinclus_tietensis",27764,"Teleostei","Siluriformes","Loricariidae",6.23,5.605470887,0.569460727,0.222212363,0,0
"Pseudotylosurus_angusticeps",51372,"Teleostei","Beloniformes","Belonidae",30,16.66021828,0.47478854,0.592779503,0.464638472,6.90899512
"Pterengraulis_atherinoides",550,"Teleostei","Clupeiformes","Engraulidae",30,3.678849809,0.405165048,0.545102456,0.299754128,1.482887436
"Pterobunocephalus_depressus",48631,"Teleostei","Siluriformes","Aspredinidae",9,10.06144384,0.790849983,0.115775312,0.676470588,0.548253968
"Pterodoras_granulosus",12109,"Teleostei","Siluriformes","Doradidae",70,3.932265822,0.570973785,0.194019218,0.426367871,0.411622763
"Pterodoras_rivasi",47648,"Teleostei","Siluriformes","Doradidae",55,3.537766175,0.564601204,0.300239608,0.311826238,"NA"
"Pterolebias_longipinnis",10972,"Teleostei","Cyprinodontiformes","Rivulidae",12,4.010194388,0.53743423,0.585421551,0.626461561,0.265566483
"Pterolebias_phasianus",49580,"Teleostei","Cyprinodontiformes","Rivulidae",7,5.308848425,0.503406416,0.586437738,0.564556753,0.33513701
"Pterophyllum_altum",47075,"Teleostei","Perciformes","Cichlidae",18,1.122854363,0.452055271,0.317852075,0.434945543,0.310355141
"Pterophyllum_leopoldi",47076,"Teleostei","Perciformes","Cichlidae",5,1.126375394,0.570708127,0.257634647,0.588950196,0.20875681
"Pterophyllum_scalare",4717,"Teleostei","Perciformes","Cichlidae",8,1.272908407,0.624271628,0.266762209,0.606924875,0.266762209
"Pterosturisoma_microps",50515,"Teleostei","Siluriformes","Loricariidae",16.1,6.558618673,0.569384491,0.169091253,0,0
"Pterygoplichthys_ambrosettii",66221,"Teleostei","Siluriformes","Loricariidae","NA",4.283524904,0.632183908,0.144444444,0,0
"Pterygoplichthys_disjunctivus",51938,"Teleostei","Siluriformes","Loricariidae",70,5.280051038,0.50751176,0.242555556,0,0
"Pterygoplichthys_etentaculatus",48963,"Teleostei","Siluriformes","Loricariidae",30,4.464805453,0.575131054,0.28640287,0,0
"Pterygoplichthys_gibbiceps",12219,"Teleostei","Siluriformes","Loricariidae",50,4.404276689,0.519607558,0.23502724,0,0
"Pterygoplichthys_joselimaianus",51927,"Teleostei","Siluriformes","Loricariidae",39.5,4.136360897,0.534079463,0.268206624,0,0
"Pterygoplichthys_lituratus",51925,"Teleostei","Siluriformes","Loricariidae",37,4.345002619,0.498347698,0.329023244,0,0
"Pterygoplichthys_multiradiatus",4793,"Teleostei","Siluriformes","Loricariidae",50,4.379115385,0.492253846,0.240454013,0,0
"Pterygoplichthys_pardalis",25741,"Teleostei","Siluriformes","Loricariidae",49,4.92082,0.44376,0.209494129,0,0
"Pterygoplichthys_punctatus",11284,"Teleostei","Siluriformes","Loricariidae",28.5,4.402948464,0.452738097,0.203230078,0,0
"Pterygoplichthys_scrophus",53568,"Teleostei","Siluriformes","Loricariidae",28,4.342952471,0.53826068,0.276323892,0,0
"Pterygoplichthys_undecimalis",49338,"Teleostei","Siluriformes","Loricariidae",50,4.976769031,0.639142821,0.202600934,0,0
"Pterygoplichthys_xinguensis",51928,"Teleostei","Siluriformes","Loricariidae",37.5,3.898215206,0.498279639,0.277609547,0,0
"Pygidianops_eigenmanni",48802,"Teleostei","Siluriformes","Trichomycteridae",2.3,7.469196294,"NA","NA","NA","NA"
"Pygocentrus_cariba",8700,"Teleostei","Characiformes","Characidae",28,2.022940833,0.518311355,0.300008332,0.480170622,0.322466324
"Pygocentrus_nattereri",4501,"Teleostei","Characiformes","Characidae",50,1.779416549,0.566703928,0.325435791,0.50571021,0.299869375
"Pygocentrus_piraya",8696,"Teleostei","Characiformes","Characidae",34,1.946918719,0.509259928,0.27411137,0.459917412,0.4159516
"Pygopristis_denticulata",11962,"Teleostei","Characiformes","Characidae",21.5,1.829760885,0.437489873,0.272953431,0.396206106,0.197843137
"Pyrrhulina_australis",51228,"Teleostei","Characiformes","Lebiasinidae",5,3.922728846,0.596521461,0.669305159,0.681710392,0.290126336
"Pyrrhulina_beni",51229,"Teleostei","Characiformes","Lebiasinidae",5,4.09982721,0.630456753,0.649814948,0.698749715,0.551246687
"Pyrrhulina_brevis",51230,"Teleostei","Characiformes","Lebiasinidae",7,4.405259255,0.467521432,0.596096356,0.578054508,0.466473805
"Pyrrhulina_eleanorae",51231,"Teleostei","Characiformes","Lebiasinidae",8,4.526245679,0.713840168,0.5,0.815735778,0.302892074
"Pyrrhulina_elongata",58007,"Teleostei","Characiformes","Lebiasinidae",4,4.780428043,0.603432074,0.588207018,0.57564527,0.2004166
"Pyrrhulina_filamentosa",26525,"Teleostei","Characiformes","Lebiasinidae",11.1,4.915055873,0.727576656,0.713007181,0.772404373,0.318765709
"Pyrrhulina_laeta",10765,"Teleostei","Characiformes","Lebiasinidae",8,4.027737035,0.586093725,0.619115254,0.696112458,0.35969818
"Pyrrhulina_lugubris",53730,"Teleostei","Characiformes","Lebiasinidae",5,3.515207569,0.578975914,0.562463064,0.684236425,0.600853461
"Pyrrhulina_obermulleri",51232,"Teleostei","Characiformes","Lebiasinidae",6,3.865644269,0.577671937,0.572043279,0.70186166,0.720208073
"Pyrrhulina_semifasciata",28254,"Teleostei","Characiformes","Lebiasinidae",7,4.488490766,0.585785397,0.577131715,0.709691909,0.570044747
"Pyrrhulina_spilota",51233,"Teleostei","Characiformes","Lebiasinidae",7,3.879221993,0.500186457,0.51409224,0.436610925,0.572298987
"Pyrrhulina_stoli",57032,"Teleostei","Characiformes","Lebiasinidae",6,4.607882469,0.672303635,0.673830794,0.590925131,0.6968193
"Pyrrhulina_vittata",11925,"Teleostei","Characiformes","Lebiasinidae",4,3.599155404,0.626261486,0.584513797,0.718903718,0.51132507
"Pyrrhulina_zigzag",53716,"Teleostei","Characiformes","Lebiasinidae",4,4.119107999,0.612786196,0.631775176,0.752253919,0.476146568
"Pyxiloricaria_menezesi",50656,"Teleostei","Siluriformes","Loricariidae",14,9.406907807,0.630209166,0.367355669,0,0
"Racenisia_fimbriipinna",47940,"Teleostei","Gymnotiformes","Hypopomidae",12,11.09137196,0.643516942,0.123867586,0.433866809,0.3435153
"Rachovia_brevis",49660,"Teleostei","Cyprinodontiformes","Rivulidae",6,3.602450044,0.43965718,0.536573781,0.515883367,0.408147109
"Rachovia_hummelincki",49661,"Teleostei","Cyprinodontiformes","Rivulidae",5,4.209902915,0.4946469,0.38353591,0.597219202,0.216001954
"Rachovia_maculipinnis",49662,"Teleostei","Cyprinodontiformes","Rivulidae",6,3.494484562,0.538887872,0.414796667,0.645333132,0.298461346
"Ramnogaster_melanostoma",1525,"Teleostei","Clupeiformes","Clupeidae",10,3.267586503,0.649513869,0.458856169,0.608843294,0.654386187
"Reganella_depressa",50662,"Teleostei","Siluriformes","Loricariidae",11.3,9.345196078,0.709568627,0.327964275,0,0
"Renova_oscari",49664,"Teleostei","Cyprinodontiformes","Rivulidae",5,3.916885537,0.564367622,0.495756279,0.533890998,0.274392768
"Retroculus_lapidifer",47077,"Teleostei","Perciformes","Cichlidae",20.3,3.053125599,0.624103547,0.278424231,0.136941515,0.395347984
"Retroculus_septentrionalis",47078,"Teleostei","Perciformes","Cichlidae",19,3.181472741,0.692889632,0.265823505,0.346963537,0.527916901
"Retroculus_xinguensis",47079,"Teleostei","Perciformes","Cichlidae",31,3.419869942,0.661738921,0.403965484,0.212808285,0.464984139
"Rhabdolichops_caviceps",47994,"Teleostei","Gymnotiformes","Sternopygidae",31,10.4467514,0.54037557,0.222395694,0.509902781,0.456110438
"Rhabdolichops_eastwardi",47998,"Teleostei","Gymnotiformes","Sternopygidae",28,9.737375395,0.653918962,0.169013094,0.565932443,0.370630108
"Rhabdolichops_electrogrammus",47995,"Teleostei","Gymnotiformes","Sternopygidae",29.2,9.016676177,0.602123138,0.225990355,0.574565632,0.493313028
"Rhabdolichops_jegui",57982,"Teleostei","Gymnotiformes","Sternopygidae",32,7.065356717,0.528821702,0.274212637,0.399215532,0.897391059
"Rhabdolichops_lundbergi",62855,"Teleostei","Gymnotiformes","Sternopygidae",24.1,8.790867656,0.49133673,0.313432836,0.416192439,0.212537313
"Rhabdolichops_stewarti",47999,"Teleostei","Gymnotiformes","Sternopygidae",21,"NA",0.650461494,0.200980232,0.638225503,0.184853128
"Rhabdolichops_troscheli",48000,"Teleostei","Gymnotiformes","Sternopygidae",49,12.98403679,0.653994624,0.216490826,0.541080096,0.299197248
"Rhabdolichops_zareti",47996,"Teleostei","Gymnotiformes","Sternopygidae",22.5,10.26027724,0.542824854,0.203398258,0.510310935,0.362718606
"Rhadinoloricaria_bahuaja",54562,"Teleostei","Siluriformes","Loricariidae",16.4,10.29728226,0.782258065,0.176470588,0,0
"Rhadinoloricaria_rhami",50642,"Teleostei","Siluriformes","Loricariidae",13,11.81081081,0.677412162,0.339612069,0,0
"Rhamdella_aymarae",57675,"Teleostei","Siluriformes","Heptapteridae",19,6.218942661,0.560940956,0.270999079,0.288081148,0.239929654
"Rhamdella_longiuscula",53249,"Teleostei","Siluriformes","Heptapteridae",22,5.758781609,0.431034483,0.59149098,0.15541092,0.39833162
"Rhamdia_foina",47831,"Teleostei","Siluriformes","Heptapteridae",16.5,6.976424257,0.665136638,0.417295592,0.310276469,0.190103226
"Rhamdia_muelleri",53215,"Teleostei","Siluriformes","Heptapteridae",20.8,4.677162938,0.70601861,0.383306864,0.495248466,0.204993824
"Rhamdia_poeyi",48457,"Teleostei","Siluriformes","Heptapteridae",19.7,5.719396833,0.761604991,0.330890816,0.314083651,0.281765518
"Rhamdia_quelen",23351,"Teleostei","Siluriformes","Heptapteridae",47.4,4.453269619,0.595465505,0.262375713,0.349994274,0.275896287
"Rhamphichthys_drepanium",57019,"Teleostei","Gymnotiformes","Rhamphichthyidae",45,9.495025763,0.520253842,0.143260601,0.152115723,0.132256647
"Rhamphichthys_hahni",48033,"Teleostei","Gymnotiformes","Rhamphichthyidae",27,9.101963491,0.614852134,0.161348803,0.320404431,0.893824027
"Rhamphichthys_rostratus",28040,"Teleostei","Gymnotiformes","Rhamphichthyidae",100,8.498785156,0.458453125,0.141863279,0.140722656,0.23091133
"Rhaphiodon_vulpinus",8697,"Teleostei","Characiformes","Cynodontidae",80,5.364528172,0.713033317,0.337631262,0.863975115,0.875671259
"Rhinelepis_aspera",48588,"Teleostei","Siluriformes","Loricariidae",49,4.090058764,0.607795906,0.151927985,0,0
"Rhinelepis_strigosa",48833,"Teleostei","Siluriformes","Loricariidae",40,4.130075468,0.587133255,0.164868413,0,0
"Rhinobrycon_negrensis",51363,"Teleostei","Characiformes","Characidae",4,3.620562454,0.658237343,0.560736358,0.479041411,0.2434293
"Rhinodoras_boehlkei",57802,"Teleostei","Siluriformes","Doradidae",17,4.471801449,0.625868025,0.177873921,0.223982345,"NA"
"Rhinodoras_dorbignyi",47624,"Teleostei","Siluriformes","Doradidae",50,4.089613542,0.521251924,0.188224764,0.062368598,"NA"
"Rhinopetitia_myersi",51366,"Teleostei","Characiformes","Characidae",3.04,3.758216321,0.563827525,0.686941183,0.387630675,0.482188761
"Rhinosardinia_amazonica",1526,"Teleostei","Clupeiformes","Clupeidae",11,3.326444076,0.633923806,0.399081081,0.675544476,0.559932432
"Rhinosardinia_bahiensis",1527,"Teleostei","Clupeiformes","Clupeidae",8,3.205717083,0.600132989,0.462318564,0.577554018,0.589283356
"Rhizosomichthys_totae",48748,"Teleostei","Siluriformes","Trichomycteridae",14,4.5200252,0.396862347,0.190317536,0.194758799,0.448986877
"Rhoadsia_altipinna",48115,"Teleostei","Characiformes","Characidae",17,2.6087052,0.470215143,0.380987863,0.403811997,0.500437044
"Rhoadsia_minor",53482,"Teleostei","Characiformes","Characidae",10.4,2.868115855,0.525081563,0.336486364,0.417044511,0.654609091
"Rhynchodoras_woodsi",47649,"Teleostei","Siluriformes","Doradidae",10.5,4.58884061,0.728762571,0.101546099,0.202109772,"NA"
"Rhynchodoras_xingui",47650,"Teleostei","Siluriformes","Doradidae",6.3,4.204933882,0.578997721,0.199674093,0.097743993,"NA"
"Rhytiodus_argenteofuscus",25653,"Teleostei","Characiformes","Anostomidae",32,5.461042901,0.290454601,0.635511843,0.243968627,0.261188384
"Rhytiodus_microlepis",51334,"Teleostei","Characiformes","Anostomidae",33.2,4.92860318,0.417570673,0.450793974,0.501820624,0.454668264
"Ricola_macrops",50624,"Teleostei","Siluriformes","Loricariidae",21,9.944724333,0.555273843,0.384307711,0,0
"Rineloricaria_aequalicuspis",58542,"Teleostei","Siluriformes","Loricariidae",16.08,"NA","NA","NA","NA","NA"
"Rineloricaria_beni",50565,"Teleostei","Siluriformes","Loricariidae",8,9.751341889,0.5354003,0.405431685,0,0
"Rineloricaria_castroi",50570,"Teleostei","Siluriformes","Loricariidae",16,8.65445758,0.487277327,0.299848343,0,0
"Rineloricaria_eigenmanni",50573,"Teleostei","Siluriformes","Loricariidae",10.2,10.48895953,0.603665381,0.381656588,0,0
"Rineloricaria_fallax",11328,"Teleostei","Siluriformes","Loricariidae",16,9.688332,0.538144,0.253807502,0,0
"Rineloricaria_formosa",50575,"Teleostei","Siluriformes","Loricariidae",15.2,11.73930631,0.577280181,0.329313817,0,0
"Rineloricaria_hasemani",50576,"Teleostei","Siluriformes","Loricariidae",14,8.951844743,0.526193483,0.266083199,0,0
"Rineloricaria_heteroptera",50578,"Teleostei","Siluriformes","Loricariidae",13.3,7.648153671,0.508323831,0.318892166,0,0
"Rineloricaria_lanceolata",50585,"Teleostei","Siluriformes","Loricariidae",12.3,9.958497326,0.512442745,0.347513476,0,0
"Rineloricaria_latirostris",50586,"Teleostei","Siluriformes","Loricariidae",36,6.433316481,0.682680317,0.198581755,0,0
"Rineloricaria_microlepidogaster",49091,"Teleostei","Siluriformes","Loricariidae",19.29,6.74667466,0.632757794,0.269818143,0,0
"Rineloricaria_morrowi",50594,"Teleostei","Siluriformes","Loricariidae",16.5,9.429342924,0.470274302,0.428965477,0,0
"Rineloricaria_nigricauda",50595,"Teleostei","Siluriformes","Loricariidae",6.5,10.91995452,0.5,0.352967923,0,0
"Rineloricaria_parva",50597,"Teleostei","Siluriformes","Loricariidae",11,10.00229762,0.536059524,0.399793779,0,0
"Rineloricaria_phoxocephala",50598,"Teleostei","Siluriformes","Loricariidae",15,9.684797544,0.523486927,0.291066506,0,0
"Rineloricaria_platyura",48333,"Teleostei","Siluriformes","Loricariidae",14,10.01523836,0.569703592,0.346431206,0,0
"Rineloricaria_stewarti",48334,"Teleostei","Siluriformes","Loricariidae",10,10.41736322,0.607443458,0.353304971,0,0
"Rineloricaria_teffeana",50603,"Teleostei","Siluriformes","Loricariidae",14,12.11018654,0.580902086,0.375674108,0,0
"Rineloricaria_wolfei",50606,"Teleostei","Siluriformes","Loricariidae",15,9.486695674,0.464503102,0.364011496,0,0
"Roeboexodon_guyanensis",27999,"Teleostei","Characiformes","Characidae",12,3.590771495,0.605914619,0.56476317,0.575969774,0.343632876
"Roeboides_affinis",56650,"Teleostei","Characiformes","Characidae",11,2.757354807,0.417493482,0.432016564,0.426296177,0.630743712
"Roeboides_biserialis",53313,"Teleostei","Characiformes","Characidae",5,2.709148236,0.494499406,0.47056239,0.501136675,0.2599867
"Roeboides_dayi",23342,"Teleostei","Characiformes","Characidae",12.7,2.853248429,0.506295405,0.409517794,0.465501179,0.615762975
"Roeboides_descalvadensis",52059,"Teleostei","Characiformes","Characidae",9,2.656548351,0.504732997,0.442588346,0.53883644,0.492445489
"Roeboides_dientonito",56658,"Teleostei","Characiformes","Characidae",7,2.757595009,0.540690326,0.500166646,0.555322758,0.557462732
"Roeboides_dispar",61385,"Teleostei","Characiformes","Characidae",8.11,2.817540881,0.338432817,0.468464322,0.370518917,0.423858875
"Roeboides_microlepis",52022,"Teleostei","Characiformes","Characidae",20,2.327487717,0.538410453,0.418190476,0.557189137,0.71922619
"Roeboides_myersii",25616,"Teleostei","Characiformes","Characidae",18,2.81158182,0.51844216,0.467072228,0.590022326,0.702727226
"Roeboides_occidentalis",52061,"Teleostei","Characiformes","Characidae",13,2.797517544,0.475362447,0.497025221,0.439184263,0.481263637
"Roeboides_xenodon",53353,"Teleostei","Characiformes","Characidae",8.2,2.601746976,0.555928841,0.458639768,0.580049754,0.617188456
"Roestes_itupiranga",54583,"Teleostei","Characiformes","Cynodontidae",14.2,2.747222917,0.61875,0.457674555,0.7000625,0.588806302
"Roestes_molossus",53435,"Teleostei","Characiformes","Cynodontidae",21.6,2.557159966,0.608521937,0.474002146,0.715675532,0.577995489
"Roestes_ogilviei",53358,"Teleostei","Characiformes","Cynodontidae",19,3.082253178,0.65140678,0.43219865,0.751169492,0.156562957
"Rondonacara_hoehnei",46574,"Teleostei","Perciformes","Cichlidae",7.22,2.269895221,0.484020247,0.274609277,0.390538079,0.337432164
"Saccoderma_hastata",57799,"Teleostei","Characiformes","Characidae",4,3.454269499,0.510133125,0.5770117,0.554666855,0.517288341
"Saccoderma_melanostigma",48636,"Teleostei","Characiformes","Characidae",2.67,3.181265198,0.538946453,0.500189189,0.519407264,0.375716216
"Saccodon_dariensis",28263,"Teleostei","Characiformes","Parodontidae",13,4.380617149,0.483120751,0.419138845,0.25845413,0.125197619
"Saccodon_wagneri",27263,"Teleostei","Characiformes","Parodontidae",10.1,4.042448105,0.48406345,0.395750885,0.234862673,0.151635076
"Salminus_affinis",51187,"Teleostei","Characiformes","Characidae",46.5,3.596963941,0.52139376,0.338657786,0.424613867,0.900340539
"Salminus_brasiliensis",56329,"Teleostei","Characiformes","Characidae",100,3.525181427,0.657023123,0.201008239,0.588380768,1.007711704
"Salminus_hilarii",51188,"Teleostei","Characiformes","Characidae",50,3.944148471,0.698364165,0.284720397,0.624288897,0.808027167
"Sarcoglanis_simplex",48804,"Teleostei","Siluriformes","Trichomycteridae",2.1,4.131893477,0.510299767,0.105897532,0.256805695,"NA"
"Sartor_elongatus",52642,"Teleostei","Characiformes","Anostomidae",8,4.805520769,0.444462448,0.441368657,0.704244164,0.420679501
"Sartor_respectus",51383,"Teleostei","Characiformes","Anostomidae","NA",4.320418046,0.501975331,0.375988299,0.72714204,0.365660423
"Satanoperca_acuticeps",12313,"Teleostei","Perciformes","Cichlidae",17,2.63890785,0.598393897,0.403352036,0.361573981,0.471151299
"Satanoperca_daemon",12319,"Teleostei","Perciformes","Cichlidae",17,2.782131567,0.698069198,0.229946524,0.309368039,0.262085561
"Satanoperca_jurupari",11168,"Teleostei","Perciformes","Cichlidae",18.5,2.655469894,0.693117261,0.274173007,0.317851587,0.306930294
"Satanoperca_leucosticta",47522,"Teleostei","Perciformes","Cichlidae",15,2.651254022,0.633670025,0.328560743,0.189217522,0.256567079
"Satanoperca_pappaterra",57778,"Teleostei","Perciformes","Cichlidae",27,2.46518696,0.675117891,0.262648864,0.296835658,0.367425205
"Satanoperca_rhynchitis",66554,"Teleostei","Perciformes","Cichlidae",14.1,2.7230648,0.629583488,0.26973732,0.226305373,0.304775014
"Schizodon_altoparanae",52644,"Teleostei","Characiformes","Anostomidae",32.2,3.870181762,0.470198591,0.427360808,0.393286789,0.245594811
"Schizodon_borellii",53266,"Teleostei","Characiformes","Anostomidae",36,3.519467467,0.48774165,0.578426641,0.589692946,0.229172539
"Schizodon_fasciatus",23448,"Teleostei","Characiformes","Anostomidae",40,3.844475727,0.487942992,0.33804013,0.429208818,0.381408484
"Schizodon_isognathus",53275,"Teleostei","Characiformes","Anostomidae",35,3.476805637,0.441852758,0.667416573,0.447817771,0.463723285
"Schizodon_knerii",53725,"Teleostei","Characiformes","Anostomidae",23.5,3.434775958,0.460604962,0.564164065,0.476955588,0.3951065
"Schizodon_nasutus",53264,"Teleostei","Characiformes","Anostomidae",40.2,4.019619355,0.406451613,0.369863014,0.309677419,0.091890411
"Schizodon_platae",53265,"Teleostei","Characiformes","Anostomidae","NA",3.053246244,0.507595311,0.475142325,0.431141669,0.574262679
"Schizodon_vittatus",25712,"Teleostei","Characiformes","Anostomidae",35,4.202991784,0.48274065,0.550303862,0.508147195,0.306214468
"Schultzichthys_bondi",48775,"Teleostei","Siluriformes","Trichomycteridae",4,7.332392537,0.521996431,0.374204294,0.279465142,0.510175911
"Schultzichthys_gracilis",58370,"Teleostei","Siluriformes","Trichomycteridae",3,7.081752367,0.662147313,0.301062537,0.376393782,0.456797432
"Scleromystax_barbatus",12161,"Teleostei","Siluriformes","Callichthyidae",10,3.877483984,0.702918284,0.250117571,0.069361335,0.15445888
"Scleromystax_macropterus",12181,"Teleostei","Siluriformes","Callichthyidae",9,3.396193581,0.49349688,0.26510151,0.130029934,0.141308474
"Scleromystax_prionotos",46199,"Teleostei","Siluriformes","Callichthyidae",5.3,3.176238533,0.554215462,0.247860877,0.091462614,0.117715605
"Scleronema_operculatum",48659,"Teleostei","Siluriformes","Trichomycteridae",8,5.966259719,0.471827188,0.201366496,0.204815764,"NA"
"Scobinancistrus_aureatus",57543,"Teleostei","Siluriformes","Loricariidae",29,4.427585346,0.586756695,0.260609811,0,0
"Scobinancistrus_pariolispos",53555,"Teleostei","Siluriformes","Loricariidae",27,4.897226286,0.637708591,0.179010063,0,0
"Scoloplax_dicra",49587,"Teleostei","Siluriformes","Scoloplacidae",1.38,6.876546665,0.704379635,0.330097384,0.460211486,0.517263486
"Scoloplax_distolothrix",54950,"Teleostei","Siluriformes","Scoloplacidae",2,6.875239923,0.755854127,0.281412855,0.476007678,0.155182397
"Scoloplax_dolicholophia",54964,"Teleostei","Siluriformes","Scoloplacidae",1.2,4.70246085,0.757941834,0.273039496,0.402684564,0.127647396
"Scoloplax_empousa",54961,"Teleostei","Siluriformes","Scoloplacidae",2,7.324909174,0.751683186,0.165166813,0.405574511,0.116293532
"Scopaeocharax_atopodus",51191,"Teleostei","Characiformes","Characidae",2.2,3.337290795,0.456311018,0.583138104,0.436471409,0.429623479
"Scopaeocharax_rhinodus",51192,"Teleostei","Characiformes","Characidae",2.96,3.309694759,0.485966596,0.600079994,0.52664235,0.350198735
"Scorpiodoras_heckelii",47622,"Teleostei","Siluriformes","Doradidae",16.1,4.100238389,0.584405606,0.350649351,0.333350088,0.313844156
"Semaprochilodus_brama",51253,"Teleostei","Characiformes","Prochilodontidae",54,2.333008936,0.428985971,0.39021535,0.410681989,0.290881155
"Semaprochilodus_insignis",25658,"Teleostei","Characiformes","Prochilodontidae",27.5,2.772633384,0.42460735,0.493960054,0.381464593,0.260457644
"Semaprochilodus_kneri",51237,"Teleostei","Characiformes","Prochilodontidae",28,2.81012445,0.467938974,0.461546313,0.443851093,0.295719085
"Semaprochilodus_laticeps",53149,"Teleostei","Characiformes","Prochilodontidae",44,2.571532829,0.360241735,0.360584983,0.375974361,0.265205435
"Semaprochilodus_taeniurus",11898,"Teleostei","Characiformes","Prochilodontidae",27.2,2.880452382,0.408538249,0.409378788,0.500178891,0.361424242
"Semaprochilodus_varii",27830,"Teleostei","Characiformes","Prochilodontidae",28,2.343853859,0.579203433,0.464811752,0.550418233,0.319252473
"Serrabrycon_magoi",52024,"Teleostei","Characiformes","Characidae",3.16,3.5897221,0.554996185,0.519066031,0.584034633,0.241658611
"Serrapinnus_calliurus",54548,"Teleostei","Characiformes","Characidae",4.4,2.779848073,0.437321234,0.516190633,0.418599457,0.3157785
"Serrapinnus_gracilis",28006,"Teleostei","Characiformes","Characidae",2.35,2.719033557,0.563768456,0.515775648,0.563798658,0.388122743
"Serrapinnus_heterodon",51145,"Teleostei","Characiformes","Characidae",4.3,3.312855898,0.463023108,0.429201158,0.458285257,0.416580591
"Serrapinnus_notomelas",53336,"Teleostei","Characiformes","Characidae",4,2.902453897,0.45482624,0.593678161,0.430731692,0.288184626
"Serrapinnus_piaba",23422,"Teleostei","Characiformes","Characidae",4.2,2.658908362,0.504350318,0.553376906,0.4565016,0.435025638
"Serrasalmus_altispinis",57955,"Teleostei","Characiformes","Characidae",19,1.788212561,0.576460415,0.417393701,0.576460415,0.284007874
"Serrasalmus_altuvei",52025,"Teleostei","Characiformes","Characidae",17.3,1.640193507,0.513377712,0.349679685,0.540026285,0.514235309
"Serrasalmus_brandtii",11963,"Teleostei","Characiformes","Characidae",21.2,1.914056603,0.531430433,0.450136111,0.529041324,0.426911111
"Serrasalmus_compressus",51588,"Teleostei","Characiformes","Characidae",19,1.758758708,0.499980657,0.387403916,0.493993221,0.48210497
"Serrasalmus_eigenmanni",53373,"Teleostei","Characiformes","Characidae",35,1.832539017,0.552821332,0.303391352,0.548585527,0.309277536
"Serrasalmus_elongatus",11964,"Teleostei","Characiformes","Characidae",30,2.614666633,0.485365915,0.339705175,0.420800681,0.619482962
"Serrasalmus_geryi",53363,"Teleostei","Characiformes","Characidae",18.1,1.785811213,0.533146836,0.444467786,0.526967359,0.585297323
"Serrasalmus_gouldingi",51991,"Teleostei","Characiformes","Characidae",28,1.659949251,0.580507068,0.299555556,0.528107339,0.351695652
"Serrasalmus_hollandi",53491,"Teleostei","Characiformes","Characidae",18.5,2.047771806,0.529218397,0.348010526,0.500009916,0.314031579
"Serrasalmus_humeralis",4759,"Teleostei","Characiformes","Characidae",20,1.995679126,0.506009212,0.376581232,0.500252742,0.459065057
"Serrasalmus_irritans",53376,"Teleostei","Characiformes","Characidae",14,2.082613008,0.472301059,0.40543529,0.439357072,0.435756935
"Serrasalmus_maculatus",58140,"Teleostei","Characiformes","Characidae",26.4,1.829069919,0.513380661,0.266448266,0.500466166,0.449619335
"Serrasalmus_manueli",53362,"Teleostei","Characiformes","Characidae",44,1.950177602,0.556615439,0.291990163,0.467730838,0.377437664
"Serrasalmus_marginatus",55016,"Teleostei","Characiformes","Characidae",27.1,1.798409533,0.51551737,0.354408877,0.495459756,0.542384058
"Serrasalmus_medinai",53374,"Teleostei","Characiformes","Characidae",15,1.836897684,0.530538054,0.340898761,0.524832135,0.383367171
"Serrasalmus_nalseni",53375,"Teleostei","Characiformes","Characidae",13,1.779681823,0.494419059,0.398289195,0.467181523,0.434681445
"Serrasalmus_rhombeus",11970,"Teleostei","Characiformes","Characidae",42,1.904389498,0.530696233,0.211756659,0.49183064,0.369824864
"Serrasalmus_serrulatus",51196,"Teleostei","Characiformes","Characidae",19,1.817119134,0.552159454,0.381587629,0.504440629,0.388072165
"Serrasalmus_spilopleura",11973,"Teleostei","Characiformes","Characidae",25,1.67851126,0.511489346,0.239809239,0.463461021,0.434584112
"Simpsonichthys_boitonei",6274,"Teleostei","Cyprinodontiformes","Rivulidae",6,3.087149694,0.461257425,0.38159656,0.499670589,0.374956784
"Simpsonichthys_santanae",49702,"Teleostei","Cyprinodontiformes","Rivulidae",3,2.959877172,0.465588807,0.401085286,0.435085279,0.306886285
"Simpsonichthys_zonatus",49703,"Teleostei","Cyprinodontiformes","Rivulidae",5,2.948071938,0.480206308,0.46425113,0.466272413,0.294544868
"Sorubim_cuspicaudus",58422,"Teleostei","Siluriformes","Pimelodidae",80,6.673445778,0.461035477,0.318130957,0.428894776,0.933402786
"Sorubim_elongatus",58423,"Teleostei","Siluriformes","Pimelodidae",32.2,7.326407194,0.346998541,0.589844838,0.224484451,0.721109891
"Sorubim_lima",12144,"Teleostei","Siluriformes","Pimelodidae",54.2,6.101036923,0.386002552,0.337696371,0.367801368,0.887337239
"Sorubim_maniradii",59981,"Teleostei","Siluriformes","Pimelodidae",25.6,6.83313581,0.420151106,0.475,0.437039369,0.477625
"Sorubim_trigonocephalus",48578,"Teleostei","Siluriformes","Pimelodidae",51,7.562927741,0.608907406,0.551400903,0.642434245,0.829961747
"Sorubimichthys_planiceps",12145,"Teleostei","Siluriformes","Pimelodidae",150,7.698383633,0.412781116,0.31040557,0.231385148,1.037495282
"Spatuloricaria_atratoensis",50611,"Teleostei","Siluriformes","Loricariidae",34.04,7.369884274,0.719872874,0.182974595,0,0
"Spatuloricaria_caquetae",50612,"Teleostei","Siluriformes","Loricariidae",37,7.60221253,0.579181696,0.257493188,0,0
"Spatuloricaria_evansii",50619,"Teleostei","Siluriformes","Loricariidae",28.2,8.617954545,0.795454545,0.2,0,"NA"
"Spatuloricaria_gymnogaster",50621,"Teleostei","Siluriformes","Loricariidae",370,9.243447939,0.670177627,0.20253526,0,0
"Spatuloricaria_nudiventris",50622,"Teleostei","Siluriformes","Loricariidae",20.35,7.258786389,0.652652291,0.234057491,0,0
"Spatuloricaria_puganensis",50623,"Teleostei","Siluriformes","Loricariidae",22,7.609743189,0.681635077,0.226454499,0,0
"Spectracanthicus_murinus",50682,"Teleostei","Siluriformes","Loricariidae",6.4,4.331980183,0.622146711,0.227667193,0,0
"Spectrolebias_chacoensis",49496,"Teleostei","Cyprinodontiformes","Rivulidae",6,2.802664244,0.465125,0.381052142,0.500075581,0.419639834
"Spectrolebias_costai",49500,"Teleostei","Cyprinodontiformes","Rivulidae",4,3.44273571,0.4592729,0.46598457,0.422637414,0.415322414
"Spectrolebias_filamentosus",57481,"Teleostei","Cyprinodontiformes","Rivulidae",5,3.014240207,0.481100111,0.598422297,0.549814953,0.432273649
"Spintherobolus_papilliferus",52682,"Teleostei","Characiformes","Characidae",6.08,3.249857558,0.573056686,0.523084123,0.517421512,0.419073854
"Stauroglanis_gouldingi",53644,"Teleostei","Siluriformes","Trichomycteridae",3,8.351889897,0.753169314,0.291395349,0.241986939,0.441255814
"Steatogenys_duidae",48119,"Teleostei","Gymnotiformes","Hypopomidae",21,7.827822233,0.580596171,0.139658489,0.353467803,0.149895073
"Steatogenys_elegans",12223,"Teleostei","Gymnotiformes","Hypopomidae",29.4,6.611979066,0.61369781,0.135286583,0.450935331,0.128098825
"Steindachneridion_doceanum",48550,"Teleostei","Siluriformes","Pimelodidae",42,5.893035112,0.530454615,0.20396395,0.228879178,0.490834797
"Steindachneridion_parahybae",48552,"Teleostei","Siluriformes","Pimelodidae","NA",5.378515488,0.543576856,0.23493116,0.220514319,0.399571764
"Steindachneridion_scriptum",48553,"Teleostei","Siluriformes","Pimelodidae",90,4.836626169,0.63390936,0.182111426,0.394706054,0.567588658
"Steindachnerina_argentea",23283,"Teleostei","Characiformes","Curimatidae",9.3,2.831550083,0.4789126,0.528311147,0.352486601,0.33990246
"Steindachnerina_bimaculata",23441,"Teleostei","Characiformes","Curimatidae",17.3,2.957319892,0.47796022,0.539826923,0.426503461,0.512057692
"Steindachnerina_binotata",51882,"Teleostei","Characiformes","Curimatidae",13.3,3.398233035,0.545449541,0.52449174,0.441743895,0.338158079
"Steindachnerina_biornata",51884,"Teleostei","Characiformes","Curimatidae",18.8,3.034613674,0.429619686,0.570222835,0.281109482,0.309323297
"Steindachnerina_brevipinna",53118,"Teleostei","Characiformes","Curimatidae",20.5,3.122561461,0.520992237,0.512127551,0.448291229,0.324005399
"Steindachnerina_dobula",53114,"Teleostei","Characiformes","Curimatidae",16.3,3.230233535,0.576958636,0.473752957,0.465822177,0.350527405
"Steindachnerina_fasciata",52501,"Teleostei","Characiformes","Curimatidae",10,3.129354248,0.493561984,0.500401495,0.3407871,0.362747722
"Steindachnerina_gracilis",52648,"Teleostei","Characiformes","Curimatidae",7.3,4.188548719,0.455910295,0.566093688,0.302660101,0.410940088
"Steindachnerina_guentheri",51885,"Teleostei","Characiformes","Curimatidae",11.1,2.937204394,0.562849598,0.497325024,0.421465244,0.277904776
"Steindachnerina_hypostoma",51886,"Teleostei","Characiformes","Curimatidae",10,3.602211136,0.464814388,0.461834532,0.308570197,0.195438849
"Steindachnerina_insculpta",52540,"Teleostei","Characiformes","Curimatidae",16.1,3.142344857,0.463836883,0.461775285,0.304521158,0.266470148
"Steindachnerina_planiventris",52649,"Teleostei","Characiformes","Curimatidae",9,3.808775763,0.51006319,0.475952355,0.338941711,0.134284795
"Steindachnerina_pupula",53127,"Teleostei","Characiformes","Curimatidae",10,3.187648582,0.46911485,0.489359115,0.343797876,0.158260367
"Steindachnerina_quasimodoi",52650,"Teleostei","Characiformes","Curimatidae",12.3,3.370658062,0.360816797,0.586813215,0.199469958,0.158340038
"Steindachnerina_varii",27829,"Teleostei","Characiformes","Curimatidae",9.4,2.919880817,0.572341366,0.510780271,0.520203168,0.308588784
"Stenolebias_damascenoi",49666,"Teleostei","Cyprinodontiformes","Rivulidae",4,3.876929101,0.330254134,0.573189903,0.363549647,0.300796637
"Sternarchella_orthos",47921,"Teleostei","Gymnotiformes","Apteronotidae",30,6.59911155,0.599863315,0.152756883,0.555858455,0.186770066
"Sternarchella_schotti",48027,"Teleostei","Gymnotiformes","Apteronotidae",40,5.685927981,0.6504692,0.134189844,0.582272601,0.267214303
"Sternarchogiton_nattereri",48026,"Teleostei","Gymnotiformes","Apteronotidae",25,6.918981017,0.536081554,0.114463743,0.414582822,0.314946647
"Sternarchogiton_porcinum",48031,"Teleostei","Gymnotiformes","Apteronotidae",30,5.781797516,0.761393879,0.20346799,0.633191949,0.404589828
"Sternarchorhamphus_muelleri",27836,"Teleostei","Gymnotiformes","Apteronotidae",46,10.74352042,0.459622054,0.08622385,0.181407035,0.232179697
"Sternarchorhynchus_britskii",57650,"Teleostei","Gymnotiformes","Apteronotidae",26.1,8.119403439,0.510532359,0.096366995,0,0.181117611
"Sternarchorhynchus_curvirostris",48069,"Teleostei","Gymnotiformes","Apteronotidae",41,8.64475422,0.626439391,0.210932886,0,0.17703338
"Sternarchorhynchus_mesensis",57651,"Teleostei","Gymnotiformes","Apteronotidae",25,8.446509317,0.662570716,0.159205729,0,0.226863075
"Sternarchorhynchus_mormyrus",48067,"Teleostei","Gymnotiformes","Apteronotidae",54,6.915321488,0.546629185,0.098868881,0,0.201683106
"Sternarchorhynchus_oxyrhynchus",28042,"Teleostei","Gymnotiformes","Apteronotidae",47,8.617288447,0.678664175,0.138419839,0,0.218393669
"Sternarchorhynchus_roseni",47945,"Teleostei","Gymnotiformes","Apteronotidae",41.7,9.768120249,0.504403148,0.03526176,0,0.150021157
"Sternarchorhynchus_stewarti",65518,"Teleostei","Gymnotiformes","Apteronotidae",22.9,8.381567901,0.703703704,0.135135135,0,0.271621622
"Sternopygus_aequilabiatus",48002,"Teleostei","Gymnotiformes","Sternopygidae",81,8.670581461,0.670596615,0.160923603,0.558820409,0.226394534
"Sternopygus_arenatus",48006,"Teleostei","Gymnotiformes","Sternopygidae",56,7.731692191,0.650026461,0.132225844,0.524997519,0.2885501
"Sternopygus_macrurus",12224,"Teleostei","Gymnotiformes","Sternopygidae",140.5,8.376804036,0.628660723,0.150978287,0.493609684,0.364723341
"Sternopygus_obtusirostris",61824,"Teleostei","Gymnotiformes","Sternopygidae",56,8.259274984,0.553063356,0.179094275,0.379881901,0.275261874
"Sternopygus_xingu",53000,"Teleostei","Gymnotiformes","Sternopygidae",52.5,6.485617174,0.518921304,0.189994443,0.445732579,0.370117347
"Stethaprion_crenatum",53368,"Teleostei","Characiformes","Characidae",8.5,1.622028332,0.612404392,0.525123762,0.646155001,0.39850495
"Stethaprion_erythrops",51197,"Teleostei","Characiformes","Characidae",9,1.519749956,0.564735347,0.51272602,0.555802331,0.361473446
"Stichonodon_insignis",53454,"Teleostei","Characiformes","Characidae",8,1.900035642,0.562975787,0.519424036,0.630218898,0.214879158
"Sturisoma_barbatum",50520,"Teleostei","Siluriformes","Loricariidae",28,10.79998298,0.527323392,0.441307165,0,0
"Sturisoma_guentheri",50526,"Teleostei","Siluriformes","Loricariidae",23,9.186260447,0.466623452,0.359002401,0,0
"Sturisoma_lyra",50528,"Teleostei","Siluriformes","Loricariidae",25,10.94623781,0.537903921,0.260928245,0,0
"Sturisoma_nigrirostrum",50529,"Teleostei","Siluriformes","Loricariidae",22,11.19802921,0.603956426,0.333333333,0,0
"Sturisoma_robustum",50532,"Teleostei","Siluriformes","Loricariidae",25,9.006870561,0.469565454,0.294123316,0,0
"Sturisomatichthys_tamanae",50518,"Teleostei","Siluriformes","Loricariidae",22.5,8.641326257,0.451572985,0.337733426,0,0
"Stygichthys_typhlops",12400,"Teleostei","Characiformes","Characidae",2.36,3.705962447,"NA","NA",0.522764372,0.724478089
"Symphysodon_aequifasciatus",11185,"Teleostei","Perciformes","Cichlidae",14,1.184817581,0.507929242,0.196901533,0.42662095,0.096201369
"Symphysodon_discus",11186,"Teleostei","Perciformes","Cichlidae",12.3,1.129877694,0.468902061,0.18683904,0.342453078,0.109997733
"Synaptolaemus_latofasciatus",53293,"Teleostei","Characiformes","Anostomidae",9.4,4.508603956,0.549999312,0.517951308,0.787805785,0.23780051
"Synbranchus_madeirae",51374,"Teleostei","Synbranchiformes","Synbranchidae",100,21.12954286,0.228571429,0.142857143,"NA","NA"
"Synbranchus_marmoratus",5319,"Teleostei","Synbranchiformes","Synbranchidae",150,24.04896554,0.716883726,0.260007612,0.555477336,1.210358786
"Taeniacara_candidi",47082,"Teleostei","Perciformes","Cichlidae",5,3.855760125,0.505386247,0.531093213,0.377941296,0.382590296
"Tahuantinsuyoa_chipi",58485,"Teleostei","Perciformes","Cichlidae",8.2,2.459627016,0.606155494,0.362840636,0.315952621,0.280240732
"Tahuantinsuyoa_macantzatza",46352,"Teleostei","Perciformes","Cichlidae",12,2.621041205,0.553566421,0.310008178,0.312786648,0.356573298
"Tatia_aulopygia",13126,"Teleostei","Siluriformes","Auchenipteridae",15.9,5.454976967,0.439398655,0.399835405,0.496140438,0.351171655
"Tatia_boemia",51569,"Teleostei","Siluriformes","Auchenipteridae",7,3.981809155,0.531809155,0.434125778,0.496698441,0.217675604
"Tatia_brunnea",47707,"Teleostei","Siluriformes","Auchenipteridae",11.6,3.709035947,0.518485528,0.472870434,0.428810814,0.147535575
"Tatia_dunni",58302,"Teleostei","Siluriformes","Auchenipteridae",12,3.865508957,0.389109233,0.408080834,0.28625072,0.187890363
"Tatia_galaxias",47710,"Teleostei","Siluriformes","Auchenipteridae",12.56,4.910670152,0.432092839,0.443822239,0.355120363,0.178280487
"Tatia_gyrina",47711,"Teleostei","Siluriformes","Auchenipteridae",4.2,3.648048323,0.432064302,0.430154511,0.320474563,0.146160288
"Tatia_intermedia",52147,"Teleostei","Siluriformes","Auchenipteridae",12,4.348669947,0.468024804,0.435295919,0.45207656,0.278005004
"Tatia_musaica",53667,"Teleostei","Siluriformes","Auchenipteridae",6.2,4.979233321,0.439806178,0.512447113,0.48247917,0.425622955
"Tatia_neivai",54649,"Teleostei","Siluriformes","Auchenipteridae",8.21,4.386126704,0.425148379,0.365711006,0.371198468,0.225394858
"Tatia_strigata",51528,"Teleostei","Siluriformes","Auchenipteridae",11.68,4.150187603,0.497063385,0.505329412,0.391645405,0.225988235
"Taunayia_bifasciata",47781,"Teleostei","Siluriformes","Heptapteridae",14,6.672075295,0.71978763,0.198718063,0.36954701,0.357603242
"Teleocichla_centrarchus",46828,"Teleostei","Perciformes","Cichlidae",6,5.495487871,0.852209432,0.573491667,0.705049266,0.287283996
"Teleocichla_cinderella",46832,"Teleostei","Perciformes","Cichlidae",5.4,6.055949126,0.891709396,0.418186569,0.598459106,0.306067416
"Teleocichla_gephyrogramma",47116,"Teleostei","Perciformes","Cichlidae",5,6.257482241,0.652886146,0.508672724,0.326433368,0.557417879
"Teleocichla_monogramma",46886,"Teleostei","Perciformes","Cichlidae",6.3,7.134132199,0.736449341,0.314446414,0.209841945,0.497888079
"Teleocichla_prionogenys",47118,"Teleostei","Perciformes","Cichlidae",6,6.942963189,0.832671662,0.504939392,0.510371397,0.390105196
"Teleocichla_proselytus",46909,"Teleostei","Perciformes","Cichlidae",6,5.306063224,0.703009603,0.417858327,0.44809006,0.650125479
"Tenellus_leporhinus",47467,"Teleostei","Siluriformes","Doradidae",17.3,4.577621512,0.661839539,0.38156796,0.108084959,"NA"
"Tenellus_ternetzi",47473,"Teleostei","Siluriformes","Doradidae",12.86,4.481259497,0.568475998,0.489735842,0.060505656,"NA"
"Tenellus_trimaculatus",47474,"Teleostei","Siluriformes","Doradidae",11.4,4.018885218,0.62497482,0.415186603,0.250362596,0.209146407
"Terranatos_dolichopterus",11881,"Teleostei","Cyprinodontiformes","Rivulidae",4,3.027825017,0.453064129,0.456506264,0.491949199,0.350512528
"Tetragonopterus_argenteus",4502,"Teleostei","Characiformes","Characidae",12,1.95986216,0.576873496,0.482095905,0.560765794,0.221706233
"Tetragonopterus_chalceus",26475,"Teleostei","Characiformes","Characidae",12.7,1.879311187,0.611411563,0.481432041,0.639000906,0.382176802
"Tetragonopterus_rarus",62336,"Teleostei","Characiformes","Characidae",7.4,1.989543075,0.465536273,0.511111463,0.485818579,0.483724389
"Tetranematichthys_quadrifilis",48587,"Teleostei","Siluriformes","Auchenipteridae",16,4.238782843,0.376627974,0.417452159,0.355135381,0.289415714
"Thalassophryne_amazonica",53559,"Teleostei","Batrachoidiformes","Batrachoididae",9.3,4.121504735,0.870763146,0.172231663,0.850773657,0.668821476
"Thayeria_boehlkei",10716,"Teleostei","Characiformes","Characidae",3.15,3.304026778,0.494172385,0.594961975,0.481800837,0.554700725
"Thayeria_ifati",28001,"Teleostei","Characiformes","Characidae",4,2.757487275,0.423217303,0.52299141,0.422357329,0.365161115
"Thayeria_obliqua",12401,"Teleostei","Characiformes","Characidae",8,3.368695131,0.483232455,0.535113108,0.453909701,0.304684063
"Thoracocharax_securis",11905,"Teleostei","Characiformes","Gasteropelecidae",7,1.521386846,0.681029136,0.241543451,0.693718448,0.14878849
"Thoracocharax_stellatus",11906,"Teleostei","Characiformes","Gasteropelecidae",8,1.630248503,0.769684962,0.181331599,0.799231105,0.181444779
"Thrissobrycon_pectinifer",53377,"Teleostei","Characiformes","Characidae",3.02,4.702392584,0.633821596,0.564666024,0.562815418,0.433987013
"Tocantinsia_piresi",47674,"Teleostei","Siluriformes","Auchenipteridae",51.5,4.622750039,0.508813962,0.326140065,0.552155729,0.45281759
"Tometes_lebaili",60345,"Teleostei","Characiformes","Serrasalmidae",51.2,1.843539008,0.547623068,0.166704696,0.595139025,0.400440209
"Tometes_makue",60296,"Teleostei","Characiformes","Characidae",38,1.760970625,0.568504513,0.295683537,0.467575392,0.190283578
"Tometes_trilobatus",58144,"Teleostei","Characiformes","Characidae",43,1.568846466,0.489444226,0.276394169,0.508736473,0.196584512
"Tomeurus_gracilis",47325,"Teleostei","Cyprinodontiformes","Poeciliidae",3.3,5.0356642,0.712885052,0.652116341,0.878512017,0.396970683
"Trachelyichthys_decaradiatus",47680,"Teleostei","Siluriformes","Auchenipteridae",8,3.785664175,0.587648372,0.478659781,0.526116997,0.402966382
"Trachelyichthys_exilis",47678,"Teleostei","Siluriformes","Auchenipteridae",8,3.481745423,0.576919563,0.587039216,0.564329569,0.267392157
"Trachelyopterichthys_anduzei",47700,"Teleostei","Siluriformes","Auchenipteridae",14,7.031417246,0.574379592,0.299737836,0.498048349,0.313185288
"Trachelyopterichthys_taeniatus",13281,"Teleostei","Siluriformes","Auchenipteridae",15,5.699593065,0.454967761,0.317466555,0.459167178,0.293032311
"Trachelyopterus_albicrux",47725,"Teleostei","Siluriformes","Auchenipteridae",14,3.078442908,0.540115685,0.297969496,0.552154862,0.493069399
"Trachelyopterus_coriaceus",47698,"Teleostei","Siluriformes","Auchenipteridae",18,4.19137495,0.551808183,0.34375,0.517282089,0.2385
"Trachelyopterus_galeatus",13280,"Teleostei","Siluriformes","Auchenipteridae",30,3.455165478,0.63024002,0.247337803,0.651756746,0.251033581
"Trachelyopterus_insignis",47734,"Teleostei","Siluriformes","Auchenipteridae",22.5,3.565953906,0.571378109,0.25674449,0.659452713,0.337097418
"Trachelyopterus_striatulus",12111,"Teleostei","Siluriformes","Auchenipteridae",27.7,3.558188179,0.569775945,0.279378119,0.512342282,0.331447753
"Trachelyopterus_teaguei",52150,"Teleostei","Siluriformes","Auchenipteridae",20,4.8236795,0.643519606,0.257990238,0.578274217,0.458933986
"Trachycorystes_trachycorystes",12113,"Teleostei","Siluriformes","Auchenipteridae",35,4.03754398,0.644614669,0.296529589,0.625326409,0.381739063
"Trachydoras_brevis",47590,"Teleostei","Siluriformes","Doradidae",9.3,3.11206532,0.503946955,0.546729963,0.20754584,"NA"
"Trachydoras_nattereri",47586,"Teleostei","Siluriformes","Doradidae",10.3,3.209957694,0.505753735,0.433132363,0.131713763,"NA"
"Trachydoras_paraguayensis",47587,"Teleostei","Siluriformes","Doradidae",19.2,2.679812852,0.529425073,0.441441441,0.203618067,"NA"
"Trachydoras_steindachneri",47641,"Teleostei","Siluriformes","Doradidae",9,3.983690208,0.483373478,0.466666667,0.123268939,"NA"
"Trichomycterus_albinotatus",58383,"Teleostei","Siluriformes","Trichomycteridae",5,6.382046632,0.676721729,0.17631401,0.276068167,"NA"
"Trichomycterus_alterus",48661,"Teleostei","Siluriformes","Trichomycteridae",9.25,4.440662514,0.613566719,0.13048318,0.542345267,0.5818869
"Percichthys_melanops",10593,"Teleostei","Perciformes","Percichthyidae",20,3.111234954,0.527777778,0.341987179,0.282407407,0.521647436
"Trichomycterus_barbouri",48669,"Teleostei","Siluriformes","Trichomycteridae",4,6.550876289,"NA",0.254545455,0.05256701,0.345927273
"Trichomycterus_borellii",48671,"Teleostei","Siluriformes","Trichomycteridae",11,6.065966716,0.526390554,0.153154291,0.123118414,0.322424595
"Trichomycterus_boylei",48672,"Teleostei","Siluriformes","Trichomycteridae",13.3,6.415116534,0.854866506,0.2062267,0.549526753,0.449350126
"Trichomycterus_brasiliensis",48673,"Teleostei","Siluriformes","Trichomycteridae",13.54,5.84176647,0.477114495,0.228709928,0.183981841,0.436504654
"Trichomycterus_celsae",61835,"Teleostei","Siluriformes","Trichomycteridae","NA",5.130975532,0.384955658,0.218863119,0.04152153,0.594093829
"Trichomycterus_chaberti",49985,"Teleostei","Siluriformes","Trichomycteridae",11.45,6.730947196,0.557358897,0.179505556,0.248390247,0.444027778
"Trichomycterus_chiltoni",10413,"Teleostei","Siluriformes","Trichomycteridae",17,7.125169992,0.568669842,0.23975402,0.314670814,"NA"
"Trichomycterus_corduvensis",53120,"Teleostei","Siluriformes","Trichomycteridae",13.6,7.750058712,0.644539769,0.384631308,0.277998514,0.42039211
"Trichomycterus_knerii",48700,"Teleostei","Siluriformes","Trichomycteridae",16,6.51915748,0.56167979,0.155688623,0.299223097,0.32939521
"Trichomycterus_lewi",61836,"Teleostei","Siluriformes","Trichomycteridae","NA",4.578504073,0.58143751,0.216515824,0.404058971,0.562034901
"Trichomycterus_migrans",58375,"Teleostei","Siluriformes","Trichomycteridae",4.2,7.229256234,0.721855423,0.275240809,0.625967326,0.546520147
"Trichomycterus_mimonha",53672,"Teleostei","Siluriformes","Trichomycteridae",8,5.827471962,0.603486077,0.113181208,0.249990661,"NA"
"Trichomycterus_mondolfi",48711,"Teleostei","Siluriformes","Trichomycteridae",6.05,5.547586378,0.520109494,0.21780679,0.318690487,0.415457831
"Trichomycterus_retropinnis",48723,"Teleostei","Siluriformes","Trichomycteridae",8,6.25062205,0.569030293,0.181982292,0.229711783,0.28467643
"Trichomycterus_rivulatus",10417,"Teleostei","Siluriformes","Trichomycteridae",37.4,5.70479356,0.578265913,0.254541121,0.305050951,"NA"
"Tridensimilis_brevis",48798,"Teleostei","Siluriformes","Trichomycteridae",3,6.78456485,0.47503235,0.647222051,0.491738279,0.38441142
"Tridensimilis_venezuelae",48799,"Teleostei","Siluriformes","Trichomycteridae",2.5,5.915266532,0.322840756,0.620767569,0.240587045,0.505133743
"Trigonectes_aplocheiloides",49667,"Teleostei","Cyprinodontiformes","Rivulidae",10,4.970002148,0.507635098,0.551301421,0.473749053,0.267761862
"Trigonectes_balzanii",49669,"Teleostei","Cyprinodontiformes","Rivulidae",16,4.769373289,0.481621822,0.834919593,0.574128307,0.350321159
"Trigonectes_rogoaguae",49677,"Teleostei","Cyprinodontiformes","Rivulidae",10,4.162326732,0.521556323,0.572879734,0.58186013,0.345806276
"Triportheus_albus",51200,"Teleostei","Characiformes","Characidae",25.7,3.61377172,0.593919386,0.531189147,0.649847947,0.413605089
"Triportheus_angulatus",12976,"Teleostei","Characiformes","Characidae",23.8,2.804687098,0.622126806,0.497329869,0.664536947,0.422661842
"Triportheus_brachipomus",62795,"Teleostei","Characiformes","Characidae",21.9,3.325892308,0.616855404,0.428754733,0.685138421,0.235223084
"Triportheus_culter",51201,"Teleostei","Characiformes","Characidae",24.5,3.695390678,0.735266489,0.425531606,0.850853799,0.350711588
"Triportheus_curtus",58088,"Teleostei","Characiformes","Characidae",11,2.466439458,0.608414469,0.47340693,0.692712398,0.361688498
"Triportheus_guentheri",56691,"Teleostei","Characiformes","Characidae",13.4,2.770179095,0.596390986,0.405440451,0.650625599,0.280312907
"Triportheus_magdalenae",58086,"Teleostei","Characiformes","Characidae",36,2.813887377,0.452917472,0.353699054,0.46641925,0.241231565
"Triportheus_nematurus",56686,"Teleostei","Characiformes","Characidae",18.3,2.447274086,0.621107127,0.404469228,0.695033468,0.293187452
"Triportheus_pictus",27669,"Teleostei","Characiformes","Characidae",11,2.632696438,0.613776028,0.508698413,0.730535171,0.287040564
"Triportheus_rotundatus",13248,"Teleostei","Characiformes","Characidae",26.8,2.918076239,0.615058902,0.439089709,0.666670371,0.37061671
"Triportheus_trifurcatus",58085,"Teleostei","Characiformes","Characidae",18.6,2.629569004,0.687660043,0.341080912,0.740413601,0.265079663
"Tucanoichthys_tucano",54775,"Teleostei","Characiformes","Characidae",2,3.172907934,0.594978871,0.483797271,0.651963611,0.319561971
"Tympanopleura_atronasus",48589,"Teleostei","Siluriformes","Auchenipteridae",14.9,4.358658587,0.294593045,0.488864754,0.424954445,0.678618638
"Tympanopleura_brevis",48591,"Teleostei","Siluriformes","Auchenipteridae",16,4.325941379,0.344566707,0.490545213,0.471921559,0.726077667
"Tyttobrycon_dorsimaculatus",51214,"Teleostei","Characiformes","Characidae",2,3.234878844,0.436482016,0.542856083,0.5146681,0.441148557
"Tyttobrycon_hamatus",51217,"Teleostei","Characiformes","Characidae",2,3.882730921,0.592150627,0.669491329,0.681502678,0.333537991
"Tyttobrycon_xeruini",51216,"Teleostei","Characiformes","Characidae",2.26,4.680361561,0.490287512,0.603773713,0.57946571,0.497299418
"Tyttocharax_madeirae",12403,"Teleostei","Characiformes","Characidae",2.09,2.827506781,0.44608954,0.581514983,0.466568568,0.305508029
"Tyttocharax_tambopatensis",51487,"Teleostei","Characiformes","Characidae",2,3.23785045,0.502643188,0.560575773,0.531137534,0.391127809
"Uaru_amphiacanthoides",11187,"Teleostei","Perciformes","Cichlidae",25,1.471316134,0.588618042,0.196862724,0.411451144,0.145838496
"Uaru_fernandezyepezi",51972,"Teleostei","Perciformes","Cichlidae",19,1.620441203,0.483292616,0.211493886,0.334089335,0.145614763
"Utiaritichthys_longidorsalis",53370,"Teleostei","Characiformes","Characidae",20.3,2.081450971,0.517522174,0.315264191,0.49515669,0.310598281
"Utiaritichthys_sennaebragai",53369,"Teleostei","Characiformes","Characidae",32.2,1.773026182,0.585459132,0.284534479,0.552686183,0.298132237
"Vandellia_beccarii",48118,"Teleostei","Siluriformes","Trichomycteridae",5.9,9.656240237,0.442635114,0.383761869,0.314296314,"NA"
"Vandellia_cirrhosa",8811,"Teleostei","Siluriformes","Trichomycteridae",17,12.28701336,0.449225722,0.341366964,0.247214048,0.560091915
"Wertheimeria_maculata",47697,"Teleostei","Siluriformes","Doradidae",30,4.839285477,0.526110632,0.242300055,0.257029019,0.245947583
"Xenagoniates_bondi",26393,"Teleostei","Characiformes","Characidae",6,3.824944294,0.523419954,0.648433203,0.609945844,0.5906319
"Xenurobrycon_heterodon",51204,"Teleostei","Characiformes","Characidae",2.05,4.008167949,0.592165069,0.483322765,0.690225462,0.316571549
"Xenurobrycon_macropus",53371,"Teleostei","Characiformes","Characidae",2,3.959942384,0.589003756,0.618495303,0.586296175,0.335735388
"Xenurobrycon_polyancistrus",53372,"Teleostei","Characiformes","Characidae",1.44,3.721785267,0.496580638,0.534386759,0.59908817,0.176968919
"Xenurobrycon_pteropus",52651,"Teleostei","Characiformes","Characidae",1.46,3.771959425,0.50960289,0.625833602,0.484437399,0.172779745
"Xyliphius_barbatus",48645,"Teleostei","Siluriformes","Aspredinidae",10,5.128798405,0.59580199,0.10088665,0.36666132,"NA"
"Xyliphius_lepturus",57509,"Teleostei","Siluriformes","Aspredinidae",13.2,6.860523678,0.591743081,0.157474795,0.385469215,"NA"
"Xyliphius_magdalenae",48646,"Teleostei","Siluriformes","Aspredinidae",8,6.396164725,0.605056306,0.052,0.302479264,0.213775194
"Zungaro_jahu",63393,"Teleostei","Siluriformes","Pimelodidae",140,4.165030508,0.545772881,0.115646259,0.4712,0.483809524
"Zungaro_zungaro",47756,"Teleostei","Siluriformes","Pimelodidae",140,4.420703599,0.600543944,0.14591884,0.422606782,0.458130792
"Aphyocharax_avary",12337,"Teleostei","Characiformes","Characidae",8,4.85402298,0.454550877,0.584415584,0.502673039,0.463727273
"Moema_peruensis",11884,"Teleostei","Cyprinodontiformes","Rivulidae",10,5.347515293,0.513849749,0.780487805,0.740545742,0.318
"Moema_rubrocaudata",49581,"Teleostei","Cyprinodontiformes","Rivulidae",6,4.42817349,0.614335877,0.537824092,0.724817074,0.338691895
"Rhadinoloricaria_condei",50657,"Teleostei","Siluriformes","Loricariidae",14.1,10.75004688,0.515598958,0.256053846,0,0
"Rhadinoloricaria_laani",53562,"Teleostei","Siluriformes","Loricariidae",13,11.44682011,0.585956888,0.352211883,0,0
"Rhadinoloricaria_listrorhinos",53563,"Teleostei","Siluriformes","Loricariidae",14,12.67409279,0.579807537,0.365783864,0,0
"Rhadinoloricaria_ommation",53565,"Teleostei","Siluriformes","Loricariidae",10,11.60228448,0.647678598,0.199683217,0,0
"Astyanax_bopiensis",52924,"Teleostei","Characiformes","Characidae",14,2.947648214,0.578421064,0.502915408,0.562078287,0.20452506
"Carlastyanax_aurocaudatus",26440,"Teleostei","Characiformes","Characidae",6,2.610150035,0.512706988,0.392959572,0.45340579,0.323529501
"Awaous_transandeanus",50323,"Teleostei","Perciformes","Gobiidae",30,6.187858436,0.729210685,0.375,0.432689405,0.6605
"Knodus_alpha",49393,"Teleostei","Characiformes","Characidae",8,3.781371634,0.569605991,0.484585266,0.648715089,0.238158595
"Eretmobrycon_brevirostris",51360,"Teleostei","Characiformes","Characidae",9.5,2.554805011,0.493951106,0.492493232,0.510284914,0.192745508
"Knodus_cismontanus",51339,"Teleostei","Characiformes","Characidae",6,3.598269187,0.632065589,0.56131488,0.615176497,0.359908085
"Hemibrycon_cristiani",58394,"Teleostei","Characiformes","Characidae",7,3.391206052,0.577961508,0.453291026,0.577961508,0.544175877
"Eretmobrycon_dahli",58395,"Teleostei","Characiformes","Characidae",8,2.719583445,0.558498545,0.489566122,0.501191728,0.565489668
"Eretmobrycon_emperador",51358,"Teleostei","Characiformes","Characidae",10.4,2.760553626,0.546312003,0.412221956,0.528772626,0.458905035
"Hemibrycon_loisae",51350,"Teleostei","Characiformes","Characidae",7.4,3.188056826,0.455567404,0.463109437,0.428633346,0.318067269
"Eretmobrycon_peruanus",53042,"Teleostei","Characiformes","Characidae",9.2,2.905413382,0.62748403,0.448717949,0.667392473,0.5
"Hemibrycon_plutarcoi",61040,"Teleostei","Characiformes","Characidae",7,3.204600722,0.569264846,0.515002735,0.540869341,0.382052753
"Eretmobrycon_scleroparius",51348,"Teleostei","Characiformes","Characidae",11,2.927118022,0.483814887,0.419228098,0.546982125,0.435899106
"Tatia_altae",47704,"Teleostei","Siluriformes","Auchenipteridae",4,2.916670635,0.309547619,0.340314136,0.297646825,0.387920619
"Tatia_concolor",47708,"Teleostei","Siluriformes","Auchenipteridae",7.65,4.368993722,0.481552815,0.493333333,0.300582806,0.47796
"Tatia_reticulata",47716,"Teleostei","Siluriformes","Auchenipteridae",3.98,5.019324355,0.351501531,0.496034761,0.50559203,0.415117224
"Cheirodon_galusdae",10391,"Teleostei","Characiformes","Characidae",6,3.454235189,0.366565747,0.369827551,0.280368816,0.323270371
"Crenicara_punctulata",12326,"Teleostei","Perciformes","Cichlidae",10,3.120962674,0.489914541,0.532431299,0.324337062,0.308105406
"Astyanax_alleni",58031,"Teleostei","Characiformes","Characidae",9,2.309519422,0.598953775,0.756204258,0.644953908,0.334453595
"Characidium_sterbai",57811,"Teleostei","Characiformes","Crenuchidae",3,4.301737303,0.571986936,0.621788732,0.450799099,0.196169014
"Peckoltia_sabaji",61553,"Teleostei","Siluriformes","Loricariidae",20,5.365635964,0.643544018,0.33930181,0,0
"Phenacorhamdia_tenuis",47812,"Teleostei","Siluriformes","Heptapteridae",8.5,13.39829625,0.654959184,0.165523695,0.492977913,0.384513067
"Laimosemion_frenatum",49752,"Teleostei","Cyprinodontiformes","Rivulidae",5,4.703397094,0.522392537,0.635951662,0.627226754,0.256511095
"Laimosemion_rectocaudatum",49789,"Teleostei","Cyprinodontiformes","Rivulidae",6,5.294820133,0.475364871,0.542250947,0.54235662,0.286417758
"Laimosemion_strigatum",61801,"Teleostei","Cyprinodontiformes","Rivulidae",6,5.833828019,0.47995729,0.624444393,0.654431938,0.264867763
"Characidium_geryi",57810,"Teleostei","Characiformes","Crenuchidae",2.4,4.665970909,0.626664702,0.70778508,0.467884652,0.226384903
"Poecilia_bifurca",61839,"Teleostei","Cyprinodontiformes","Poeciliidae",3,3.783041723,0.610835774,0.765176564,0.550740242,0.213992858
"Poecilia_branneri",49041,"Teleostei","Cyprinodontiformes","Poeciliidae",4,3.93892389,0.611910663,0.676403375,0.659759338,0.380874253
"Poecilia_picta",23355,"Teleostei","Cyprinodontiformes","Poeciliidae",5,3.806285741,0.554480189,0.508297933,0.7253368,0.233369579
"Ivanacara_adoketa",52354,"Teleostei","Perciformes","Cichlidae",5,2.723217484,0.479296602,0.351975932,0.33927079,0.263416193
"Ivanacara_bimaculata",47074,"Teleostei","Perciformes","Cichlidae",4.5,2.393293916,0.550226147,0.403991617,0.420595816,0.334879071
"Hypoptopoma_spectabile",50459,"Teleostei","Siluriformes","Loricariidae",3,5.750022499,0.510074496,0.414786723,0,0
"Hypoptopoma_sternoptychum",53578,"Teleostei","Siluriformes","Loricariidae",3.3,4.766532782,0.316656111,0.527740866,0,0
"Diplomystes_mesembrinus",53774,"Teleostei","Siluriformes","Diplomystidae",17,4.712188797,0.730321532,0.212678974,0.348972898,"NA"
"Orestias_agassii",49596,"Teleostei","Cyprinodontiformes","Cyprinodontidae",7,3.507296187,0.516527412,0.316502979,0.478312483,0.192212862
"Orestias_alba",49599,"Teleostei","Cyprinodontiformes","Cyprinodontidae",18,3.081462698,0.494464534,0.312765675,0.507662788,0.400835081
"Orestias_lutea",49618,"Teleostei","Cyprinodontiformes","Cyprinodontidae",17,2.824270646,0.499960727,0.334310404,0.566623654,0.295176824
"Orestias_munda",49637,"Teleostei","Cyprinodontiformes","Cyprinodontidae",6,3.409601476,0.553505535,0.345143192,0.531416974,0.306075117
"Orestias_olivacea",49638,"Teleostei","Cyprinodontiformes","Cyprinodontidae",8,3.060028408,0.580258124,0.28124903,0.621009648,0.261117694
"Orestias_robusta",49643,"Teleostei","Cyprinodontiformes","Cyprinodontidae",7,3.136993624,0.640761236,0.400061013,0.523584491,0.277212046
"Oxyropsis_acutirostris",50479,"Teleostei","Siluriformes","Loricariidae",6,9.143949177,0.417100604,0.577828571,0,0
"Lebiasina_elongata",50862,"Teleostei","Characiformes","Lebiasinidae",14.3,4.541158416,0.707935644,0.214285714,0.722772277,0.51934127
"Lebiasina_panamensis",28253,"Teleostei","Characiformes","Lebiasinidae",14.3,4.457590863,0.625529869,0.359928014,0.488686318,0.367626475
"Lebiasina_unitaeniata",50853,"Teleostei","Characiformes","Lebiasinidae",15,4.311415216,0.604413153,0.420964989,0.591369523,0.450293493
"Pimelodella_modesta",48506,"Teleostei","Siluriformes","Heptapteridae",12.1,5.249219181,0.607057558,0.320680851,0.388638093,0.235723404
"Guyanancistrus_longispinis",53526,"Teleostei","Siluriformes","Loricariidae",10.4,4.715542052,0.697121185,0.238553037,0.019098811,0
"Guyanancistrus_niger",49915,"Teleostei","Siluriformes","Loricariidae",16,4.801528923,0.698567525,0.272922151,0.024305556,0
"Lithoxancistrus_orinoco",50233,"Teleostei","Siluriformes","Loricariidae",10,5.445044177,0.746116032,0.199804755,0,0
"Gnatholebias_hoignei",27346,"Teleostei","Cyprinodontiformes","Rivulidae",10,3.51826927,0.528297348,0.481651909,0.555785928,0.33059478
"Gnatholebias_zonatus",27345,"Teleostei","Cyprinodontiformes","Rivulidae",10,3.550888284,0.61334425,0.469270069,0.732296209,0.182381506
"Cheirodon_micropterus",54553,"Teleostei","Characiformes","Characidae",3,2.665558376,0.568527919,0.44,0.598984772,0.29833
"Ophthalmolebias_constanciae",6275,"Teleostei","Cyprinodontiformes","Rivulidae",6,3.189697312,0.500319609,0.468449617,0.554715799,0.259813858
"Hypsolebias_multiradiatus",49525,"Teleostei","Cyprinodontiformes","Rivulidae",5,2.881231307,0.331320269,0.455482612,0.421015375,0.355559071
"Hypsolebias_rufus",59884,"Teleostei","Cyprinodontiformes","Rivulidae",5,3.144107617,0.493841166,0.472512883,0.490283818,0.153367862
"Hypsolebias_similis",57484,"Teleostei","Cyprinodontiformes","Rivulidae",6,3.167686337,0.482852022,0.546268409,0.468075788,0.245751706
"Hypsolebias_stellatus",49533,"Teleostei","Cyprinodontiformes","Rivulidae",6,2.817237037,0.447946148,0.384665922,0.474041233,0.200565009
"Hypsolebias_trilineatus",49534,"Teleostei","Cyprinodontiformes","Rivulidae",6,3.353963952,0.392981443,0.50096238,0.410598184,0.17828084
"Sturisomatichthys_aureus",50519,"Teleostei","Siluriformes","Loricariidae",20,8.781643821,0.363663869,0.444343657,0,0
"Sturisomatichthys_panamensis",50531,"Teleostei","Siluriformes","Loricariidae",26,10.04004779,0.456080693,0.391293186,0,0
"Cambeva_diabola",62236,"Teleostei","Siluriformes","Trichomycteridae",22.5,6.87419,0.75,0.075757576,0.38,0.227272727
"Cambeva_paolence",48714,"Teleostei","Siluriformes","Trichomycteridae",7,6.543627517,"NA","NA",0.382550336,0.278229537
"Cambeva_variegata",58386,"Teleostei","Siluriformes","Trichomycteridae",4.04,6.065768667,0.659349591,0.182887328,0.297434886,0.285584549
