"","Speciation","Extinction","NetDiv"
"Osteoglossum_bicirrhosum",0.0348195569239635,0.0157636630252437,0.0190558938987197
"Osteoglossum_ferreirai",0.0348228634806038,0.0158416346475409,0.0189812288330629
"Arapaima_gigas",0.034978338716941,0.016687167498712,0.0182911712182289
"Galaxias_platei",0.034597759048276,0.0142129257198219,0.0203848333284541
"Galaxias_maculatus",0.0346134340695205,0.013991304527196,0.0206221295423245
"Aplochiton_zebra",0.0350900264342725,0.0143690767902506,0.0207209496440219
"Aplochiton_taeniatus",0.0350829482188659,0.0143432342894382,0.0207397139294277
"Brachygalaxias_bullocki",0.034744440829294,0.0140627361318704,0.0206817046974236
"Potamobatrachus_trispinosus",0.0345675956416194,0.0139511154538301,0.0206164801877893
"Thalassophryne_amazonica",0.0344158379965391,0.0138811934525803,0.0205346445439588
"Daector_gerringi",0.0345073085728574,0.0138794369680159,0.0206278716048415
"Daector_quadrizonatus",0.0345234504661376,0.0138187871014992,0.0207046633646384
"Awaous_transandeanus",0.0345626678457056,0.0137912926655412,0.0207713751801644
"Gobioides_peruanus",0.0344854571470084,0.0139547344986245,0.0205307226483838
"Eleotris_tecta",0.0345823075551681,0.0139380495571047,0.0206442579980634
"Microphilypnus_macrostoma",0.0346394828653944,0.0139255812171097,0.0207139016482846
"Microphilypnus_ternetzi",0.0346822754351264,0.013929155879152,0.0207531195559745
"Hemieleotris_latifasciata",0.0346064415560101,0.0140366044249588,0.0205698371310514
"Pseudophallus_mindii",0.0349324854279504,0.0148018297854262,0.0201306556425242
"Percilia_gillissi",0.0357809737463944,0.0147248480856262,0.0210561256607682
"Percilia_irwini",0.0357989513681832,0.0147270179331452,0.021071933435038
"Percichthys_trucha",0.0355597245648452,0.0146563136417067,0.0209034109231386
"Percichthys_melanops",0.0354823800570311,0.0146394376526803,0.0208429424043508
"Pachyurus_schomburgkii",0.159327983848403,0.0505407289781102,0.108787254870293
"Plagioscion_auratus",0.160936196780507,0.0506245324731734,0.110311664307333
"Plagioscion_surinamensis",0.160955629296486,0.0506146334480515,0.110340995848435
"Plagioscion_montei",0.160900344615061,0.0506591580537258,0.110241186561335
"Plagioscion_ternetzi",0.16095267748122,0.0506454539429896,0.11030722353823
"Plagioscion_squamosissimus",0.160953359188401,0.0507086639467392,0.110244695241661
"Pachyurus_adspersus",0.160991783412942,0.0506123333305662,0.110379450082376
"Pachyurus_francisci",0.160961070522778,0.050608395027854,0.110352675494924
"Pachyurus_gabrielensis",0.160929875132168,0.0505784956215298,0.110351379510638
"Pachyurus_paucirastrus",0.161029674461581,0.0505805159452393,0.110449158516342
"Pachyurus_stewarti",0.161029674461581,0.0505805159452393,0.110449158516342
"Pachyurus_junki",0.160961328477203,0.0505812829856093,0.110380045491593
"Pachyurus_bonariensis",0.160960505894867,0.0506111054115561,0.110349400483311
"Pachypops_trifilis",0.160978561424686,0.0506136038604999,0.110364957564186
"Pachypops_fourcroi",0.16097655587562,0.0506026947353906,0.110373861140229
"Synbranchus_marmoratus",0.0349394290523952,0.0143924964389945,0.0205469326134007
"Synbranchus_madeirae",0.0349443219991418,0.014396663939307,0.0205476580598348
"Catathyridium_jenynsii",0.0348780213219561,0.0141564703354699,0.0207215509864862
"Hypoclinemus_mentalis",0.0350012039258686,0.01418018445483,0.0208210194710386
"Apionichthys_sauli",0.0350982046391042,0.014217020935145,0.0208811837039592
"Apionichthys_menezesi",0.035100767701665,0.0141909032957149,0.0209098644059501
"Apionichthys_rosai",0.035062102543614,0.0140942463625816,0.0209678561810324
"Apionichthys_seripierriae",0.0349976078201418,0.0141013563483333,0.0208962514718085
"Monocirrhus_polyacanthus",0.0348021532301262,0.0140434319853887,0.0207587212447375
"Polycentrus_schomburgkii",0.0350076683160769,0.0142502535875634,0.0207574147285135
"Mugil_liza",0.0349110224868741,0.014601809359342,0.0203092131275322
"Retroculus_septentrionalis",0.178948022449302,0.0493492420135096,0.129598780435793
"Retroculus_lapidifer",0.179101596076596,0.0492619279465179,0.129839668130078
"Retroculus_xinguensis",0.17909177218606,0.0492030863004737,0.129888685885587
"Cichla_intermedia",0.183112182854916,0.0504209805935621,0.132691202261354
"Cichla_orinocensis",0.183109460393633,0.050421819513697,0.132687640879936
"Cichla_pleiozona",0.183117656769078,0.0504336194387064,0.132684037330372
"Cichla_kelberi",0.183117656769078,0.0504336194387064,0.132684037330372
"Cichla_ocellaris",0.183117656769078,0.0504336194387064,0.132684037330372
"Cichla_monoculus",0.183061412343206,0.0504599342368566,0.132601478106349
"Cichla_temensis",0.183114687613662,0.0504473045680652,0.132667383045597
"Cichla_vazzoleri",0.183120505810105,0.0504464473002237,0.132674058509881
"Cichla_melaniae",0.183120505810105,0.0504464473002237,0.132674058509881
"Cichla_piquiti",0.183120505810105,0.0504464473002237,0.132674058509881
"Aequidens_paloemeuensis",0.179576948484782,0.048947894218359,0.130629054266423
"Cleithracara_maronii",0.179576948484782,0.048947894218359,0.130629054266423
"Ivanacara_adoketa",0.179563565805106,0.0490870620643782,0.130476503740727
"Ivanacara_bimaculata",0.179607389153781,0.0489547652950994,0.130652623858682
"Bujurquina_labiosa",0.179615666156741,0.0488984960751269,0.130717170081614
"Nannacara_aureocephalus",0.179725915907598,0.0489340862063605,0.130791829701237
"Nannacara_anomala",0.179725915907598,0.0489340862063605,0.130791829701237
"Krobia_guianensis",0.179712211754408,0.0489548383258455,0.130757373428563
"Aequidens_potaroensis",0.179780788353348,0.0488588993807137,0.130921888972634
"Bujurquina_robusta",0.17981036869432,0.0488779466588039,0.130932422035516
"Aequidens_mauesanus",0.179833331279597,0.048834401161991,0.130998930117606
"Aequidens_pallidus",0.179823495057208,0.0488362044240832,0.130987290633125
"Aequidens_viridis",0.179823495057208,0.0488362044240832,0.130987290633125
"Bujurquina_ortegai",0.179794008166553,0.0488372010457555,0.130956807120798
"Aequidens_chimantanus",0.179761091192627,0.0488707156801762,0.130890375512451
"Aequidens_tubicen",0.179848338104003,0.0488463852002362,0.131001952903767
"Aequidens_michaeli",0.179833019678065,0.0488511387922872,0.130981880885778
"Bujurquina_tambopatae",0.179852993474416,0.0488483661363692,0.131004627338046
"Aequidens_metae",0.179843256695829,0.0488436225068229,0.130999634189006
"Aequidens_diadema",0.179853337491953,0.0488455792622285,0.131007758229725
"Aequidens_epae",0.179846389734335,0.0488620812332321,0.130984308501103
"Aequidens_tetramerus",0.179846389734335,0.0488620812332321,0.130984308501103
"Aequidens_patricki",0.179786349052525,0.0488992994198338,0.130887049632691
"Cichlasoma_araguaiense",0.17974400497384,0.0489550745790639,0.130788930394776
"Cichlasoma_paranaense",0.179830743719235,0.048835389242231,0.130995354477004
"Cichlasoma_pusillum",0.179830743719235,0.048835389242231,0.130995354477004
"Cichlasoma_portalegrense",0.179822264444115,0.0488311610745019,0.130991103369613
"Cichlasoma_dimerus",0.179830743719235,0.048835389242231,0.130995354477004
"Cichlasoma_sanctifranciscense",0.179834107490015,0.0488391407357943,0.13099496675422
"Cichlasoma_boliviense",0.179778476568941,0.0488455569737645,0.130932919595177
"Cichlasoma_amazonarum",0.179855626334718,0.0488941517344194,0.130961474600298
"Cichlasoma_bimaculatum",0.179830743719235,0.048835389242231,0.130995354477004
"Cichlasoma_orinocense",0.179794194146776,0.0488452318993988,0.130948962247377
"Rondonacara_hoehnei",0.179640204136267,0.0489865749952618,0.130653629141005
"Laetacara_araguaiae",0.179702296220837,0.0488634460095101,0.130838850211327
"Laetacara_thayeri",0.17977680058546,0.0488603999233958,0.130916400662064
"Laetacara_flavilabris",0.179802806442007,0.0488910157051731,0.130911790736834
"Laetacara_dorsigera",0.179808004805438,0.048846710202111,0.130961294603327
"Laetacara_curviceps",0.179751062033037,0.0489285589472678,0.130822503085769
"Acaronia_vultuosa",0.179694661329127,0.0488851257926622,0.130809535536465
"Acaronia_nassa",0.179733424881358,0.0488873464975741,0.130846078383784
"Andinoacara_biseriatus",0.179890164625754,0.0489764845165717,0.130913680109182
"Andinoacara_rivulatus",0.179931334244814,0.0489497204445807,0.130981613800233
"Aequidens_gerciliae",0.179931334244814,0.0489497204445807,0.130981613800233
"Bujurquina_zamorensis",0.179931334244814,0.0489497204445807,0.130981613800233
"Bujurquina_cordemadi",0.179956793934323,0.0490100981211211,0.130946695813202
"Aequidens_rondoni",0.17994561894608,0.0490142307170466,0.130931388229033
"Andinoacara_pulcher",0.179956793934323,0.0490100981211211,0.130946695813202
"Andinoacara_latifrons",0.179956793934323,0.0490100981211211,0.130946695813202
"Bujurquina_megalospilus",0.179761738590157,0.0489950616387189,0.130766676951438
"Tahuantinsuyoa_chipi",0.179872186788258,0.0489332392890126,0.130938947499245
"Tahuantinsuyoa_macantzatza",0.179906128074068,0.0489463914499925,0.130959736624076
"Bujurquina_vittata",0.18002537822156,0.0489355763068854,0.131089801914675
"Bujurquina_moriorum",0.179994121390483,0.0489375872305199,0.131056534159963
"Bujurquina_syspilus",0.179972464715954,0.0489309776567167,0.131041487059237
"Bujurquina_mariae",0.180104970415372,0.0489699952920122,0.13113497512336
"Bujurquina_apoparuana",0.180245712766025,0.0490676255244832,0.131178087241541
"Bujurquina_eurhinus",0.180265229853393,0.0490710568455681,0.131194173007825
"Bujurquina_hophrys",0.180265229853393,0.0490710568455681,0.131194173007825
"Bujurquina_huallagae",0.180265229853393,0.0490710568455681,0.131194173007825
"Krobia_itanyi",0.180265229853393,0.0490710568455681,0.131194173007825
"Aequidens_plagiozonatus",0.180253376879696,0.049061606301886,0.13119177057781
"Bujurquina_peregrinabunda",0.180253376879696,0.049061606301886,0.13119177057781
"Pterophyllum_altum",0.179816521024463,0.0489161584759518,0.130900362548511
"Pterophyllum_leopoldi",0.179812144406462,0.0488995995420685,0.130912544864394
"Pterophyllum_scalare",0.179812144406462,0.0488995995420685,0.130912544864394
"Hoplarchus_psittacus",0.179558393716994,0.0489655792297325,0.130592814487261
"Hypselecara_coryphaenoides",0.179741883001796,0.0488713595759393,0.130870523425857
"Hypselecara_temporalis",0.179655011254464,0.0489362460413811,0.130718765213083
"Mesonauta_egregius",0.180097415322539,0.0490748681211211,0.131022547201418
"Mesonauta_mirificus",0.180118066761529,0.0490676346378065,0.131050432123723
"Mesonauta_festivus",0.18015609766205,0.0490782320131346,0.131077865648915
"Mesonauta_guyanae",0.180118066761529,0.0490676346378065,0.131050432123723
"Mesonauta_acora",0.180118066761529,0.0490676346378065,0.131050432123723
"Mesonauta_insignis",0.180118066761529,0.0490676346378065,0.131050432123723
"Uaru_fernandezyepezi",0.179822772239175,0.0489206501133721,0.130902122125803
"Uaru_amphiacanthoides",0.179820369811627,0.0489430836216835,0.130877286189944
"Symphysodon_discus",0.179827729381311,0.0488875165425684,0.130940212838743
"Symphysodon_aequifasciatus",0.179827729381311,0.0488875165425684,0.130940212838743
"Heros_spurius",0.179874338757328,0.0489056787922872,0.130968659965041
"Heros_efasciatus",0.179889946321413,0.0489010337254206,0.130988912595992
"Heros_severus",0.179833302354681,0.0488854395146969,0.130947862839984
"Heros_notatus",0.179817140970643,0.0489157733979615,0.130901367572681
"Mesoheros_ornatus",0.179764862591036,0.0489424829603912,0.130822379630645
"Mesoheros_festae",0.179772938028546,0.0488812446140595,0.130891693414487
"Mesoheros_atromaculatus",0.179769128377289,0.0488905489022735,0.130878579475015
"Australoheros_scitulus",0.179757388406912,0.0488470048286577,0.130910383578254
"Australoheros_tembe",0.179754245551132,0.0488327914165842,0.130921454134548
"Australoheros_facetus",0.179749824153907,0.0488605098230334,0.130889314330873
"Caquetaia_myersi",0.179768168229783,0.0489481705733146,0.130819997656468
"Caquetaia_kraussii",0.179769645121891,0.048883106553817,0.130886538568074
"Caquetaia_spectabilis",0.179792300918046,0.0488578036066854,0.13093449731136
"Heroina_isonycterina",0.179736586897235,0.0488679630231334,0.130868623874102
"Astronotus_crassipinnis",0.179350874039337,0.0496951313794638,0.129655742659873
"Astronotus_ocellatus",0.179350874039337,0.0496951313794638,0.129655742659873
"Chaetobranchus_flavescens",0.179169332310161,0.0492977002758518,0.129871632034309
"Chaetobranchus_semifasciatus",0.179284580560879,0.0490652457439183,0.130219334816961
"Chaetobranchopsis_australis",0.179495867822679,0.049049251681926,0.130446616140753
"Chaetobranchopsis_orbicularis",0.179526853128176,0.0490980102358568,0.130428842892319
"Biotodoma_cupido",0.179579694143753,0.0490118377229209,0.130567856420833
"Biotodoma_wavrini",0.179545396033464,0.0489916263368441,0.130553769696619
"Crenicara_latruncularium",0.179722654132347,0.0488647490585039,0.130857905073844
"Crenicara_punctulata",0.179688205589334,0.048881031785663,0.130807173803671
"Apistogramma_trifasciata",0.179628425199282,0.0489040605945619,0.13072436460472
"Apistogramma_guttata",0.179598158331697,0.048926468786038,0.130671689545659
"Dicrossus_warzeli",0.179725021364683,0.0488350346544294,0.130889986710254
"Dicrossus_filamentosus",0.179731949176227,0.0488374946594288,0.130894454516798
"Dicrossus_maculatus",0.179729160180891,0.0488818199562667,0.130847340224624
"Mikrogeophagus_ramirezi",0.179416688376155,0.0491241504112098,0.130292537964946
"Mikrogeophagus_altispinosus",0.179510595817071,0.0488981158880252,0.130612479929046
"Apistogramma_diplotaenia",0.179684414661846,0.0488969259230209,0.130787488738826
"Geophagus_proximus",0.179766881463651,0.0488565041094976,0.130910377354153
"Geophagus_brasiliensis",0.179752232858726,0.0488555455418185,0.130896687316908
"Geophagus_camopiensis",0.17975379625201,0.0488642832221085,0.130889513029902
"Apistogramma_rubrolineata",0.179766345443686,0.048860493985763,0.130905851457922
"Apistogramma_brevis",0.179746448456663,0.0488523510711274,0.130894097385535
"Apistogramma_payaminonis",0.179751673235476,0.0489013805369441,0.130850292698532
"Geophagus_steindachneri",0.179795744812884,0.0489060631903625,0.130889681622522
"Geophagus_crassilabris",0.179808880369581,0.0488874396708024,0.130921440698779
"Geophagus_pellegrini",0.179766401561921,0.048920392514197,0.130846009047724
"Gymnogeophagus_rhabdotus",0.179847698728129,0.0488896770048856,0.130958021723243
"Gymnogeophagus_meridionalis",0.179855480812606,0.0488803109131471,0.130975169899459
"Gymnogeophagus_setequedas",0.179774760636204,0.0488941860112598,0.130880574624945
"Gymnogeophagus_balzanii",0.179813803531688,0.0488799917205462,0.130933811811142
"Gymnogeophagus_australis",0.17979775978191,0.0489067105556918,0.130891049226218
"Gymnogeophagus_gymnogenys",0.179761596565931,0.0488816505419435,0.130879946023988
"Apistogramma_meinkeni",0.179920234247711,0.0490859135628159,0.130834320684895
"Geophagus_grammepareius",0.179930949985026,0.049045247114122,0.130885702870904
"Apistogramma_borellii",0.180028877760255,0.0489665419885127,0.131062335771742
"Geophagus_taeniopareius",0.179974513311741,0.0489496686851756,0.131024844626566
"Apistogramma_hippolytae",0.179989997774159,0.0489484931196213,0.131041504654537
"Geophagus_winemilleri",0.179989997774159,0.0489484931196213,0.131041504654537
"Geophagus_harreri",0.179933371268192,0.0489427309148969,0.130990640353295
"Apistogramma_alacrina",0.179957955809382,0.0489333678727772,0.131024587936605
"Apistogramma_hongsloi",0.179963366885639,0.0489259835333196,0.131037383352319
"Geophagus_dicrozoster",0.17994994658572,0.048957673162116,0.130992273423604
"Geophagus_argyrostictus",0.180023418147562,0.0489231178165342,0.131100300331028
"Apistogramma_commbrae",0.17997446494886,0.0489501010373816,0.131024363911479
"Apistogramma_cruzi",0.179990953914299,0.0489097273903375,0.131081226523961
"Geophagus_megasema",0.179999734747823,0.0489246291151219,0.131075105632701
"Geophagus_abalios",0.179999734747823,0.0489246291151219,0.131075105632701
"Geophagus_sveni",0.179966960223262,0.0490080726721772,0.130958887551084
"Geophagus_altifrons",0.179969131021966,0.0489223467754143,0.131046784246551
"Geophagus_brachybranchus",0.179969131021966,0.0489223467754143,0.131046784246551
"Geophagus_surinamensis",0.179969131021966,0.0489223467754143,0.131046784246551
"Mazarunia_mazarunii",0.179568582328559,0.0490743490785014,0.130494233250057
"Apistogramma_urteagai",0.179627091034148,0.0488827102396063,0.130744380794542
"Apistogramma_gephyra",0.179669701913132,0.0488815199508924,0.130788181962239
"Apistogramma_iniridae",0.179717040591185,0.0488656938541545,0.13085134673703
"Guianacara_geayi",0.179586378084186,0.0490192947727896,0.130567083311397
"Guianacara_sphenozona",0.179645659582446,0.048859562034382,0.130786097548064
"Guianacara_owroewefi",0.179726483958875,0.0488695021668654,0.130856981792009
"Guianacara_oelemariensis",0.179728357759661,0.0488734632092351,0.130854894550425
"Acarichthys_heckelii",0.178866858794026,0.0500180332596038,0.128848825534422
"Apistogramma_personata",0.179385811148868,0.0491395007927872,0.13024631035608
"Biotoecus_opercularis",0.17950049271809,0.0490224576519298,0.13047803506616
"Biotoecus_dicentrarchus",0.179525854023042,0.048962983802411,0.130562870220631
"Satanoperca_acuticeps",0.179464931716973,0.0490400411669904,0.130424890549983
"Satanoperca_daemon",0.179466703450565,0.0490392786598038,0.130427424790762
"Satanoperca_leucosticta",0.179778941689089,0.0489146062712273,0.130864335417862
"Satanoperca_jurupari",0.179729729675291,0.0489242732728521,0.130805456402439
"Satanoperca_pappaterra",0.179737343405172,0.0489264338352818,0.13081090956989
"Satanoperca_rhynchitis",0.179772107235037,0.0489188753625909,0.130853231872447
"Apistogramma_ortmanni",0.179570913999297,0.0489964775924372,0.13057443640686
"Taeniacara_candidi",0.179591567056756,0.0489840823793388,0.130607484677418
"Apistogrammoides_pucallpaensis",0.179649010161927,0.0490112584673278,0.130637751694599
"Apistogramma_arua",0.179727681195407,0.0489163584951993,0.130811322700208
"Apistogramma_macmasteri",0.179759183072635,0.0488899353093476,0.130869247763288
"Geophagus_brokopondo",0.179776738269411,0.0488661354559543,0.130910602813457
"Apistogramma_hoignei",0.179776738269411,0.0488661354559543,0.130910602813457
"Apistogramma_inconspicua",0.179729212612765,0.0488720650027609,0.130857147610004
"Apistogramma_linkei",0.179749360421118,0.0488812162838508,0.130868144137267
"Apistogramma_regani",0.179667087939699,0.0489171406853006,0.130749947254398
"Apistogramma_moae",0.179725163802618,0.048849882714297,0.130875281088321
"Apistogramma_eunotus",0.179737570585764,0.0488449383073478,0.130892632278416
"Apistogramma_viejita",0.179740602734753,0.0488952313744644,0.130845371360288
"Apistogramma_paucisquamis",0.17971803757678,0.0488291760438808,0.130888861532899
"Apistogramma_uaupesi",0.179742202966011,0.048825616826033,0.130916586139978
"Apistogramma_elizabethae",0.17971818091948,0.0488128600546294,0.13090532086485
"Apistogramma_atahualpa",0.179772463922475,0.0488298099346444,0.130942653987831
"Apistogramma_resticulosa",0.179702063783154,0.0488275171737395,0.130874546609414
"Apistogramma_agassizii",0.179643090538858,0.0488590839278953,0.130784006610963
"Apistogramma_eremnopyge",0.179732258720409,0.0488961178311574,0.130836140889252
"Apistogramma_bitaeniata",0.179710367311464,0.0490150367387939,0.13069533057267
"Apistogramma_steindachneri",0.179746294794474,0.0488434514825897,0.130902843311884
"Apistogramma_gibbiceps",0.17964857000117,0.0489217226524434,0.130726847348726
"Apistogramma_geisleri",0.179745324255728,0.0489951415841882,0.13075018267154
"Apistogramma_luelingi",0.179738848628803,0.0490057063010986,0.130733142327704
"Apistogramma_rupununi",0.179709411453803,0.0488769477165467,0.130832463737256
"Apistogramma_norberti",0.179692118387115,0.0488679318956493,0.130824186491466
"Apistogramma_juruensis",0.179738247785492,0.048860659517809,0.130877588267683
"Apistogramma_taeniata",0.179745403846965,0.0488926887191589,0.130852715127806
"Apistogramma_cacatuoides",0.179758999293815,0.0488896022324697,0.130869397061346
"Apistogramma_gossei",0.179783470067147,0.0488635510870004,0.130919918980146
"Apistogramma_staecki",0.179761218207529,0.0488469163800887,0.130914301827441
"Apistogramma_pertensis",0.179779359000689,0.0489075978599038,0.130871761140786
"Apistogramma_pulchra",0.179722843451034,0.0488540836904249,0.130868759760609
"Apistogramma_nijsseni",0.179579731509715,0.0490008208245332,0.130578910685181
"Apistogramma_mendezi",0.179711912710837,0.0490916389268954,0.130620273783942
"Teleocichla_cinderella",0.179866118514721,0.0491830745111973,0.130683044003523
"Teleocichla_prionogenys",0.17983340274827,0.0489573303587164,0.130876072389553
"Teleocichla_monogramma",0.179888441910901,0.0489710375548169,0.130917404356084
"Teleocichla_proselytus",0.179827093399287,0.0490331450586289,0.130793948340658
"Teleocichla_centrarchus",0.179853522166783,0.0489528024264579,0.130900719740325
"Teleocichla_gephyrogramma",0.179868905061426,0.0489537881032483,0.130915116958177
"Crenicichla_proteus",0.180073652517725,0.0492823944112099,0.130791258106515
"Crenicichla_albopunctata",0.180073652517725,0.0492823944112099,0.130791258106515
"Crenicichla_anthurus",0.180119914730195,0.0490472272471054,0.131072687483089
"Crenicichla_jaguarensis",0.180003577929531,0.0491102659572666,0.130893311972264
"Crenicichla_jurubi",0.180086257976474,0.0490510798280327,0.131035178148441
"Crenicichla_geayi",0.180089968560806,0.0490424500067604,0.131047518554045
"Crenicichla_hemera",0.180050655455192,0.049085376785913,0.130965278669279
"Crenicichla_reticulata",0.180078889382744,0.0490532845574416,0.131025604825303
"Crenicichla_jegui",0.18005775817735,0.0490364373233458,0.131021320854004
"Crenicichla_cametana",0.180045621292778,0.0490518849798888,0.130993736312889
"Crenicichla_igara",0.188211279422553,0.0511602667401687,0.137051012682384
"Crenicichla_minuano",0.188655661118486,0.0512040032031109,0.137451657915375
"Crenicichla_celidochilus",0.188655661118486,0.0512040032031109,0.137451657915375
"Crenicichla_sedentaria",0.188646788546584,0.0512083526719273,0.137438435874657
"Crenicichla_tendybaguassu",0.188655661118486,0.0512040032031109,0.137451657915375
"Crenicichla_rosemariae",0.188655661118486,0.0512040032031109,0.137451657915375
"Crenicichla_missioneira",0.188655661118486,0.0512040032031109,0.137451657915375
"Crenicichla_lacustris",0.180262540987909,0.0491898816165592,0.13107265937135
"Crenicichla_gaucho",0.180295013472903,0.0491838683794638,0.131111145093439
"Crenicichla_scottii",0.180295013472903,0.0491838683794638,0.131111145093439
"Crenicichla_jupiaensis",0.180291603764534,0.0492736965009486,0.131017907263586
"Crenicichla_vittata",0.180277749754452,0.0492157401104974,0.131062009643955
"Crenicichla_haroldoi",0.180280866990818,0.0492040229788889,0.13107684401193
"Crenicichla_strigata",0.180275311210839,0.0491810195355693,0.13109429167527
"Crenicichla_phaiospilus",0.18029118261732,0.0491843632426059,0.131106819374714
"Crenicichla_lucius",0.18029118261732,0.0491843632426059,0.131106819374714
"Crenicichla_virgatula",0.180266440566526,0.0491735198855256,0.131092920681
"Crenicichla_acutirostris",0.179761267137079,0.049037738425708,0.130723528711371
"Crenicichla_percna",0.179893051766955,0.0489530909953868,0.130939960771568
"Crenicichla_cincta",0.179876082715069,0.0489553265034483,0.13092075621162
"Crenicichla_johanna",0.179899146782792,0.0490106295893126,0.13088851719348
"Crenicichla_semicincta",0.179930894414463,0.0490062043799638,0.130924690034499
"Crenicichla_cyclostoma",0.179930894414463,0.0490062043799638,0.130924690034499
"Crenicichla_nickeriensis",0.180092172757978,0.0491495209578915,0.130942651800087
"Crenicichla_pydanielae",0.180098698320136,0.0490853870871254,0.131013311233011
"Crenicichla_regani",0.180098698320136,0.0490853870871254,0.131013311233011
"Crenicichla_wallacii",0.180090667846253,0.0490673986319323,0.13102326921432
"Crenicichla_notophthalmus",0.180096205008103,0.0490651339150219,0.131031071093081
"Crenicichla_isbrueckeri",0.180087636385336,0.0490660379520172,0.131021598433319
"Crenicichla_pellegrini",0.180087636385336,0.0490660379520172,0.131021598433319
"Crenicichla_ternetzi",0.17993730640345,0.048996028745668,0.130941277657782
"Crenicichla_prenda",0.179946744323579,0.0489895617290451,0.130957182594534
"Crenicichla_compressiceps",0.179896246751925,0.0490054299705149,0.13089081678141
"Crenicichla_santosi",0.179876549792291,0.0490812185344444,0.130795331257846
"Crenicichla_urosema",0.179918525642479,0.0490046125976865,0.130913913044793
"Crenicichla_adspersa",0.179831617208164,0.0491490110891251,0.130682606119039
"Crenicichla_heckeli",0.179946484063647,0.0490042102717273,0.13094227379192
"Crenicichla_lenticulata",0.179950681324573,0.0490139248961492,0.130936756428424
"Crenicichla_marmorata",0.179970465820032,0.0489858906379315,0.130984575182101
"Crenicichla_lugubris",0.179970465820032,0.0489858906379315,0.130984575182101
"Crenicichla_multispinosa",0.179939276646236,0.0490336955735646,0.130905581072672
"Crenicichla_saxatilis",0.17989044078573,0.0490990162309824,0.130791424554747
"Crenicichla_inpa",0.179927142421578,0.0490015465509424,0.130925595870635
"Crenicichla_alta",0.179903819862799,0.0489899706529296,0.130913849209869
"Crenicichla_hummelincki",0.180051132930393,0.0489977219765142,0.131053410953879
"Crenicichla_frenata",0.180051132930393,0.0489977219765142,0.131053410953879
"Crenicichla_sveni",0.180051132930393,0.0489977219765142,0.131053410953879
"Crenicichla_lepidota",0.17995937883785,0.0490044162831759,0.130954962554674
"Crenicichla_tigrina",0.17996788309155,0.0489825590468804,0.13098532404467
"Crenicichla_britskii",0.17996788309155,0.0489825590468804,0.13098532404467
"Pseudotylosurus_angusticeps",0.110387646009208,0.0399009967859086,0.0704866492232993
"Belonion_apodion",0.110561880119053,0.0396978899585995,0.0708639901604536
"Belonion_dibranchodon",0.110523293109332,0.0396594203268035,0.0708638727825287
"Potamorrhaphis_petersi",0.110699587837621,0.0396274477000069,0.0710721401376142
"Potamorrhaphis_eigenmanni",0.110680468718159,0.0396461482211917,0.0710343204969675
"Potamorrhaphis_guianensis",0.110681656318134,0.039661057418792,0.071020598899342
"Basilichthys_australis",0.137662029569552,0.0719209252254681,0.065741104344084
"Basilichthys_microlepidotus",0.137662029569552,0.0719209252254681,0.065741104344084
"Odontesthes_retropinnis",0.158992177070006,0.0783630663287814,0.0806291107412245
"Odontesthes_humensis",0.158992177070006,0.0783630663287814,0.0806291107412245
"Odontesthes_bonariensis",0.158992177070006,0.0783630663287814,0.0806291107412245
"Odontesthes_mauleanum",0.158996351759662,0.0783321843565279,0.0806641674031339
"Odontesthes_brevianalis",0.159023533691979,0.0783494569099588,0.0806740767820202
"Odontesthes_hatcheri",0.159043689985326,0.0783805358875865,0.0806631540977392
"Orestias_ispi",0.601810067019524,0.314400759286514,0.28740930773301
"Orestias_alba",0.601863742857838,0.314403287945432,0.287460454912406
"Orestias_lutea",0.601863742857838,0.314403287945432,0.287460454912406
"Orestias_gilsoni",0.609235920218788,0.316276097312386,0.292959822906402
"Orestias_empyraeus",0.609424366888355,0.316347417072416,0.29307694981594
"Orestias_taquiri",0.609424366888355,0.316347417072416,0.29307694981594
"Orestias_tomcooni",0.609284414236149,0.316242462579228,0.293041951656921
"Orestias_jussiei",0.609284414236149,0.316242462579228,0.293041951656921
"Orestias_mooni",0.609256302531532,0.316234530445744,0.293021772085787
"Orestias_gracilis",0.609376842363589,0.316294968191026,0.293081874172563
"Orestias_munda",0.609400429563426,0.316300455380127,0.293099974183299
"Orestias_forgeti",0.609442988382547,0.316323246581227,0.293119741801319
"Orestias_cuvieri",0.609442988382547,0.316323246581227,0.293119741801319
"Orestias_imarpe",0.609442988382547,0.316323246581227,0.293119741801319
"Orestias_gymnota",0.609431666132539,0.316384782345632,0.293046883786907
"Orestias_pentlandii",0.609450524025079,0.316381878127284,0.293068645897795
"Orestias_olivacea",0.609489883975539,0.316360636107537,0.293129247868003
"Orestias_robusta",0.609489883975539,0.316360636107537,0.293129247868003
"Orestias_crawfordi",0.609489883975539,0.316360636107537,0.293129247868003
"Orestias_agassii",0.609489883975539,0.316360636107537,0.293129247868003
"Orestias_multiporis",0.609489883975539,0.316360636107537,0.293129247868003
"Orestias_mulleri",0.609489883975539,0.316360636107537,0.293129247868003
"Orestias_laucaensis",0.609489883975539,0.316360636107537,0.293129247868003
"Orestias_parinacotensis",0.609489883975539,0.316360636107537,0.293129247868003
"Fluviphylax_zonatus",0.120635872193433,0.0301358703786002,0.0905000018148327
"Fluviphylax_obscurus",0.121053639619898,0.0299488131991226,0.0911048264207758
"Fluviphylax_palikur",0.121066204827345,0.0299454679702762,0.0911207368570692
"Fluviphylax_simplex",0.120855168345912,0.029810954956378,0.0910442133895343
"Fluviphylax_pygmaeus",0.120835406053234,0.0300295617011849,0.0908058443520493
"Anableps_microlepis",0.121951340084466,0.0303326847801,0.0916186553043663
"Anableps_anableps",0.121947688539311,0.0303275363286564,0.0916201522106546
"Jenynsia_eigenmanni",0.122521844298144,0.0304069492961605,0.0921148950019835
"Jenynsia_eirmostigma",0.122510151347944,0.0304222094986352,0.0920879418493084
"Jenynsia_onca",0.122513934508818,0.0304590831919235,0.0920548513168944
"Jenynsia_lineata",0.122513934508818,0.0304590831919235,0.0920548513168944
"Jenynsia_maculata",0.122476717711385,0.0304099355103837,0.0920667822010017
"Jenynsia_alternimaculata",0.122476717711385,0.0304099355103837,0.0920667822010017
"Tomeurus_gracilis",0.122286402542994,0.030548235731656,0.0917381668113384
"Phalloptychus_januarius",0.123105364068189,0.0305631994621397,0.0925421646060494
"Phalloceros_harpagos",0.123187002960794,0.0305474924880115,0.0926395104727823
"Phalloceros_caudimaculatus",0.123198538009127,0.0305519818643395,0.0926465561447873
"Cnesterodon_carnegiei",0.123541305992106,0.0306377021800625,0.0929036038120431
"Cnesterodon_hypselurus",0.123767954660874,0.0306450198613398,0.0931229347995344
"Cnesterodon_decemmaculatus",0.123733723474506,0.030612424035818,0.0931212994386879
"Cnesterodon_septentrionalis",0.123767864097467,0.0306174048494663,0.0931504592480005
"Cnesterodon_raddai",0.123739531919722,0.0306121571416798,0.0931273747780427
"Cnesterodon_brevirostratus",0.123740753185447,0.0306344979490789,0.0931062552363678
"Cnesterodon_omorgmatos",0.123780059419656,0.0306219364017723,0.0931581230178836
"Poecilia_reticulata",0.123448676144841,0.030512787732356,0.0929358884124853
"Poecilia_picta",0.123433531303277,0.0304885366662392,0.0929449946370373
"Poecilia_parae",0.123420001564399,0.030472649492136,0.0929473520722626
"Poecilia_branneri",0.123428132925108,0.0304500780260692,0.0929780548990383
"Poecilia_bifurca",0.123428132925108,0.0304500780260692,0.0929780548990383
"Poecilia_vivipara",0.123388924568812,0.0306080768580902,0.092780847710722
"Poecilia_caucana",0.123366860192925,0.0304354745277565,0.0929313856651689
"Poecilia_sphenops",0.123376829677264,0.0304350393634021,0.0929417903138617
"Poecilia_gillii",0.123398463635912,0.0304455161729259,0.0929529474629861
"Pamphorichthys_scalpridens",0.123380919483601,0.0305723653376553,0.0928085541459454
"Pamphorichthys_araguaiensis",0.123405916182455,0.0304811764512661,0.0929247397311889
"Pamphorichthys_minor",0.123384010357202,0.0304772859488289,0.0929067244083732
"Pamphorichthys_hollandi",0.123391769986806,0.0305344261900487,0.0928573437967574
"Phallotorynus_pankalos",0.12345226036241,0.0305223737616023,0.0929298866008077
"Phallotorynus_fasciolatus",0.12345656143017,0.0304725196671141,0.0929840417630564
"Phallotorynus_victoriae",0.123471062713779,0.0304754858225947,0.0929955768911842
"Phallotorynus_jucundus",0.123468125046127,0.0304756730366929,0.0929924520094344
"Neoheterandria_elegans",0.122856426174898,0.0305701005333808,0.0922863256415171
"Nematolebias_whitei",0.113294264904824,0.0202316532067467,0.0930626116980776
"Hypsolebias_notatus",0.113370603600802,0.0201111801825247,0.0932594234182775
"Ophthalmolebias_constanciae",0.113336221234948,0.0200960460346682,0.0932401752002802
"Simpsonichthys_boitonei",0.113572793478637,0.019934047387749,0.0936387460908878
"Simpsonichthys_santanae",0.113529393135339,0.0198520612130209,0.0936773319223182
"Simpsonichthys_zonatus",0.113527751563423,0.0198501226953356,0.0936776288680879
"Spectrolebias_chacoensis",0.113496499156776,0.0199306119459293,0.0935658872108472
"Spectrolebias_costai",0.113546156848145,0.0199058667415798,0.0936402901065652
"Spectrolebias_filamentosus",0.113517648903967,0.0198483381901487,0.0936693107138182
"Hypsolebias_flammeus",0.113531380286348,0.0199494273098838,0.0935819529764641
"Hypsolebias_magnificus",0.113559659870925,0.0198154486190951,0.0937442112518304
"Hypsolebias_picturatus",0.113556748490066,0.0198393428710636,0.0937174056190025
"Hypsolebias_rufus",0.11356475884416,0.0198189912703887,0.0937457675737716
"Hypsolebias_similis",0.113567574215624,0.0198198999068092,0.0937476743088148
"Cynolebias_gilbertoi",0.11356601455439,0.0199396637569529,0.0936263507974376
"Cynolebias_leptocephalus",0.113554203580286,0.0199958320799125,0.0935583715003734
"Cynolebias_attenuatus",0.113468809670617,0.0199824783117585,0.093486331358858
"Hypsolebias_auratus",0.113671683674328,0.0201116206565904,0.0935600630177372
"Hypsolebias_stellatus",0.11367690528376,0.020103445084287,0.0935734601994727
"Hypsolebias_adornatus",0.113452483411805,0.0201881221490289,0.0932643612627758
"Hypsolebias_multiradiatus",0.11350420995294,0.0199666956617148,0.0935375142912257
"Hypsolebias_trilineatus",0.113554494326274,0.0199074809498038,0.0936470133764703
"Hypsolebias_hellneri",0.113554494326274,0.0199074809498038,0.0936470133764703
"Hypsolebias_fulminantis",0.113451261191858,0.0198806909598025,0.0935705702320556
"Hypsolebias_ghisolfii",0.113500008564592,0.0198873895012348,0.0936126190633572
"Hypsolebias_flavicaudatus",0.113573808681476,0.0199072167578278,0.0936665919236478
"Austrolebias_nigripinnis",0.113484527106353,0.020073811084287,0.093410716022066
"Austrolebias_carvalhoi",0.113689893180281,0.0199581945938483,0.0937316985864332
"Austrolebias_varzeae",0.11358853871534,0.0198154497213323,0.0937730889940075
"Austrolebias_patriciae",0.113640282434044,0.0198674981917735,0.0937727842422708
"Austrolebias_ibicuiensis",0.113534792285142,0.0198380526588401,0.0936967396263017
"Austrolebias_alexandri",0.113508774553847,0.0197857715064842,0.0937230030473632
"Austrolebias_periodicus",0.113583223258311,0.0198426480981602,0.0937405751601506
"Austrolebias_monstrosus",0.113483923838449,0.0198580721071591,0.0936258517312897
"Austrolebias_elongatus",0.113476807302092,0.0199025965766004,0.0935742107254921
"Austrolebias_melanoorus",0.113534028342781,0.0198081130895363,0.093725915253245
"Austrolebias_bellottii",0.113557533331104,0.0198373198886864,0.0937202134424176
"Kryptolebias_sepia",0.113391566625515,0.0202426132347682,0.0931489533907466
"Kryptolebias_ocellatus",0.113446933182422,0.019983898132031,0.0934630350503906
"Kryptolebias_marmoratus",0.113460337771372,0.0199000264134958,0.0935603113578762
"Laimosemion_breviceps",0.113469407096842,0.0201195796087214,0.0933498274881205
"Laimosemion_lyricauda",0.113507936717377,0.0199918366819623,0.0935161000354152
"Laimosemion_gransabanae",0.113804982363647,0.0199595895387302,0.0938453928249167
"Anablepsoides_elongatus",0.113782864329766,0.0199428075014848,0.0938400568282808
"Anablepsoides_mazaruni",0.113782864329766,0.0199428075014848,0.0938400568282808
"Anablepsoides_holmiae",0.113590604538568,0.0198445961786502,0.0937460083599175
"Laimosemion_rectocaudatum",0.113590604538568,0.0198445961786502,0.0937460083599175
"Anablepsoides_intermittens",0.113596106351212,0.0198612839248069,0.0937348224264047
"Laimosemion_tecminae",0.113638445882051,0.0198471046097213,0.0937913412723292
"Anablepsoides_limoncochae",0.113641150578379,0.0198513782880115,0.0937897722903671
"Laimosemion_frenatum",0.113696121859182,0.0198625514386302,0.0938335704205513
"Laimosemion_xiphidius",0.113708366483861,0.0199755944646144,0.0937327720192465
"Anablepsoides_bahianus",0.114089715805926,0.0201205640909111,0.093969151715015
"Anablepsoides_lanceolatus",0.114086531781759,0.0201102493068841,0.0939762824748753
"Anablepsoides_atratus",0.114095505191782,0.0200995548061967,0.0939959503855851
"Anablepsoides_derhami",0.113724719869049,0.0199224653223822,0.0938022545466672
"Laimosemion_geayi",0.113670308758333,0.0198701694818623,0.0938001392764709
"Laimosemion_agilae",0.113676117490247,0.0198846092931359,0.0937915081971109
"Anablepsoides_beniensis",0.113681131160632,0.0198867840075466,0.0937943471530857
"Plesiolebias_lacerdai",0.113526609997169,0.0198966560057968,0.0936299539913725
"Pituna_compacta",0.11338480093211,0.019877157763952,0.0935076431681578
"Maratecoara_formosa",0.113530056855076,0.0198450559970479,0.0936850008580281
"Papiliolebias_bitteri",0.113440924892368,0.0198561535564779,0.0935847713358902
"Cynodonichthys_pacificus",0.113389360170049,0.019906268291636,0.0934830918784127
"Cynodonichthys_magdalenae",0.113439731742878,0.0200160166855868,0.0934237150572911
"Cynodonichthys_elegans",0.113519057195812,0.0198454717225822,0.0936735854732297
"Cynodonichthys_boehlkei",0.11352985441712,0.0198382790604149,0.0936915753567053
"Atlantirivulus_janeiroensis",0.113417618219443,0.020148953483987,0.0932686647354559
"Anablepsoides_monticola",0.113981359450659,0.020123779111921,0.0938575803387381
"Melanorivulus_pictus",0.114456089247699,0.0202555400688014,0.0942005491788975
"Melanorivulus_violaceus",0.114428852137144,0.0201717538170829,0.0942570983200609
"Melanorivulus_zygonectes",0.114446136612474,0.0202000111874116,0.0942461254250625
"Melanorivulus_pinima",0.114460057648457,0.0201583223497663,0.0943017352986912
"Melanorivulus_punctatus",0.114460057648457,0.0201583223497663,0.0943017352986912
"Melanorivulus_decoratus",0.114460057648457,0.0201583223497663,0.0943017352986912
"Melanorivulus_apiamici",0.114446753380025,0.020169987031681,0.0942767663483442
"Anablepsoides_iridescens",0.113448519392876,0.0198732993941232,0.0935752199987525
"Anablepsoides_ornatus",0.113543756855287,0.0200890789228946,0.093454677932392
"Anablepsoides_jucundus",0.11355426890767,0.0198441611426547,0.0937101077650151
"Anablepsoides_micropus",0.113496928394145,0.0197824984979853,0.09371442989616
"Anablepsoides_peruanus",0.113511035877169,0.0197418589391801,0.0937691769379891
"Anablepsoides_ophiomimus",0.113511035877169,0.0197418589391801,0.0937691769379891
"Anablepsoides_rubrolineatus",0.113480971777402,0.0199281459195576,0.0935528258578445
"Anablepsoides_hartii",0.113541923660122,0.0198431367202075,0.0936987869399148
"Anablepsoides_igneus",0.113602511631506,0.0199509308001975,0.0936515808313083
"Anablepsoides_waimacui",0.113578867258446,0.0198226328809374,0.0937562343775088
"Anablepsoides_immaculatus",0.113748088581986,0.0198624157991976,0.093885672782788
"Anablepsoides_stagnatus",0.113769411385539,0.0198830885839745,0.093886322801564
"Laimosemion_torrenticola",0.113768091336987,0.0198131513197575,0.0939549400172295
"Anablepsoides_taeniatus",0.113769977948276,0.0198142250855368,0.093955752862739
"Anablepsoides_deltaphilus",0.113752295790533,0.0198479365416048,0.0939043592489281
"Anablepsoides_urophthalmus",0.113831740254218,0.0199216265503537,0.0939101137038644
"Laimosemion_dibaphus",0.11384530156495,0.0199230705648519,0.0939222310000985
"Laimosemion_strigatum",0.113828428808654,0.0199274533095088,0.0939009754991454
"Anablepsoides_erberi",0.113777484210006,0.0199261036482165,0.0938513805617894
"Laimosemion_cladophorus",0.113617061950626,0.0199795761310311,0.0936374858195948
"Renova_oscari",0.113619442983831,0.0199594931766504,0.0936599498071806
"Llanolebias_stellifer",0.113348794894119,0.0201079333478415,0.0932408615462773
"Micromoema_xiphophora",0.113448327896042,0.0198832340900362,0.0935650938060053
"Gnatholebias_hoignei",0.113496894993407,0.0198025991754006,0.0936942958180062
"Gnatholebias_zonatus",0.113509922831492,0.0198003296778378,0.0937095931536538
"Terranatos_dolichopterus",0.113473010891803,0.0197773082392676,0.0936957026525354
"Anablepsoides_gaucheri",0.113706108961413,0.0198375031740257,0.0938686057873877
"Laimosemion_altivelis",0.113626248110521,0.0198558427903237,0.093770405320197
"Stenolebias_damascenoi",0.113562515771968,0.0198062142778878,0.0937563014940803
"Anablepsoides_christinae",0.113565151642657,0.019816991323757,0.0937481603188996
"Rachovia_maculipinnis",0.113565151642657,0.019816991323757,0.0937481603188996
"Rachovia_brevis",0.113504386344855,0.0198928214651644,0.0936115648796903
"Rachovia_hummelincki",0.113462348613537,0.0199088081493288,0.0935535404642083
"Austrofundulus_transilis",0.113496554042815,0.0198127406414673,0.0936838134013479
"Austrofundulus_limnaeus",0.113503524838978,0.0199451516260942,0.0935583732128841
"Trigonectes_rogoaguae",0.113533851760051,0.0199268001033096,0.0936070516567415
"Trigonectes_balzanii",0.11352732072661,0.0198121926058468,0.0937151281207636
"Trigonectes_aplocheiloides",0.11352732072661,0.0198121926058468,0.0937151281207636
"Pterolebias_longipinnis",0.113475774122225,0.0197873014338683,0.0936884726883568
"Pterolebias_phasianus",0.113459033147761,0.0197709275859743,0.0936881055617864
"Anablepsoides_speciosus",0.113443042126313,0.0201224406549656,0.093320601471347
"Anablepsoides_lungi",0.113503197107762,0.0198141975331059,0.0936889995746566
"Neofundulus_paraguayensis",0.113532223307552,0.0198434023075091,0.0936888210000431
"Moema_staecki",0.113430049062258,0.0199715287908236,0.0934585202714347
"Moema_peruensis",0.113390535988805,0.0199492418753131,0.0934412941134914
"Moema_pepotei",0.113565473406382,0.0198879489016848,0.0936775245046967
"Moema_rubrocaudata",0.113454027718367,0.0198032281680265,0.0936507995503401
"Ramnogaster_melanostoma",0.0354436549653804,0.0144264785916754,0.021017176373705
"Platanichthys_platana",0.0355059573090218,0.0142820611607293,0.0212238961482926
"Rhinosardinia_amazonica",0.035437095638943,0.0139965839238839,0.0214405117150591
"Rhinosardinia_bahiensis",0.0354325566035065,0.0140064434251962,0.0214261131783103
"Pellona_castelnaeana",0.0364397123687249,0.0148019848862636,0.0216377274824613
"Pellona_flavipinnis",0.0364978337414714,0.0148372699668785,0.0216605637745929
"Ilisha_amazonica",0.0364797645961885,0.0148212289957499,0.0216585356004386
"Pristigaster_whiteheadi",0.0367779617939753,0.0150421056490457,0.0217358561449296
"Pristigaster_cayana",0.0367891702375326,0.0150477957477834,0.0217413744897492
"Pterengraulis_atherinoides",0.0359070822658902,0.0143631370161224,0.0215439452497679
"Lycengraulis_grossidens",0.0358774957826941,0.0141790858185221,0.021698409964172
"Lycengraulis_batesii",0.035865710414361,0.0142191834119479,0.0216465270024131
"Anchovia_surinamensis",0.0358660266612394,0.0142032618173972,0.0216627648438422
"Amazonsprattus_scintilla",0.0358210720655352,0.0142276047331577,0.0215934673323775
"Anchoviella_guianensis",0.0358956898708323,0.0142695335128103,0.021626156358022
"Anchoviella_alleni",0.0358297994909321,0.0142172923134602,0.0216125071774719
"Anchoviella_carrikeri",0.0358535183370415,0.0142476762494682,0.0216058420875733
"Crenuchus_spilurus",0.094553380486809,0.0392661815125322,0.0552871989742768
"Poecilocharax_weitzmani",0.094610146300971,0.039229999822006,0.055380146478965
"Characidium_stigmosum",0.239131595556746,0.164337861930134,0.0747937336266123
"Characidium_gomesi",0.239093546793609,0.16432830556218,0.0747652412314297
"Characidium_steindachneri",0.239390827060967,0.164563880665292,0.0748269463956755
"Characidium_schindleri",0.239390827060967,0.164563880665292,0.0748269463956755
"Characidium_fasciatum",0.239450416400124,0.164381717263217,0.0750686991369074
"Characidium_phoxocephalum",0.239450416400124,0.164381717263217,0.0750686991369074
"Characidium_occidentale",0.239418626587293,0.16436741683827,0.0750512097490225
"Leptocharacidium_omospilus",0.239450416400124,0.164381717263217,0.0750686991369074
"Characidium_bimaculatum",0.239502833996285,0.164402388857643,0.0751004451386418
"Characidium_zebra",0.239502833996285,0.164402388857643,0.0751004451386418
"Characidium_hasemani",0.239502833996285,0.164402388857643,0.0751004451386418
"Characidium_etheostoma",0.239502833996285,0.164402388857643,0.0751004451386418
"Characidium_chupa",0.239479679391963,0.164402320866142,0.075077358525821
"Melanocharacidium_blennioides",0.239532883299785,0.164435378233971,0.0750975050658138
"Melanocharacidium_dispilomma",0.239532883299785,0.164435378233971,0.0750975050658138
"Melanocharacidium_rex",0.239517464822873,0.164427743313336,0.0750897215095368
"Melanocharacidium_depressum",0.239482566047958,0.164422780933633,0.0750597851143246
"Melanocharacidium_melanopteron",0.239532883299785,0.164435378233971,0.0750975050658138
"Melanocharacidium_pectorale",0.239532883299785,0.164435378233971,0.0750975050658138
"Characidium_heinianum",0.23952023855034,0.164437386545432,0.0750828520049084
"Characidium_rachovii",0.239532883299785,0.164435378233971,0.0750975050658138
"Characidium_pellucidum",0.239532883299785,0.164435378233971,0.0750975050658138
"Ammocryptocharax_minutus",0.239532883299785,0.164435378233971,0.0750975050658138
"Ammocryptocharax_vintonae",0.239532883299785,0.164435378233971,0.0750975050658138
"Ammocryptocharax_elegans",0.239532883299785,0.164435378233971,0.0750975050658138
"Characidium_boavistae",0.239455474346676,0.164374815776778,0.075080658569898
"Characidium_declivirostre",0.239455474346676,0.164374815776778,0.075080658569898
"Elachocharax_pulcher",0.239423970564365,0.164340993143357,0.0750829774210078
"Elachocharax_mitopterus",0.239409527471794,0.164376872408449,0.0750326550633454
"Elachocharax_geryi",0.239400438757809,0.164361354310711,0.0750390844470976
"Characidium_tenue",0.239292699729379,0.164299676332958,0.0749930233964211
"Characidium_purpuratum",0.23922679873513,0.164220819527559,0.0750059792075714
"Characidium_alipioi",0.2394439561075,0.164304362034746,0.0751395940727541
"Characidium_vestigipinne",0.23941965649491,0.164320122327209,0.0750995341677006
"Characidium_geryi",0.2394439561075,0.164304362034746,0.0751395940727541
"Characidium_longum",0.239349602804516,0.164278773370829,0.075070829433687
"Microcharacidium_gnomus",0.23947393311237,0.164324806341707,0.0751491267706624
"Microcharacidium_weitzmani",0.23947393311237,0.164324806341707,0.0751491267706624
"Microcharacidium_eleotrioides",0.23947393311237,0.164324806341707,0.0751491267706624
"Characidium_sterbai",0.23947393311237,0.164324806341707,0.0751491267706624
"Odontocharacidium_aphanes",0.23947393311237,0.164324806341707,0.0751491267706624
"Characidium_borellii",0.23947393311237,0.164324806341707,0.0751491267706624
"Characidium_oiticicai",0.239427813027513,0.164294309328834,0.0751335036986786
"Characidium_lauroi",0.23947393311237,0.164324806341707,0.0751491267706624
"Characidium_boehlkei",0.23947393311237,0.164324806341707,0.0751491267706624
"Characidium_serrano",0.23947393311237,0.164324806341707,0.0751491267706624
"Characidium_pteroides",0.23947393311237,0.164324806341707,0.0751491267706624
"Characidium_bolivianum",0.23947393311237,0.164324806341707,0.0751491267706624
"Klausewitzia_ritae",0.23947393311237,0.164324806341707,0.0751491267706624
"Characidium_pterostictum",0.23947393311237,0.164324806341707,0.0751491267706624
"Bivibranchia_fowleri",0.110238173783507,0.0151944312326334,0.0950437425508733
"Bivibranchia_notata",0.110284892058242,0.0151221805902137,0.0951627114680286
"Bivibranchia_simulata",0.110290515237457,0.0151461165519685,0.0951443986854885
"Bivibranchia_bimaculata",0.110304157248214,0.0151189755270966,0.0951851817211174
"Hemiodus_atranalis",0.109918461999403,0.0146580508634296,0.0952604111359735
"Hemiodus_ternetzi",0.109940475111755,0.0146416432741282,0.0952988318376269
"Hemiodus_gracilis",0.109948467977728,0.0145637779824522,0.0953846899952763
"Hemiodus_tocantinensis",0.109987151772847,0.0145657165898763,0.0954214351829711
"Hemiodus_huraulti",0.109992996612894,0.0145852196919885,0.0954077769209057
"Hemiodus_quadrimaculatus",0.110003597246365,0.014566378779815,0.09543721846655
"Hemiodus_argenteus",0.110015514704971,0.0145667135204724,0.0954488011844985
"Hemiodus_sterni",0.109988030533356,0.0149087659490439,0.0950792645843125
"Hemiodus_immaculatus",0.109959505584084,0.0149066078100612,0.0950528977740225
"Hemiodus_vorderwinkleri",0.109758688274529,0.0150496389318585,0.0947090493426704
"Micromischodus_sugillatus",0.109806290881034,0.0147050806258343,0.0951012102552001
"Anodus_elongatus",0.109846713276971,0.0145966435893388,0.0952500696876317
"Anodus_orinocensis",0.109843066467936,0.0146220019499188,0.0952210645180171
"Argonectes_longiceps",0.109914716432046,0.0146233022370079,0.0952914141950377
"Argonectes_robertsi",0.109885209171496,0.0146506828144357,0.0952345263570599
"Hemiodus_semitaeniatus",0.109907473273867,0.0147594549256718,0.0951480183481954
"Hemiodus_microlepis",0.109966800451034,0.0146742639829146,0.0952925364681195
"Hemiodus_goeldii",0.110040940880984,0.0147606005352206,0.0952803403457637
"Hemiodus_orthonops",0.110062249230848,0.0147034859607924,0.0953587632700561
"Hemiodus_unimaculatus",0.110054736230455,0.0147038293391201,0.095350906891335
"Mylossoma_duriventre",0.109772857837206,0.0150965887239595,0.094676269113246
"Mylossoma_aureum",0.109845209752097,0.0151330927429446,0.0947121170091527
"Colossoma_macropomum",0.109978528014542,0.0148678795213473,0.0951106484931946
"Piaractus_mesopotamicus",0.109972982205177,0.0146348221898888,0.0953381600152879
"Piaractus_brachypomus",0.109972982205177,0.0146348221898888,0.0953381600152879
"Acnodon_senai",0.110035441311964,0.0151022255670916,0.094933215744872
"Acnodon_oligacanthus",0.110140755897111,0.0145912237212098,0.0955495321759011
"Acnodon_normani",0.110207898030189,0.014583120367629,0.09562477766256
"Myloplus_ternetzi",0.11031522765831,0.0146031306738408,0.0957120969844688
"Myloplus_rubripinnis",0.110289728174192,0.0145133944701162,0.0957763337040758
"Mylesinus_schomburgkii",0.110236173079416,0.0145669544858643,0.0956692185935513
"Myleus_pacu",0.110233168861579,0.014459600247644,0.0957735686139346
"Myloplus_rhomboidalis",0.110224748794964,0.0144725615462317,0.0957521872487321
"Myloplus_arnoldi",0.110205634815292,0.0146313813253843,0.095574253489908
"Myloplus_schomburgkii",0.110262922289127,0.0146704537784527,0.095592468510674
"Ossubtus_xinguense",0.110178202263063,0.0145643457457068,0.0956138565173566
"Myleus_micans",0.110201513910732,0.014581347591601,0.0956201663191307
"Myloplus_levis",0.110324335150053,0.0147730028583177,0.0955513322917354
"Myloplus_asterias",0.110341956655891,0.014530372720335,0.0958115839355564
"Utiaritichthys_longidorsalis",0.110347712165785,0.0145735392578928,0.0957741729078923
"Utiaritichthys_sennaebragai",0.110347712165785,0.0145735392578928,0.0957741729078923
"Tometes_makue",0.110305464266273,0.0146297324452443,0.0956757318210288
"Tometes_lebaili",0.110365682074228,0.0145067183657543,0.0958589637084741
"Myleus_setiger",0.110318580404459,0.0144938259319335,0.0958247544725258
"Myloplus_torquatus",0.110374202847292,0.014516931943682,0.0958572709036103
"Mylesinus_paraschomburgkii",0.110265372369443,0.0144846639021872,0.0957807084672562
"Mylesinus_paucisquamatus",0.110269708363859,0.0145349449708037,0.0957347633930557
"Tometes_trilobatus",0.110305328035659,0.014467053016048,0.0958382750196114
"Myloplus_tiete",0.11040035853606,0.0145079011125359,0.0958924574235244
"Metynnis_maculatus",0.110681196220786,0.0148242986972003,0.0958568975235858
"Metynnis_altidorsalis",0.110659639972547,0.0147397497649419,0.0959198902076047
"Metynnis_orinocensis",0.110611359245207,0.0148497766474566,0.0957615825977509
"Metynnis_argenteus",0.110564266883161,0.014786186308324,0.0957780805748371
"Metynnis_hypsauchen",0.110665213702034,0.0146908170340332,0.095974396668001
"Metynnis_fasciatus",0.110663438420992,0.014641088563842,0.0960223498571502
"Metynnis_luna",0.110667952398891,0.0147152562807524,0.0959526961181386
"Metynnis_lippincottianus",0.110596642498517,0.0147402170256593,0.0958564254728576
"Metynnis_mola",0.110609027794016,0.0146490195967129,0.0959600081973029
"Pristobrycon_striolatus",0.124762046465852,0.0182683315504062,0.106493714915445
"Pristobrycon_maculipinnis",0.124862803904634,0.0182368578496188,0.106625946055015
"Catoprion_mento",0.124848607626421,0.018232329271941,0.10661627835448
"Pygopristis_denticulata",0.124859205838429,0.0182050671222097,0.10665413871622
"Serrasalmus_nalseni",0.124822737934322,0.0181920170222222,0.1066307209121
"Pygocentrus_cariba",0.376829137091253,0.0550459493218473,0.321783187769406
"Pygocentrus_piraya",0.376860316744264,0.0550263642587302,0.321833952485534
"Pygocentrus_nattereri",0.376807739566612,0.0550578076483065,0.321749931918305
"Serrasalmus_manueli",0.388006436352303,0.0566514109750781,0.331355025377224
"Serrasalmus_elongatus",0.390406040087827,0.0567627486089989,0.333643291478828
"Serrasalmus_irritans",0.391366023746489,0.0569988655606299,0.334367158185859
"Serrasalmus_serrulatus",0.391564781909813,0.0570373556981127,0.334527426211701
"Serrasalmus_gouldingi",0.391396566008682,0.0569579129284589,0.334438653080223
"Pristobrycon_calmoni",0.391609868116502,0.0569216966179978,0.334688171498504
"Serrasalmus_spilopleura",0.391447942120922,0.0569494082727909,0.334498533848131
"Serrasalmus_humeralis",0.391609868116502,0.0569216966179978,0.334688171498504
"Serrasalmus_eigenmanni",0.391557717283561,0.0569453882440445,0.334612329039517
"Pristobrycon_careospinus",0.391566449019156,0.0569336519110861,0.33463279710807
"Serrasalmus_maculatus",0.391455552952995,0.0569085369375828,0.334547016015412
"Serrasalmus_altuvei",0.391614516034294,0.0569208076166229,0.334693708417671
"Serrasalmus_brandtii",0.391614516034294,0.0569208076166229,0.334693708417671
"Serrasalmus_rhombeus",0.391448006087287,0.0569143006824897,0.334533705404797
"Serrasalmus_geryi",0.391609868116502,0.0569216966179978,0.334688171498504
"Serrasalmus_marginatus",0.391562501361693,0.0569218052579178,0.334640696103775
"Serrasalmus_hollandi",0.391553860543855,0.0569807511128109,0.334573109431044
"Serrasalmus_compressus",0.39149419028368,0.0569388585827522,0.334555331700928
"Serrasalmus_altispinis",0.391609868116502,0.0569216966179978,0.334688171498504
"Serrasalmus_medinai",0.391499602710623,0.0569761252856643,0.334523477424959
"Rhaphiodon_vulpinus",0.109783848140434,0.0160822093909999,0.0937016387494337
"Cynodon_meionactis",0.110324097676928,0.0154331935759905,0.0948909041009373
"Cynodon_septenarius",0.110424355824459,0.0153775326183852,0.095046823206074
"Cynodon_gibbus",0.110424355824459,0.0153775326183852,0.095046823206074
"Hydrolycus_scomberoides",0.110350905483475,0.0154084199794263,0.0949424855040486
"Hydrolycus_tatauaia",0.110482778597336,0.0153908073797513,0.0950919712175852
"Hydrolycus_wallacei",0.110470791165643,0.0153857718829384,0.0950850192827044
"Hydrolycus_armatus",0.110477616767201,0.0154021219666779,0.0950754948005232
"Parodon_buckleyi",0.109979772610161,0.0147983132180602,0.0951814593921006
"Parodon_carrikeri",0.109916890409151,0.0148124637092488,0.0951044266999025
"Saccodon_dariensis",0.109872928314433,0.014694364755743,0.0951785635586896
"Saccodon_wagneri",0.10991929637997,0.0146711992764279,0.0952480971035424
"Parodon_nasus",0.10981360369696,0.0145938374929009,0.0952197662040589
"Parodon_pongoensis",0.10991751501562,0.0145315279532183,0.0953859870624015
"Parodon_guyanensis",0.109941025079308,0.0145521978819773,0.0953888271973306
"Parodon_hilarii",0.109825691921195,0.0149440433950381,0.0948816485261569
"Parodon_apolinari",0.109790214826984,0.0148021271426072,0.0949880876843769
"Parodon_suborbitalis",0.110010431972921,0.0147260012401825,0.0952844307327387
"Parodon_caliensis",0.110010431972921,0.0147260012401825,0.0952844307327387
"Apareiodon_vittatus",0.109849333775315,0.0146522405152731,0.095197093260042
"Apareiodon_affinis",0.110143595427946,0.0146069702105612,0.0955366252173847
"Apareiodon_piracicabae",0.110052112516769,0.0146117965585177,0.095440315958251
"Apareiodon_vladii",0.110060901035318,0.0145734266138858,0.0954874744214323
"Apareiodon_machrisi",0.10996290690697,0.0146243727367454,0.0953385341702245
"Apareiodon_hasemani",0.109986168050389,0.014667852580015,0.095318315470374
"Apareiodon_ibitiensis",0.109935668401727,0.0146022796783777,0.0953333887233493
"Apareiodon_gransabana",0.109948091452482,0.0146155180027122,0.0953325734497697
"Ichthyoelephas_longirostris",0.109951577362134,0.015490076484277,0.0944615008778574
"Ichthyoelephas_humeralis",0.109931325359314,0.0155632652406824,0.0943680601186314
"Semaprochilodus_brama",0.110700122678219,0.0153080770989501,0.0953920455792684
"Semaprochilodus_varii",0.110718941706,0.0153552100798275,0.0953637316261726
"Semaprochilodus_laticeps",0.110713576291497,0.0153729484750281,0.0953406278164687
"Semaprochilodus_taeniurus",0.110637944524864,0.0153674244132858,0.0952705201115785
"Semaprochilodus_insignis",0.110823937149914,0.0154139756643795,0.0954099614855349
"Semaprochilodus_kneri",0.110823937149914,0.0154139756643795,0.0954099614855349
"Prochilodus_vimboides",0.112463029315362,0.0164564693773278,0.0960065599380339
"Prochilodus_reticulatus",0.113090213912506,0.0164894996810024,0.0966007142315039
"Prochilodus_magdalenae",0.113115478754149,0.0164501258402325,0.0966653529139164
"Prochilodus_mariae",0.11445126753181,0.0167159084911511,0.0977353590406591
"Prochilodus_argenteus",0.114655306381833,0.0167970917422072,0.0978582146396253
"Prochilodus_lineatus",0.114772680633605,0.0168359930307962,0.0979366876028084
"Prochilodus_costatus",0.114758996578135,0.0168300321696538,0.0979289644084816
"Prochilodus_nigricans",0.114764025401468,0.016825669696213,0.0979383557052553
"Prochilodus_rubrotaeniatus",0.114770224735251,0.0168205091662792,0.0979497155689716
"Prochilodus_brevis",0.114770224735251,0.0168205091662792,0.0979497155689716
"Prochilodus_britskii",0.114770224735251,0.0168205091662792,0.0979497155689716
"Caenotropus_maculosus",0.10935815811086,0.0153712818168604,0.0939868762939999
"Caenotropus_mestomorgmatos",0.109416756446985,0.015383314475728,0.0940334419712568
"Caenotropus_labyrinthicus",0.109489258613215,0.0151615902291839,0.0943276683840312
"Chilodus_gracilis",0.10975500144486,0.0149816826461317,0.0947733187987282
"Chilodus_zunevei",0.10970818659064,0.0148224164124109,0.0948857701782286
"Chilodus_punctatus",0.109723501200186,0.0148105178209849,0.0949129833792015
"Curimatopsis_macrolepis",0.109394128843626,0.0157442004215348,0.0936499284220914
"Curimatopsis_evelynae",0.109534622039031,0.0150735311053243,0.0944610909337069
"Curimatopsis_microlepis",0.109692789109251,0.0148319651113236,0.0948608239979274
"Curimatopsis_myersi",0.109696248260119,0.0148235012380577,0.0948727470220613
"Potamorhina_latior",0.109941831582037,0.0146377766223847,0.0953040549596527
"Potamorhina_squamoralevis",0.109926199642894,0.0146080339248469,0.0953181657180471
"Potamorhina_altamazonica",0.109951527743068,0.0146048752721785,0.0953466524708895
"Curimata_vittata",0.109960487535731,0.0150074845101487,0.0949530030255821
"Curimata_mivartii",0.109905254424116,0.0148312008964754,0.095074053527641
"Curimata_incompta",0.109930537954861,0.0145591246125109,0.0953714133423501
"Curimata_ocellata",0.109970804525387,0.0145158565270216,0.0954549479983658
"Curimata_roseni",0.110019736101112,0.0146756582871766,0.0953440778139356
"Curimata_inornata",0.110018729080261,0.0146456983774153,0.0953730307028459
"Curimata_cyprinoides",0.110109618073954,0.0146427026330084,0.0954669154409453
"Curimata_knerii",0.110066349278223,0.0146737546415073,0.0953925946367152
"Curimata_cisandina",0.110203091935565,0.0146708362625547,0.0955322556730101
"Curimata_cerasina",0.110186735431643,0.0146513419930884,0.0955353934385543
"Curimata_aspera",0.110186735431643,0.0146513419930884,0.0955353934385543
"Psectrogaster_essequibensis",0.110124644893986,0.0147451921380702,0.0953794527559155
"Psectrogaster_rutiloides",0.110136347087263,0.0146947551775653,0.0954415919096974
"Psectrogaster_ciliata",0.110125466662953,0.0146484782743032,0.0954769883886502
"Psectrogaster_curviventris",0.110140543043856,0.0147439490067117,0.0953965940371442
"Psectrogaster_amazonica",0.110121190762101,0.0146745616076365,0.0954466291544643
"Cyphocharax_gilbert",0.11004454379542,0.0145621791113236,0.0954823646840961
"Cyphocharax_laticlavius",0.110026158267791,0.0145357321985627,0.0954904260692287
"Cyphocharax_stilbolepis",0.110024940741944,0.0146093174454068,0.0954156232965375
"Cyphocharax_voga",0.109964087144294,0.0145692841190726,0.0953948030252214
"Cyphocharax_modestus",0.110008816368377,0.0145696333434196,0.0954391830249576
"Cyphocharax_spilotus",0.110018910958738,0.0145165376078865,0.095502373350851
"Cyphocharax_platanus",0.110018910958738,0.0145165376078865,0.095502373350851
"Pseudocurimata_boulengeri",0.109954021557308,0.0146087617822397,0.095345259775068
"Pseudocurimata_troschelii",0.109962182439268,0.0146185214160355,0.0953436610232322
"Pseudocurimata_boehlkei",0.109953179309534,0.0147599808458568,0.0951931984636773
"Cyphocharax_nigripinnis",0.109751757726096,0.0152410148938508,0.0945107428322456
"Cyphocharax_abramoides",0.1099186965148,0.0149446822191851,0.094974014295615
"Cyphocharax_multilineatus",0.109827807518766,0.0147667191518935,0.0950610883668724
"Steindachnerina_bimaculata",0.110171805120086,0.014645097347919,0.0955267077721668
"Steindachnerina_biornata",0.110143341445628,0.0145703190634546,0.0955730223821736
"Steindachnerina_argentea",0.110306293095055,0.0147275393092988,0.0955787537857565
"Steindachnerina_binotata",0.110443390058871,0.0147077323539183,0.0957356577049523
"Steindachnerina_quasimodoi",0.110385453508855,0.0146578890434571,0.0957275644653982
"Steindachnerina_hypostoma",0.110452783419791,0.01464996789985,0.095802815519941
"Steindachnerina_gracilis",0.110417063133205,0.0146522222480565,0.0957648408851489
"Steindachnerina_planiventris",0.11039667686897,0.0146443161125734,0.0957523607563962
"Steindachnerina_varii",0.110569854770825,0.014764652851731,0.0958052019190942
"Steindachnerina_guentheri",0.110552235655657,0.0147621375073991,0.0957900981482581
"Steindachnerina_fasciata",0.110514198198841,0.0147542335591426,0.0957599646396987
"Steindachnerina_pupula",0.110549122689751,0.0146960470932009,0.0958530755965498
"Steindachnerina_dobula",0.110546772399448,0.0147191534536558,0.0958276189457924
"Steindachnerina_insculpta",0.110546772399448,0.0147191534536558,0.0958276189457924
"Steindachnerina_brevipinna",0.110546772399448,0.0147191534536558,0.0958276189457924
"Curimatella_lepidura",0.109942949882388,0.0148024626155481,0.0951404872668404
"Cyphocharax_magdalenae",0.109913068745343,0.0146878530930759,0.0952252156522673
"Cyphocharax_gangamon",0.109985048637849,0.0146079167037495,0.0953771319340996
"Cyphocharax_spilurus",0.110009988346321,0.014563604067829,0.0954463842784918
"Cyphocharax_oenas",0.11001458918809,0.0145392401333208,0.0954753490547696
"Cyphocharax_spiluropsis",0.110079800695508,0.0146148866400075,0.0954649140555009
"Cyphocharax_pantostictos",0.110054997578131,0.014547957171691,0.09550704040644
"Cyphocharax_gillii",0.110090937838615,0.0145550438021122,0.0955358940365025
"Cyphocharax_vanderi",0.110008280391416,0.0145951811106987,0.0954130992807177
"Cyphocharax_saladensis",0.110053597823872,0.01465254358039,0.0954010542434825
"Cyphocharax_gouldingi",0.110087957227122,0.0146056626526559,0.0954822945744666
"Cyphocharax_signatus",0.110011329271572,0.0145976270254843,0.0954137022460876
"Cyphocharax_meniscaprorus",0.110085216551342,0.0146089799329959,0.0954762366183466
"Cyphocharax_helleri",0.110085216551342,0.0146089799329959,0.0954762366183466
"Cyphocharax_vexillapinnus",0.110057269518431,0.0146281400686039,0.0954291294498273
"Cyphocharax_mestomyllon",0.110057269518431,0.0146281400686039,0.0954291294498273
"Cyphocharax_notatus",0.110004394695386,0.0145828430308336,0.0954215516645522
"Curimatella_meyeri",0.109998746071617,0.0145842381349456,0.0954145079366714
"Curimatella_immaculata",0.110030723475638,0.014543749892226,0.0954869735834124
"Cyphocharax_leucostictus",0.110124800042971,0.0146154354752781,0.0955093645676924
"Cyphocharax_plumbeus",0.110065233310899,0.0145612115432696,0.0955040217676296
"Curimatella_dorsalis",0.110025705189358,0.0146488130006449,0.0953768921887128
"Cyphocharax_festivus",0.110023989623876,0.0145440706633796,0.0954799189604967
"Cyphocharax_punctatus",0.110030036350888,0.0145245321844394,0.0955055041664489
"Cyphocharax_microcephalus",0.110034498726992,0.014563914347919,0.0954705843790728
"Leporinus_cylindriformis",0.10987570280489,0.0148489601429446,0.0950267426619454
"Leporellus_vittatus",0.109894013088779,0.0148702745125234,0.0950237385762551
"Leporellus_pictus",0.109933273901408,0.0148275863885389,0.0951056875128689
"Sartor_elongatus",0.109886504488404,0.0148853614820272,0.095001143006377
"Sartor_respectus",0.109900441775799,0.0148443019269716,0.0950561398488273
"Gnathodolus_bidens",0.109998688585673,0.0146257968141107,0.0953728917715627
"Synaptolaemus_latofasciatus",0.110001743045544,0.0146181900074616,0.0953835530380824
"Leporinus_moralesi",0.110046001499844,0.0146651356835021,0.0953808658163414
"Leporinus_melanostictus",0.110036094328899,0.0147014596142607,0.0953346347146381
"Leporinus_niceforoi",0.110032313469175,0.0146725911490689,0.0953597223201061
"Anostomus_anostomus",0.10980715160001,0.0148370807908636,0.0949700708091465
"Anostomus_brevior",0.110091637359653,0.0147141910690789,0.0953774462905741
"Anostomus_ternetzi",0.110091637359653,0.0147141910690789,0.0953774462905741
"Pseudanos_trimaculatus",0.109883088150793,0.0147975479167229,0.0950855402340703
"Petulanos_plicatus",0.109953469965638,0.0146824137948631,0.0952710561707751
"Petulanos_intermedius",0.110062231909567,0.0146470081851219,0.0954152237244454
"Petulanos_spiloclistron",0.110062231909567,0.0146470081851219,0.0954152237244454
"Leporinus_marcgravii",0.109766935561861,0.0147655267834896,0.095001408778371
"Hypomasticus_megalepis",0.110044841433338,0.0154169832083115,0.0946278582250261
"Leporinus_reticulatus",0.109996718606335,0.0151783371044244,0.0948183815019102
"Leporinus_ecuadorensis",0.110267332043772,0.015212411411661,0.0950549206321112
"Leporinus_brunneus",0.110372433188237,0.0150986312735533,0.0952738019146837
"Laemolyta_fernandezi",0.111544027919664,0.0152110430868016,0.0963329848328623
"Laemolyta_orinocensis",0.111540021457807,0.0152025964788776,0.0963374249789289
"Laemolyta_proxima",0.111570551617886,0.0152096380986752,0.0963609135192106
"Laemolyta_garmani",0.11137479004699,0.0152318934830021,0.0961428965639879
"Laemolyta_taeniata",0.111380349036213,0.0151872865726159,0.0961930624635967
"Leporinus_lebaili",0.111395196083942,0.0152733471749781,0.0961218489089635
"Leporinus_steyermarki",0.111460879354189,0.0152554771924759,0.0962054021617135
"Rhytiodus_microlepis",0.111477416487931,0.0152203988522685,0.0962570176356629
"Rhytiodus_argenteofuscus",0.11147439630843,0.0152514869487564,0.0962229093596738
"Leporinus_ortomaculatus",0.111328553765395,0.0152243406182977,0.0961042131470976
"Schizodon_fasciatus",0.111403623476946,0.0151702013669541,0.0962334221099917
"Schizodon_vittatus",0.111400509435083,0.0152266265788026,0.09617388285628
"Schizodon_isognathus",0.111450046828545,0.0152050663288339,0.0962449804997107
"Schizodon_borellii",0.111450046828545,0.0152050663288339,0.0962449804997107
"Schizodon_platae",0.111405046287643,0.0152377697934008,0.0961672764942423
"Schizodon_nasutus",0.111396812876541,0.0151636929455068,0.0962331199310343
"Schizodon_knerii",0.111396812876541,0.0151636929455068,0.0962331199310343
"Schizodon_altoparanae",0.111408000980884,0.0152009343653293,0.0962070666155549
"Hypomasticus_despaxi",0.111014895415836,0.0155960361275466,0.0954188592882894
"Leporinus_striatus",0.111101368322398,0.0151478089311586,0.0959535593912393
"Abramites_eques",0.111216795441906,0.0150340661900387,0.0961827292518672
"Abramites_hypselonotus",0.111212757993891,0.0150334536319835,0.0961793043619079
"Megaleporinus_muyscorum",0.111101120364837,0.0151524090890514,0.0959487112757854
"Megaleporinus_macrocephalus",0.111205638551877,0.0151188032855268,0.0960868352663497
"Megaleporinus_trifasciatus",0.111210365028763,0.0150714355512436,0.0961389294775197
"Megaleporinus_reinhardti",0.111143490046341,0.015047937603612,0.0960955524427287
"Megaleporinus_elongatus",0.111212202843554,0.0150505759038245,0.096161626939729
"Megaleporinus_obtusidens",0.111217213574142,0.0150578003382702,0.0961594132358718
"Megaleporinus_piavussu",0.111210719703845,0.0150780872311586,0.0961326324726863
"Leporinus_microphthalmus",0.11117270045651,0.0153315586124609,0.0958411418440488
"Leporinus_amblyrhynchus",0.111272887116574,0.0151758249275716,0.096097062189002
"Leporinus_maculatus",0.111285125980168,0.015195050308149,0.096090075672019
"Leporinus_granti",0.111288024092304,0.0151670641645419,0.0961209599277616
"Hypomasticus_pachycheilus",0.111457609938426,0.0152103978972003,0.0962472120412259
"Leporinus_amae",0.111483603732772,0.0152203115954881,0.096263292137284
"Hypomasticus_thayeri",0.111468537539708,0.0151979421541682,0.0962705953855401
"Leporinus_arcus",0.111760168724048,0.0153184591303212,0.096441709593727
"Leporinus_boehlkei",0.111747354985105,0.0153402569143482,0.0964070980707565
"Leporinus_parae",0.111766969653585,0.0153647574084114,0.0964022122451737
"Leporinus_lacustris",0.111889282485764,0.0153750436245094,0.0965142388612546
"Leporinus_friderici",0.111872288773805,0.0153733276790026,0.0964989610948025
"Leporinus_piau",0.111892435341882,0.0153667021259468,0.0965257332159353
"Leporinus_agassizii",0.111892435341882,0.0153667021259468,0.0965257332159353
"Leporinus_y.ophorus",0.111741675550103,0.0153283201021997,0.0964133554479037
"Leporinus_taeniatus",0.111730031476632,0.015405544251681,0.0963244872249513
"Leporinus_octofasciatus",0.111759639652727,0.0153599754252843,0.0963996642274424
"Leporinus_nijsseni",0.111609580903398,0.0154092484451569,0.096200332458241
"Leporinus_jamesi",0.111572833763419,0.0152883358504812,0.0962844979129379
"Leporinus_pearsoni",0.111535187785762,0.0152788079315961,0.0962563798541657
"Leporinus_punctatus",0.111720823030051,0.0153600611135733,0.0963607619164778
"Leporinus_desmotes",0.111728953847866,0.0153527811435696,0.096376172704296
"Leporinus_klausewitzi",0.111730739589339,0.015354046347919,0.0963766932414203
"Leporinus_gossei",0.111730739589339,0.015354046347919,0.0963766932414203
"Leporinus_tigrinus",0.111449427529766,0.0154354156150106,0.0960140119147556
"Leporinus_affinis",0.111491777708123,0.0152158874877765,0.096275890220346
"Leporinus_fasciatus",0.111531429519728,0.0152067711110736,0.0963246584086545
"Leporinus_sexstriatus",0.111642445903723,0.0153029713670416,0.0963394745366813
"Hypomasticus_julii",0.111723311314899,0.0154420559552181,0.0962812553596811
"Leporinus_octomaculatus",0.111723311314899,0.0154420559552181,0.0962812553596811
"Leporinus_nigrotaeniatus",0.111547216861714,0.0153848567013748,0.096162360160339
"Leporinus_subniger",0.111776672694207,0.0153624577487439,0.0964142149454634
"Leporinus_melanopleura",0.111776672694207,0.0153624577487439,0.0964142149454634
"Boulengerella_cuvieri",0.0618211639053042,0.00587117495498563,0.0559499889503186
"Ctenolucius_hujeta",0.0619642651284498,0.00570403664987377,0.056260228478576
"Ctenolucius_beani",0.0618841380617342,0.00551453215851019,0.056369605903224
"Boulengerella_maculata",0.0619040885292379,0.00589404377429571,0.0560100447549422
"Boulengerella_lateristriga",0.0618948779007958,0.00549919866690914,0.0563956792338867
"Boulengerella_lucius",0.0618782271622539,0.00537591591166604,0.0565023112505879
"Boulengerella_xyrekes",0.061857725706945,0.00527721860470441,0.0565805071022406
"Copella_nattereri",0.0648948511223629,0.0083692092576228,0.0565256418647401
"Copella_arnoldi",0.065247266252272,0.00839020539894263,0.0568570608533293
"Copella_eigenmanni",0.065247266252272,0.00839020539894263,0.0568570608533293
"Copeina_osgoodi",0.0648709921070975,0.00831376724833646,0.0565572248587611
"Copella_compta",0.0649090361327429,0.00829411952205224,0.0566149166106907
"Piabucina_pleurotaenia",0.0669349227278635,0.0104643576612248,0.0564705650666387
"Copeina_guttata",0.0669427526397614,0.0104392450019198,0.0565035076378417
"Pyrrhulina_australis",0.109368487391422,0.0318831453488901,0.0774853420425324
"Pyrrhulina_vittata",0.117464608818928,0.0341103436828234,0.0833542651361043
"Pyrrhulina_lugubris",0.117464608818928,0.0341103436828234,0.0833542651361043
"Nannostomus_unifasciatus",0.117450575012559,0.0341061638015586,0.0833444112110002
"Pyrrhulina_laeta",0.117423252318216,0.0340919704007337,0.0833312819174827
"Pyrrhulina_obermulleri",0.117456770849129,0.0341073730004087,0.0833493978487202
"Pyrrhulina_semifasciata",0.117456770849129,0.0341073730004087,0.0833493978487202
"Pyrrhulina_eleanorae",0.0677344331739067,0.010639522428399,0.0570949107455078
"Pyrrhulina_zigzag",0.0677026259732203,0.0106036819897038,0.0570989439835165
"Pyrrhulina_elongata",0.0677100069328066,0.0107535855920035,0.0569564213408031
"Pyrrhulina_spilota",0.06772912283256,0.0106881063049144,0.0570410165276456
"Pyrrhulina_stoli",0.0676637552520701,0.0105739428419723,0.0570898124100979
"Pyrrhulina_filamentosa",0.0676760973438252,0.0106849125952031,0.0569911847486221
"Pyrrhulina_brevis",0.0676544759625957,0.0106111193674066,0.0570433565951891
"Pyrrhulina_beni",0.0676811569844659,0.0105695660578203,0.0571115909266456
"Nannostomus_espei",0.0623733902905848,0.00587773110991626,0.0564956591806685
"Nannostomus_eques",0.0624028738385759,0.00613537449075616,0.0562674993478197
"Nannostomus_limatus",0.0623525277237508,0.00642417327539558,0.0559283544483552
"Nannostomus_mortenthaleri",0.0625129251301759,0.00597736943653793,0.0565355556936379
"Nannostomus_anduzei",0.0624908779837932,0.00592786518181977,0.0565630128019734
"Nannostomus_bifasciatus",0.0625149996733601,0.00590050505808524,0.0566144946152749
"Nannostomus_digrammus",0.0626239838686393,0.00598073169563055,0.0566432521730088
"Nannostomus_britskii",0.0626214400186473,0.00611811625768529,0.056503323760962
"Nannostomus_marginatus",0.0627069717488127,0.00594037045269841,0.0567666012961142
"Nannostomus_trifasciatus",0.0627060189471323,0.00598577288364454,0.0567202460634877
"Copella_vilmae",0.0627258667614448,0.00594654373287589,0.0567793230285689
"Nannostomus_beckfordi",0.0628386834920182,0.00593460209808024,0.0569040813939379
"Nannostomus_minimus",0.0626507461413,0.00605647617819523,0.0565942699631048
"Nannostomus_harrisoni",0.0628163994711481,0.00597535196059743,0.0568410475105507
"Nannostomus_marilynae",0.0628163994711481,0.00597535196059743,0.0568410475105507
"Derhamia_hoffmannorum",0.0624815088606763,0.00673100026827522,0.0557505085924011
"Lebiasina_panamensis",0.0631599845242298,0.00650641424383452,0.0566535702803953
"Lebiasina_multimaculata",0.0630848023481109,0.00646517931982502,0.0566196230282858
"Lebiasina_chucuriensis",0.0632077093434807,0.00654651858779153,0.0566611907556892
"Lebiasina_unitaeniata",0.0642149030459262,0.00676720241722535,0.0574477006287009
"Lebiasina_elongata",0.0642203760396142,0.00674130459582802,0.0574790714437862
"Lebiasina_bimaculata",0.0642253066423037,0.00674635150121485,0.0574789551410889
"Lebiasina_floridablancaensis",0.064232226853627,0.00672786266606924,0.0575043641875578
"Erythrinus_erythrinus",0.0619372328610705,0.0059866694119785,0.055950563449092
"Hoplerythrinus_unitaeniatus",0.0617857891118358,0.0056637827527884,0.0561220063590474
"Hoplias_aimara",0.0617830638604351,0.00543497567225847,0.0563480881881767
"Hoplias_lacerdae",0.0617647385829008,0.00527760422462692,0.0564871343582739
"Hoplias_malabaricus",0.0619202655423986,0.00531810383717535,0.0566021617052233
"Hoplias_mbigua",0.0618983988401089,0.0052697665872066,0.0566286322529023
"Hoplias_intermedius",0.0618940917375438,0.00527506748834396,0.0566190242491999
"Chalceus_erythrurus",0.062134040445346,0.00582327512426447,0.0563107653210816
"Chalceus_epakros",0.0625921282123374,0.00620947940435446,0.056382648807983
"Chalceus_macrolepidotus",0.0625921282123374,0.00620947940435446,0.056382648807983
"Engraulisoma_taeniatum",0.0618274213981567,0.0064332070671841,0.0553942143309726
"Clupeacharax_anchoveoides",0.0619817977877038,0.00576066302863642,0.0562211347590674
"Agoniates_halecinus",0.0620317926307951,0.0060362059087664,0.0559955867220287
"Triportheus_culter",0.0619815649474417,0.00528483425498563,0.056696730692456
"Triportheus_magdalenae",0.0619010971026145,0.00538164424362455,0.0565194528589899
"Triportheus_curtus",0.0619481246918032,0.00527768411976503,0.0566704405720381
"Triportheus_rotundatus",0.0620902077391388,0.00539000044547432,0.0567002072936645
"Triportheus_brachipomus",0.0621015008967364,0.00541715491352831,0.0566843459832081
"Triportheus_albus",0.0621422344387514,0.00541701259319335,0.056725221845558
"Triportheus_pictus",0.0621565950100459,0.0055729720552356,0.0565836229548103
"Triportheus_guentheri",0.0621730254671478,0.00553561508889389,0.0566374103782539
"Triportheus_nematurus",0.0619797589516457,0.00537677749401825,0.0566029814576274
"Triportheus_angulatus",0.0620421098077622,0.00540772754726159,0.0566343822605006
"Triportheus_trifurcatus",0.0620684598599571,0.00541310129529309,0.056655358564664
"Gasteropelecus_maculatus",0.0618684038456963,0.00547263334711161,0.0563957704985847
"Thoracocharax_securis",0.0618711632017212,0.0053465186687839,0.0565246445329373
"Thoracocharax_stellatus",0.061885207142911,0.00547879009248094,0.05640641705043
"Gasteropelecus_sternicla",0.0619018606799194,0.00541215904873641,0.0564897016311829
"Carnegiella_schereri",0.0618087981927019,0.00529812046068491,0.056510677732017
"Carnegiella_marthae",0.0619097316952609,0.00526884179809274,0.0566408898971682
"Carnegiella_myersi",0.0619782596365786,0.00530844065126109,0.0566698189853175
"Carnegiella_strigata",0.0619725195686832,0.00531280479574303,0.0566597147729402
"Brycon_meeki",0.061916486356068,0.00535520980514186,0.0565612765509262
"Brycon_argenteus",0.0620687873001108,0.00543105222793901,0.0566377350721718
"Brycon_henni",0.0619850993252855,0.00525431300499188,0.0567307863202937
"Brycon_posadae",0.0620872595344915,0.0053523864544357,0.0567348730800558
"Salminus_affinis",0.0620539733762765,0.00530328177377078,0.0567506916025058
"Salminus_brasiliensis",0.0621333680872608,0.00527644632770154,0.0568569217595592
"Salminus_hilarii",0.0621108329484887,0.00528424848118235,0.0568265844673063
"Brycon_pesu",0.0620186379760828,0.0053333128375878,0.056685325138495
"Brycon_rubricauda",0.0620579825536368,0.00528385868448194,0.0567741238691549
"Brycon_sinuensis",0.0620643330696693,0.00529429779234346,0.0567700352773258
"Brycon_moorei",0.0620309718806875,0.00530686576684664,0.0567241061138408
"Brycon_amazonicus",0.0620235375840751,0.00524895210605424,0.0567745854780209
"Brycon_whitei",0.0621144004475902,0.00526757680784152,0.0568468236397487
"Brycon_dentex",0.0621572929366238,0.00523270936314711,0.0569245835734767
"Brycon_orthotaenia",0.0621056330940727,0.00521034262648919,0.0568952904675835
"Brycon_hilarii",0.0621311094435774,0.00524510557062117,0.0568860038729562
"Brycon_orbignyanus",0.0621603538744707,0.0052482005656218,0.0569121533088489
"Brycon_melanopterus",0.0620696999572448,0.00528239743226347,0.0567873025249813
"Brycon_falcatus",0.0619991864468842,0.0052084100928059,0.0567907763540783
"Brycon_opalinus",0.0620115195997579,0.00547943751147857,0.0565320820882793
"Brycon_nattereri",0.0619604520043844,0.00524126250947882,0.0567191894949056
"Brycon_insignis",0.0620855167737468,0.00523419412296463,0.0568513226507822
"Henochilus_wheatlandii",0.0620298469546444,0.00524254782875141,0.056787299125893
"Brycon_devillei",0.0620330861141415,0.00527382556378453,0.056759260550357
"Piabucus_caudomaculatus",0.0623273567842157,0.00584117806815898,0.0564861787160567
"Piabucus_dentatus",0.0623525382966486,0.00599299576244719,0.0563595425342014
"Piabucus_melanostoma",0.062342454259889,0.00594586052735158,0.0563965937325374
"Iguanodectes_purusii",0.06207487012398,0.00550142963532558,0.0565734404886544
"Iguanodectes_gracilis",0.0620530315433752,0.00546830715901012,0.0565847243843651
"Iguanodectes_adujai",0.062021400275514,0.00535650260207974,0.0566648976734342
"Iguanodectes_geisleri",0.0620365468594626,0.005423785966018,0.0566127608934446
"Iguanodectes_spilurus",0.0620449129775646,0.00539199918600675,0.0566529137915579
"Iguanodectes_polylepis",0.0620967295063623,0.00539560837348331,0.056701121132879
"Iguanodectes_variatus",0.0620886825528371,0.00536820696865892,0.0567204755841782
"Bryconops_gracilis",0.0623937347265527,0.00582876763667542,0.0565649670898772
"Bryconops_inpai",0.0623915103984093,0.00584242907549556,0.0565490813229137
"Bryconops_colanegra",0.0620110074317769,0.00561160783835021,0.0563993995934267
"Bryconops_melanurus",0.0619722101128537,0.0052640412112036,0.0567081689016501
"Bryconops_affinis",0.0619746982700038,0.00528572409075616,0.0566889741792476
"Bryconops_alburnoides",0.0622418078102265,0.00547570606743407,0.0567661017427925
"Bryconops_caudomaculatus",0.0622418078102265,0.00547570606743407,0.0567661017427925
"Bryconops_giacopinii",0.0619956880827486,0.00533933894379953,0.0566563491389491
"Bryconops_colaroja",0.0620449958364181,0.00532793696067242,0.0567170588757457
"Hoplocharax_goethei",0.061890721091851,0.00679004763366329,0.0551006734581877
"Heterocharax_macrolepis",0.0619456426039271,0.00544551327890764,0.0565001293250195
"Heterocharax_leptogrammus",0.0618400609560562,0.00530072716954631,0.0565393337865099
"Heterocharax_virgulatus",0.0619475551600762,0.00553379480146732,0.0564137603586088
"Lonchogenys_ilisha",0.0618586848207858,0.00563403137809524,0.0562246534426906
"Gnathocharax_steindachneri",0.0618651944791864,0.00556257968500687,0.0563026147941795
"Gilbertolus_atratoensis",0.0620298875775433,0.00544423994966129,0.056585647627882
"Gilbertolus_alatus",0.0620618607699959,0.0055159169087914,0.0565459438612045
"Roestes_itupiranga",0.061857195281174,0.0053012350903937,0.0565559601907803
"Roestes_molossus",0.0624490997943845,0.00563198834847394,0.0568171114459106
"Roestes_ogilviei",0.0624556643059251,0.00565267614749906,0.056802988158426
"Acestrorhynchus_falcirostris",0.0618561217036545,0.00532028525087364,0.0565358364527808
"Acestrorhynchus_nasutus",0.0619193814844608,0.00550283211064117,0.0564165493738196
"Acestrorhynchus_heterolepis",0.06212845311648,0.00585409001830396,0.056274363098176
"Acestrorhynchus_microlepis",0.0618037429838827,0.00525383711512811,0.0565499058687546
"Acestrorhynchus_britskii",0.061850430197662,0.00518627744859892,0.0566641527490631
"Acestrorhynchus_maculipinna",0.0618648976103474,0.00522501738185727,0.0566398802284902
"Acestrorhynchus_grandoculis",0.0618489149184985,0.00520248046534683,0.0566464344531517
"Acestrorhynchus_minimus",0.0618906732460518,0.00517288272181477,0.056717790524237
"Acestrorhynchus_isalineae",0.0621307994610594,0.00549505593091364,0.0566357435301457
"Acestrorhynchus_falcatus",0.062134037966434,0.00543040482730159,0.0567036331391324
"Acestrorhynchus_lacustris",0.062469953029152,0.00570247053316335,0.0567674824959887
"Acestrorhynchus_altus",0.0625320446472715,0.00566300970615423,0.0568690349411173
"Acestrorhynchus_pantaneiro",0.0625331509978009,0.00567397489375578,0.0568591761040451
"Atopomesus_pachyodus",0.0855654702095835,0.0194932068136545,0.066072263395929
"Spintherobolus_papilliferus",0.0855640076301871,0.0195156179350144,0.0660483896951727
"Aphyocharacidium_melandetum",0.144822781843776,0.0542927584165992,0.0905300234271773
"Aphyocharacidium_bolivianum",0.14480438230922,0.0541328764630934,0.0906715058461268
"Paragoniates_alburnus",0.145028570649333,0.0539584038597938,0.0910701667895391
"Xenagoniates_bondi",0.145435277197103,0.0535753138159243,0.0918599633811785
"Leptagoniates_steindachneri",0.145388642264976,0.0536617084185989,0.0917269338463774
"Phenagoniates_macrolepis",0.145487935707179,0.0535290051108249,0.091958930596354
"Axelrodia_stigmatias",0.145513757188777,0.0535380291827534,0.091975728006024
"Axelrodia_riesei",0.145522780829962,0.0535401223086127,0.0919826585213491
"Axelrodia_lindeae",0.145522780829962,0.0535401223086127,0.0919826585213491
"Prionobrama_filigera",0.145371626400299,0.0536565179366592,0.0917151084636396
"Prionobrama_paraguayensis",0.1453772956181,0.0537028246916898,0.0916744709264105
"Aphyocharax_nattereri",0.145552272200436,0.0535894486828159,0.0919628235176199
"Aphyocharax_erythrurus",0.145552272200436,0.0535894486828159,0.0919628235176199
"Aphyocharax_avary",0.145552272200436,0.0535894486828159,0.0919628235176199
"Aphyocharax_pusillus",0.145453329159664,0.0536703361906274,0.0917829929690367
"Aphyocharax_anisitsi",0.145506223460597,0.0535572237834283,0.0919489996771689
"Aphyocharax_rathbuni",0.145453985851972,0.0535288975492076,0.0919250883027643
"Aphyocharax_dentatus",0.145465127573059,0.053516536481841,0.0919485910912177
"Aphyocharax_yekwanae",0.145471276441644,0.053557009697689,0.0919142667439554
"Aphyocharax_colifax",0.145446449561514,0.0536029280703924,0.0918435214911211
"Protocheirodon_pi",0.144654402245923,0.0547085358088001,0.0899458664371225
"Nanocheirodon_insignis",0.145410294053226,0.0538264977594188,0.0915837962938072
"Prodontocharax_melanotus",0.14549842360326,0.0537264306184489,0.0917719929848114
"Prodontocharax_howesi",0.145559832274529,0.0535974873304849,0.091962344944044
"Prodontocharax_alleni",0.14562115010893,0.0536063618961642,0.092014788212766
"Saccoderma_hastata",0.145570755650028,0.0536459796551944,0.0919247759948332
"Saccoderma_melanostigma",0.145570755650028,0.0536459796551944,0.0919247759948332
"Cheirodon_ortegai",0.14557315702749,0.0537296678091751,0.0918434892183147
"Cheirodon_galusdae",0.145770381188708,0.0537861017049381,0.0919842794837694
"Heterocheirodon_yatai",0.145719808480266,0.0537096684715923,0.0920101400086739
"Cheirodon_ibicuhiensis",0.145802829523488,0.053752144498214,0.0920506850252742
"Cheirodon_interruptus",0.145849342469884,0.0537459408474203,0.0921034016224636
"Cheirodontops_geayi",0.145849342469884,0.0537459408474203,0.0921034016224636
"Cheirodon_australe",0.145849342469884,0.0537459408474203,0.0921034016224636
"Kolpotocheirodon_theloura",0.145625328040049,0.0536172245270854,0.0920081035129641
"Macropsobrycon_uruguayanae",0.145695803524842,0.0536542402851156,0.0920415632397265
"Odontostilbe_dierythrura",0.145714798644411,0.0536643289365342,0.0920504697078772
"Cheirodon_micropterus",0.145714798644411,0.0536643289365342,0.0920504697078772
"Odontostilbe_pequira",0.14560392993609,0.0536146517436833,0.0919892781924069
"Serrapinnus_heterodon",0.145589374598615,0.053624509986403,0.0919648646122117
"Odontostilbe_roloffi",0.145631592156321,0.0536102760871404,0.0920213160691807
"Aphyocheirodon_hemigrammus",0.145597019509456,0.0536085191902525,0.0919885003192034
"Acinocheirodon_melanogramma",0.145580068401126,0.0536483175167117,0.091931750884414
"Cheirodon_pisciculus",0.145646450345835,0.0536150687453081,0.0920313816005272
"Odontostilbe_pulchra",0.145663393874318,0.0536470106123247,0.0920163832619935
"Serrapinnus_gracilis",0.145605617749941,0.0537459835322097,0.0918596342177308
"Odontostilbe_paraguayensis",0.14564294447373,0.0536462487665554,0.0919966957071748
"Odontostilbe_ecuadorensis",0.145621416732169,0.0536121716104499,0.0920092451217194
"Odontostilbe_fugitiva",0.145611359928263,0.0536394102838658,0.0919719496443969
"Serrapinnus_notomelas",0.145588574028857,0.0536059024698425,0.0919826715590146
"Serrapinnus_calliurus",0.145634418046547,0.0536076705513323,0.0920267474952144
"Compsura_heterura",0.14561115583324,0.0536037780128996,0.0920073778203407
"Cheirodon_parahybae",0.145653541533107,0.0536351972704924,0.0920183442626145
"Serrapinnus_piaba",0.145653541533107,0.0536351972704924,0.0920183442626145
"Roeboexodon_guyanensis",0.145575285856755,0.0539799680187739,0.0915953178379811
"Exodon_paradoxus",0.145764553954222,0.0538106863759793,0.0919538675782428
"Bryconexodon_trombetasi",0.145774185675481,0.0538056667409336,0.0919685189345476
"Bryconexodon_juruenae",0.145764284852281,0.0538755622664929,0.0918887225857883
"Oligobrycon_microstomus",0.145708441161823,0.0537249733184864,0.0919834678433364
"Priocharax_ariel",0.14581709541513,0.0537390356769416,0.0920780597381881
"Priocharax_pygmaeus",0.145792477153741,0.0537649962506199,0.0920274809031213
"Tyttobrycon_dorsimaculatus",0.14603839758782,0.053835144185878,0.0922032534019424
"Tyttobrycon_xeruini",0.14603839758782,0.053835144185878,0.0922032534019424
"Tyttobrycon_hamatus",0.146021525960339,0.0538353673204862,0.0921861586398532
"Thrissobrycon_pectinifer",0.146032620986817,0.0538544634130996,0.0921781575737175
"Aphyodite_grammica",0.146015915057985,0.053838838001651,0.0921770770563338
"Leptobrycon_jatuaranae",0.146057925046696,0.0538324725410836,0.0922254525056127
"Genycharax_tarpon",0.146057925046696,0.0538324725410836,0.0922254525056127
"Oxybrycon_parvulus",0.146057925046696,0.0538324725410836,0.0922254525056127
"Mixobrycon_ribeiroi",0.146057925046696,0.0538324725410836,0.0922254525056127
"Tucanoichthys_tucano",0.146030251572859,0.0538287277966767,0.0922015237761827
"Serrabrycon_magoi",0.146044195901577,0.0538337811275103,0.092210414774067
"Tetragonopterus_rarus",0.145113166934684,0.0538151300633933,0.0912980368712902
"Tetragonopterus_argenteus",0.145267609878685,0.0536581729921522,0.0916094368865328
"Tetragonopterus_chalceus",0.145288964615631,0.0536406227409336,0.0916483418746972
"Microschemobrycon_guaporensis",0.145929240301173,0.0539555323086127,0.0919737079925603
"Microschemobrycon_casiquiare",0.145860366553619,0.0539142600876403,0.0919461064659782
"Microschemobrycon_callops",0.146088812360182,0.0539210477276853,0.092167764632497
"Microschemobrycon_melanotus",0.146088812360182,0.0539210477276853,0.092167764632497
"Microschemobrycon_elongatus",0.146088812360182,0.0539210477276853,0.092167764632497
"Microschemobrycon_geisleri",0.146088812360182,0.0539210477276853,0.092167764632497
"Phenacogaster_tegatus",0.145562432686073,0.0536676348011761,0.0918947978848967
"Phenacogaster_megalostictus",0.14551243360391,0.0536698340670179,0.0918425995368918
"Phenacogaster_carteri",0.145590435440003,0.0536305939684052,0.0919598414715981
"Phenacogaster_wayampi",0.145623112334658,0.0536801967443082,0.0919429155903495
"Phenacogaster_franciscoensis",0.145624175002567,0.0536564440933896,0.0919677309091777
"Phenacogaster_retropinnus",0.145594869942098,0.0536454540608936,0.0919494158812045
"Cynopotamus_tocantinensis",0.145611156236915,0.0536969995914523,0.0919141566454623
"Cynopotamus_essequibensis",0.145575415370871,0.0536905092268729,0.0918849061439984
"Cynopotamus_kincaidi",0.145694291402931,0.053667177794177,0.0920271136087536
"Cynopotamus_argenteus",0.145694291402931,0.053667177794177,0.0920271136087536
"Cynopotamus_magdalenae",0.145654414565648,0.0536389879304099,0.0920154266352382
"Cynopotamus_amazonum",0.145722091631257,0.0536667213887277,0.0920553702425293
"Cynopotamus_atratoensis",0.145722091631257,0.0536667213887277,0.0920553702425293
"Acanthocharax_microlepis",0.145722091631257,0.0536667213887277,0.0920553702425293
"Galeocharax_gulo",0.145632183018037,0.0536587456306974,0.0919734373873399
"Galeocharax_humeralis",0.145634485529215,0.053627256481841,0.0920072290473738
"Acestrocephalus_pallidus",0.145608033734924,0.053645850393852,0.0919621833410722
"Acestrocephalus_sardina",0.145609832891327,0.0536272185890776,0.0919826143022497
"Acestrocephalus_anomalus",0.145615653585995,0.0536225439484077,0.0919931096375869
"Acestrocephalus_boehlkei",0.145665847142228,0.053654758834047,0.0920110883081809
"Roeboides_affinis",0.145632265079129,0.0536797256951893,0.0919525393839398
"Roeboides_occidentalis",0.14562048878502,0.0536555832859905,0.091964905499029
"Roeboides_dayi",0.145632311168347,0.0536991177760542,0.0919331933922924
"Roeboides_myersii",0.145628936550277,0.0536599409875278,0.0919689955627497
"Roeboides_descalvadensis",0.145673105585747,0.0536415814924647,0.092031524093282
"Roeboides_biserialis",0.145673105585747,0.0536415814924647,0.092031524093282
"Roeboides_xenodon",0.145667737929266,0.0536509285990764,0.0920168093301896
"Roeboides_microlepis",0.145648650215256,0.0536958324198488,0.0919528177954068
"Roeboides_dientonito",0.14567286313761,0.053685982642321,0.0919868804952889
"Roeboides_dispar",0.14567493269345,0.0536725382728671,0.0920023944205832
"Charax_niger",0.145818386795036,0.053727356761806,0.0920910300332302
"Charax_stenopterus",0.145845116238309,0.0537242341733796,0.0921208820649293
"Charax_apurensis",0.145859419050104,0.053733321386228,0.0921260976638761
"Charax_tectifer",0.1457902549046,0.0537776958356718,0.0920125590689284
"Charax_condei",0.146816152148962,0.0540232211087627,0.092792931040199
"Charax_gibbosus",0.146920318747344,0.0540296614174741,0.0928906573298697
"Charax_leticiae",0.146920318747344,0.0540296614174741,0.0928906573298697
"Charax_hemigrammus",0.146920318747344,0.0540296614174741,0.0928906573298697
"Charax_pauciradiatus",0.146920318747344,0.0540296614174741,0.0928906573298697
"Charax_michaeli",0.146920318747344,0.0540296614174741,0.0928906573298697
"Markiana_geayi",0.146890863430832,0.0499053491784289,0.0969855142524034
"Markiana_nigripinnis",0.146958081531546,0.0498600353176615,0.097098046213884
"Eretmobrycon_brevirostris",0.147093243874326,0.0500881375036383,0.0970051063706876
"Eretmobrycon_emperador",0.147139336429647,0.0499086036031259,0.0972307328265208
"Eretmobrycon_peruanus",0.147137981340532,0.0498923270002012,0.0972456543403304
"Eretmobrycon_dahli",0.147137981340532,0.0498923270002012,0.0972456543403304
"Eretmobrycon_scleroparius",0.147109662766775,0.0499425465352593,0.0971671162315154
"Scopaeocharax_rhinodus",0.147678348658318,0.0484902650604437,0.0991880835978746
"Scopaeocharax_atopodus",0.147721035091287,0.048454455354157,0.0992665797371304
"Xenurobrycon_pteropus",0.147688969515178,0.0485957233735296,0.0990932461416483
"Tyttocharax_tambopatensis",0.147625316496851,0.0485721470504449,0.0990531694464057
"Xenurobrycon_polyancistrus",0.147916260918663,0.0483463412749169,0.0995699196437458
"Xenurobrycon_macropus",0.147912083204146,0.0483529810674428,0.099559102136703
"Tyttocharax_madeirae",0.147916260918663,0.0483463412749169,0.0995699196437458
"Xenurobrycon_heterodon",0.147915816812163,0.0483846002125497,0.0995312165996133
"Iotabrycon_praecox",0.147854310514959,0.0483895450781915,0.0994647654367671
"Argopleura_magdalenensis",0.187351269184295,0.021309510127729,0.166041759056565
"Argopleura_chocoensis",0.187318519664818,0.0213440281667242,0.165974491498093
"Landonia_latidens",0.187463927383371,0.0213548809026322,0.166109046480739
"Othonocheirodus_eigenmanni",0.187463927383371,0.0213548809026322,0.166109046480739
"Aulixidens_eugeniae",0.187455064950176,0.0213707936097938,0.166084271340383
"Caiapobrycon_tucurui",0.187437594372018,0.0214252512975828,0.166012343074435
"Monotocheirodon_pearsoni",0.187481392446582,0.0213361425584252,0.166145249888157
"Rhinopetitia_myersi",0.187395756149607,0.0213366224986827,0.166059133650925
"Glandulocauda_melanopleura",0.190596714909194,0.0191821517272041,0.17141456318199
"Mimagoniates_microlepis",0.19088658390747,0.0187856416221422,0.172100942285328
"Mimagoniates_barberi",0.190873938846852,0.0187552170752106,0.172118721771642
"Mimagoniates_lateralis",0.190911305618639,0.018716814168074,0.172194491450565
"Mimagoniates_rheocharis",0.190720961708719,0.0187697768352406,0.171951184873478
"Pseudocorynopoma_heterandria",0.190890863642656,0.018838088144327,0.172052775498329
"Pseudocorynopoma_doriae",0.190954363507383,0.0188518561820722,0.172102507325311
"Chrysobrycon_myersi",0.190718237432079,0.0188967896342657,0.171821447797813
"Chrysobrycon_hesperus",0.190840930665165,0.0187883587287539,0.172052571936411
"Corynopoma_riisei",0.190564497001508,0.0190290870412148,0.171535409960294
"Gephyrocharax_major",0.190842707783277,0.0188463561053318,0.171996351677945
"Gephyrocharax_caucanus",0.190898849577342,0.0186718044761605,0.172227045101181
"Gephyrocharax_valencia",0.191033925600936,0.0188061932685614,0.172227732332375
"Gephyrocharax_venezuelae",0.190912726877715,0.018676896888359,0.172235829989356
"Acrobrycon_ipanquianus",0.193039303789974,0.0181773738437645,0.174861929946209
"Hemibrycon_dariensis",0.193259136063216,0.0178565225193051,0.175402613543911
"Hemibrycon_jabonero",0.193290921854018,0.0178755272650869,0.175415394588931
"Hemibrycon_surinamensis",0.193325304801867,0.0180265821219798,0.175298722679887
"Hemibrycon_plutarcoi",0.193344396271194,0.0179298145879215,0.175414581683273
"Hemibrycon_jelskii",0.193409692878103,0.0178734931489764,0.175536199729127
"Hemibrycon_beni",0.193375004635921,0.0180549728493888,0.175320031786532
"Hemibrycon_huambonicus",0.193394784986284,0.0179671676437895,0.175427617342495
"Hemibrycon_tridens",0.193380035018254,0.017926051432066,0.175453983586188
"Hemibrycon_helleri",0.193342268043833,0.0178515337530259,0.175490734290807
"Hemibrycon_inambari",0.193349067463445,0.0179345902334658,0.175414477229979
"Hemibrycon_orcesi",0.193299318094899,0.0178497104223172,0.175449607672582
"Hemibrycon_loisae",0.193446585579084,0.0178726109048819,0.175573974674202
"Hemibrycon_metae",0.193431671983674,0.0178622589551256,0.175569413028548
"Hemibrycon_cristiani",0.193431671983674,0.0178622589551256,0.175569413028548
"Hemibrycon_polyodon",0.193410658760338,0.0179083983252043,0.175502260435133
"Planaltina_britskii",0.191697256599288,0.0192663419477515,0.172430914651536
"Carlastyanax_aurocaudatus",0.192214522336794,0.0191227751665992,0.173091747170194
"Creagrutus_ungulus",0.193568078408732,0.0178786494741857,0.175689428934547
"Creagrutus_vexillapinnus",0.193637742824447,0.0178276572972078,0.17581008552724
"Creagrutus_pila",0.193644948198906,0.0178376982658368,0.175807249933069
"Creagrutus_changae",0.193644948198906,0.0178376982658368,0.175807249933069
"Creagrutus_manu",0.193651092194274,0.017795248272086,0.175855843922188
"Creagrutus_occidaneus",0.193651092194274,0.017795248272086,0.175855843922188
"Creagrutus_melasma",0.193495103116065,0.0179533051629059,0.175541797953159
"Creagrutus_peruanus",0.193583131996486,0.0179236282272166,0.175659503769269
"Creagrutus_atratus",0.193597706449292,0.0178727194369404,0.175724987012352
"Creagrutus_menezesi",0.193603696135179,0.0178579305193051,0.175745765615874
"Creagrutus_cracentis",0.193614310414141,0.0178485856124184,0.175765724801723
"Creagrutus_bolivari",0.193552406965632,0.0179529428198925,0.175599464145739
"Creagrutus_figueiredoi",0.193568382014239,0.0178752452043445,0.175693136809894
"Creagrutus_gephyrus",0.193688493617728,0.0178488263656993,0.175839667252029
"Creagrutus_pearsoni",0.193679873373215,0.0178547973072066,0.175825076066009
"Creagrutus_maxillaris",0.193596739476704,0.0178773878690114,0.175719351607692
"Creagrutus_phasma",0.193676078005292,0.017961905368074,0.175714172637218
"Creagrutus_taphorni",0.193686527152924,0.0179484619847469,0.175738065168177
"Creagrutus_meridionalis",0.193210916979847,0.0182080442916335,0.175002872688214
"Creagrutus_melanzonus",0.193289648552469,0.0181761426646119,0.175113505887857
"Creagrutus_cochui",0.193768049108171,0.0178637918431396,0.175904257265031
"Creagrutus_muelleri",0.193716735901474,0.0178721709582502,0.175844564943224
"Creagrutus_machadoi",0.193737267594427,0.0178568863706987,0.175880381223728
"Creagrutus_flavescens",0.193676376302684,0.017908144975873,0.175768231326811
"Creagrutus_kunturus",0.193703065672051,0.017934070607919,0.175768995064132
"Creagrutus_paraguayensis",0.193691953939039,0.0180972216046694,0.175594732334369
"Creagrutus_beni",0.193701336675474,0.0179239183675741,0.1757774183079
"Creagrutus_zephyrus",0.19364831715814,0.0179234944361905,0.175724822721949
"Creagrutus_anary",0.193752215698361,0.0178961562015948,0.175856059496766
"Creagrutus_gyrospilus",0.193767311983079,0.0178789307110311,0.175888381272048
"Creagrutus_xiphos",0.193747950829812,0.0179100161291039,0.175837934700709
"Creagrutus_ignotus",0.193753328587079,0.0178614471802225,0.175891881406857
"Creagrutus_petilus",0.193801081890662,0.017872072935753,0.175929008954909
"Creagrutus_britskii",0.193665988035366,0.0179481679461267,0.17571782008924
"Creagrutus_calai",0.193799210662127,0.0179931289708111,0.175806081691316
"Creagrutus_atrisignum",0.193753316122948,0.0178673550964829,0.175885961026465
"Creagrutus_barrigai",0.194465217917836,0.0180038985944207,0.176461319323415
"Creagrutus_seductus",0.19453204073156,0.0180984374568754,0.176433603274685
"Creagrutus_ouranonastes",0.19450457264918,0.0181264131076065,0.176378159541574
"Creagrutus_ortegai",0.194564754446317,0.0181064996680365,0.17645825477828
"Creagrutus_amoenus",0.194555077677466,0.0180364972675366,0.176518580409929
"Creagrutus_magoi",0.194633262867025,0.0181730707991451,0.176460192067879
"Creagrutus_runa",0.194590683862493,0.0181152404379403,0.176475443424552
"Creagrutus_molinus",0.194635670358793,0.0181077983869466,0.176527871971846
"Creagrutus_gracilis",0.194629698620634,0.0180602017490264,0.176569496871608
"Creagrutus_provenzanoi",0.194648970198782,0.0180530116227922,0.176595958575989
"Creagrutus_holmi",0.194648970198782,0.0180530116227922,0.176595958575989
"Creagrutus_saxatilis",0.1946504146984,0.0180530303204549,0.176597384377945
"Creagrutus_planquettei",0.1946342114683,0.0180629951373528,0.176571216330947
"Creagrutus_mucipu",0.194610541615941,0.0181257828676365,0.176484758748304
"Bryconamericus_pachacuti",0.192396907072919,0.0186706442983327,0.173726262774587
"Bryconamericus_subtilisform",0.193484220851105,0.0178329974224422,0.175651223428663
"Rhinobrycon_negrensis",0.193475821664214,0.0178567330554881,0.175619088608726
"Knodus_smithi",0.193176079064323,0.018161925408319,0.175014153656005
"Knodus_heteresthes",0.193426714620259,0.0180057691777228,0.175420945442536
"Knodus_breviceps",0.193469525762026,0.0179274992489639,0.175542026513062
"Knodus_megalops",0.193320830732182,0.0179548274649369,0.175366003267245
"Knodus_hypopterus",0.193398021086411,0.0179113541003575,0.175486666986054
"Knodus_alpha",0.193493583500672,0.0179807142542132,0.175512869246459
"Knodus_moenkhausii",0.193445889552764,0.0178617047462767,0.175584184806487
"Knodus_orteguasae",0.193475156907016,0.0179118336616623,0.175563323245354
"Bryconamericus_ichoensis",0.193521281112596,0.0178478169754981,0.175673464137098
"Knodus_victoriae",0.193528614782907,0.0178663503554506,0.175662264427457
"Knodus_gamma",0.193543425229755,0.0178178691137308,0.175725556116024
"Bryconamericus_osgoodi",0.193512683167141,0.0177952987785227,0.175717384388618
"Bryconamericus_hyphesson",0.193487322266096,0.017795152184347,0.175692170081749
"Knodus_cismontanus",0.193465546392424,0.0178627849927459,0.175602761399678
"Attonitus_irisae",0.193351544648075,0.017936683775773,0.175414860872302
"Attonitus_bounites",0.193357219286787,0.0179508093559505,0.175406409930837
"Attonitus_ephimeros",0.193386907473216,0.0178814530754856,0.17550545439773
"Bryconamericus_tenuis",0.193416568711694,0.0178560840828596,0.175560484628835
"Boehlkea_fredcochui",0.193358301107046,0.0180013323392026,0.175356968767844
"Bryconamericus_guyanensis",0.193578318441886,0.017945534615668,0.175632783826218
"Bryconamericus_motatanensis",0.193588795075716,0.0179320385751731,0.175656756500543
"Ceratobranchia_obtusirostris",0.193518115488435,0.0179593492732108,0.175558766215224
"Ceratobranchia_joanae",0.193539088584249,0.0178241466460392,0.17571494193821
"Ceratobranchia_delotaenia",0.193545008342278,0.0178190028127684,0.17572600552951
"Ceratobranchia_binghami",0.193545008342278,0.0178190028127684,0.17572600552951
"Ceratobranchia_elatior",0.193545008342278,0.0178190028127684,0.17572600552951
"Bryconamericus_diaphanus",0.193631981724761,0.0179780446215423,0.175653937103219
"Bryconamericus_mennii",0.19364048781292,0.0178355603939458,0.175804927418974
"Knodus_septentrionalis",0.19364048781292,0.0178355603939458,0.175804927418974
"Bryconacidnus_ellisae",0.193616105417102,0.0178406552027197,0.175775450214383
"Bryconacidnus_paipayensis",0.193627708580207,0.0178331636841595,0.175794544896047
"Bryconacidnus_hemigrammus",0.193627708580207,0.0178331636841595,0.175794544896047
"Knodus_mizquae",0.193419451605475,0.0178918777476515,0.175527573857823
"Piabina_argentea",0.19342063842733,0.0178600878662617,0.175560550561068
"Piabarchus_torrenticola",0.193423002128263,0.017909697503682,0.175513304624581
"Piabarchus_analis",0.193512642568077,0.017801409935878,0.175711232632199
"Knodus_delta",0.193617641212482,0.0178455425405524,0.175772098671929
"Bryconamericus_turiuba",0.193617641212482,0.0178455425405524,0.175772098671929
"Diapoma_terofali",0.193372150014571,0.0178894502458393,0.175482699768731
"Bryconamericus_exodon",0.193667142174153,0.0178927377211549,0.175774404452998
"Bryconamericus_iheringii",0.193699532949649,0.0178855201296038,0.175814012820045
"Bryconamericus_macrophthalmus",0.193706465477244,0.0179260028666367,0.175780462610607
"Bryconamericus_grosvenori",0.193692186556347,0.0179106442303412,0.175781542326006
"Bryconamericus_bolivianus",0.193686349761016,0.0179028307870216,0.175783518973994
"Knodus_savannensis",0.19370662882362,0.0179027683573253,0.175803860466294
"Bryconamericus_alfredae",0.193595097421394,0.0180027699083815,0.175592327513013
"Hyphessobrycon_reticulatus",0.146373216057596,0.0572107843330096,0.089162431724586
"Thayeria_boehlkei",0.147748430441429,0.0565450481704049,0.0912033822710243
"Thayeria_ifati",0.147748430441429,0.0565450481704049,0.0912033822710243
"Thayeria_obliqua",0.147748430441429,0.0565450481704049,0.0912033822710243
"Astyanax_lineatus",0.147200197558568,0.0561952939469329,0.0910049036116346
"Hyphessobrycon_eos",0.147259427141699,0.056204258730085,0.0910551684116139
"Jupiaba_iasy",0.147366048831392,0.056359469050045,0.0910065797813465
"Astyanax_daguae",0.147392750716949,0.0563513570890401,0.0910413936279084
"Hyphessobrycon_amandae",0.1473829402011,0.0563530450405462,0.0910298951605536
"Bario_steindachneri",0.147179351990752,0.0562426766557193,0.0909366753350326
"Hemigrammus_elegans",0.147179351990752,0.0562426766557193,0.0909366753350326
"Moenkhausia_forestii",0.147243690077965,0.056267106977804,0.0909765831001613
"Hyphessobrycon_minor",0.147214344784831,0.0562529020034258,0.0909614427814055
"Moenkhausia_sanctaefilomenae",0.147133085100501,0.0562322320159243,0.0909008530845767
"Moenkhausia_oligolepis",0.147184064747122,0.0562021989725547,0.0909818657745669
"Hyphessobrycon_loweae",0.147170990494893,0.0562207105961017,0.0909502798987912
"Parecbasis_cyclolepis",0.147527873772802,0.0566196505093626,0.0909082232634398
"Jupiaba_abramoides",0.147527873772802,0.0566196505093626,0.0909082232634398
"Moenkhausia_latissima",0.147527873772802,0.0566196505093626,0.0909082232634398
"Hyphessobrycon_herbertaxelrodi",0.147161857540465,0.0563437675597313,0.0908180899807342
"Hyphessobrycon_loretoensis",0.147105758093533,0.056316240194277,0.0907895178992557
"Hyphessobrycon_agulha",0.147325752809538,0.056337261977929,0.0909884908316087
"Hemigrammus_bleheri",0.147325752809538,0.056337261977929,0.0909884908316087
"Hemigrammus_analis",0.147322738926056,0.0562894837914523,0.091033255134604
"Petitella_georgiae",0.147327694442771,0.0563229797544569,0.0910047146883136
"Hemigrammus_lunatus",0.147131589998776,0.056443424514237,0.0906881654845388
"Jupiaba_meunieri",0.147278313081308,0.0563480618574441,0.0909302512238641
"Hyphessobrycon_igneus",0.147304294555398,0.0563086305016135,0.0909956640537846
"Moenkhausia_heikoi",0.147176088186241,0.0562725398841907,0.0909035483020502
"Moenkhausia_cotinho",0.147208986963952,0.0566583313546319,0.0905506556093204
"Hyphessobrycon_vilmae",0.147313845631037,0.0562585308603187,0.0910553147707184
"Hyphessobrycon_pyrrhonotus",0.14720925781541,0.056344700114162,0.0908645577012483
"Moenkhausia_surinamensis",0.147248045636384,0.0562566927650806,0.090991352871303
"Hemigrammus_barrigonae",0.147258177281325,0.056267897665718,0.090990279615607
"Hyphessobrycon_montagi",0.147268807873133,0.0562670391230359,0.0910017687500966
"Hyphessobrycon_takasei",0.14694356834299,0.0566105981870279,0.0903329701559623
"Hemigrammus_bellottii",0.147107676944247,0.0566365830387839,0.0904710939054636
"Rhoadsia_altipinna",0.147415735299239,0.0566291008854406,0.0907866344137979
"Rhoadsia_minor",0.147415735299239,0.0566291008854406,0.0907866344137979
"Hemigrammus_erythrozonus",0.14699772215871,0.0565695649635558,0.0904281571951538
"Hyphessobrycon_socolofi",0.147346485498215,0.0563286378184489,0.0910178476797661
"Pristella_maxillaris",0.14733127728139,0.0563435568760667,0.0909877204053233
"Hyphessobrycon_haraldschultzi",0.147405438002102,0.0563753681651556,0.0910300698369469
"Hemigrammus_hyanuary",0.147391400951123,0.0563733485676053,0.0910180523835181
"Paracheirodon_innesi",0.147481419035903,0.0566831247947019,0.0907982942412008
"Paracheirodon_simulans",0.147512949498645,0.0566509911469079,0.0908619583517371
"Paracheirodon_axelrodi",0.147512949498645,0.0566509911469079,0.0908619583517371
"Jupiaba_acanthogaster",0.147417660273048,0.0564406193770041,0.090977040896044
"Jupiaba_essequibensis",0.147469602445379,0.0564580162099,0.0910115862354785
"Moenkhausia_shideleri",0.147461513383962,0.056463018009675,0.0909984953742872
"Hyphessobrycon_pulchripinnis",0.14713022233562,0.0565962452265229,0.0905339771090966
"Hyphessobrycon_micropterus",0.1473432604887,0.05634507285032,0.0909981876383797
"Jupiaba_scologaster",0.147315619519308,0.0563521242813911,0.0909634952379165
"Hyphessobrycon_erythrostigma",0.147316601880834,0.0563531128265729,0.0909634890542608
"Hyphessobrycon_rosaceus",0.147364834622447,0.0563654507330846,0.090999383889362
"Hyphessobrycon_bentosi",0.147359798246572,0.0563675891157868,0.0909922091307854
"Hyphessobrycon_megalopterus",0.147318519222264,0.0563491808918148,0.0909693383304495
"Hyphessobrycon_eques",0.147338197218054,0.0563011610942895,0.0910370361237647
"Hyphessobrycon_copelandi",0.147335644306946,0.0563752012968891,0.0909604430100568
"Hyphessobrycon_tropis",0.147353028696445,0.0562998071385339,0.091053221557911
"Moenkhausia_robertsi",0.147353028696445,0.0562998071385339,0.091053221557911
"Moenkhausia_lata",0.147091081022614,0.0569418793045132,0.0901492017181007
"Moenkhausia_loweae",0.147284469804648,0.0565392217404587,0.0907452480641895
"Moenkhausia_costae",0.147335085626392,0.0564472459724297,0.0908878396539626
"Moenkhausia_bonita",0.147345015176878,0.0563246050950394,0.091020410081839
"Hasemania_melanura",0.147405615932638,0.056337219721586,0.0910683962110523
"Moenkhausia_intermedia",0.147405615932638,0.056337219721586,0.0910683962110523
"Hyphessobrycon_roseus",0.147405615932638,0.056337219721586,0.0910683962110523
"Hyphessobrycon_simulatus",0.147348596480819,0.056358878346008,0.0909897181348107
"Moenkhausia_lepidura",0.147348596480819,0.056358878346008,0.0909897181348107
"Moenkhausia_gracilima",0.147284637080618,0.0564844786873403,0.0908001583932773
"Ectrepopterus_uruguayensis",0.147477147100022,0.0563911792847657,0.0910859678152567
"Moenkhausia_dichroura",0.147479876669668,0.0563961673487577,0.0910837093209105
"Hemigrammus_marginatus",0.147364903763045,0.0563170748728171,0.0910478288902283
"Hyphessobrycon_boulengeri",0.147364903763045,0.0563170748728171,0.0910478288902283
"Moenkhausia_lopesi",0.147364903763045,0.0563170748728171,0.0910478288902283
"Moenkhausia_celibela",0.147225919216156,0.0563249902156493,0.0909009290005064
"Moenkhausia_diktyota",0.147261324669837,0.0563804585919773,0.0908808660778598
"Hasemania_hanseni",0.147384254193731,0.0563472086608436,0.0910370455328874
"Hyphessobrycon_diancistrus",0.147374105632752,0.0563425109666804,0.0910315946660715
"Hemigrammus_rodwayi",0.147398543429244,0.0563593937764542,0.0910391496527898
"Hasemania_nana",0.14741027414352,0.0563483641426584,0.0910619100008619
"Hemigrammus_gracilis",0.14741027414352,0.0563483641426584,0.0910619100008619
"Bryconella_pallidifrons",0.147191690980912,0.0565035253436333,0.0906881656372786
"Moenkhausia_comma",0.147165048028004,0.056571072786203,0.0905939752418006
"Hemigrammus_unilineatus",0.147404747731502,0.0563923667198363,0.0910123810116653
"Moenkhausia_hemigrammoides",0.14737826684825,0.056411385906188,0.0909668809420616
"Hemigrammus_ulreyi",0.147315791423884,0.0564527466448456,0.0908630447790381
"Hyphessobrycon_heliacus",0.147322880862704,0.056304787362256,0.0910180935004483
"Moenkhausia_copei",0.147335062750394,0.056309448385878,0.091025614364516
"Jupiaba_maroniensis",0.14742410208444,0.0563553575384839,0.0910687445459558
"Moenkhausia_collettii",0.147430248418089,0.0563583765736045,0.0910718718444844
"Moenkhausia_melogramma",0.147311273225518,0.0563754925734796,0.0909357806520389
"Astyanax_symmetricus",0.147402941807187,0.0563926318154493,0.091010309991738
"Stichonodon_insignis",0.147448955537077,0.0563500525516073,0.0910989029854694
"Moenkhausia_agnesae",0.147448955537077,0.0563500525516073,0.0910989029854694
"Moenkhausia_grandisquamis",0.147448955537077,0.0563500525516073,0.0910989029854694
"Gymnocorymbus_bondi",0.147401926323641,0.0564389357962017,0.0909629905274389
"Gymnocorymbus_thayeri",0.14742434977317,0.056403263130285,0.0910210866428846
"Gymnocorymbus_ternetzi",0.147391423051443,0.0564005444201237,0.0909908786313191
"Hyphessobrycon_coelestinus",0.147420214047019,0.0564274213642557,0.0909927926827634
"Poptella_brevispina",0.147422187473513,0.0564313395207362,0.0909908479527764
"Orthospinus_franciscensis",0.147417301830631,0.0566336015404837,0.0907837002901469
"Stethaprion_erythrops",0.147509110188703,0.0564433943213861,0.0910657158673172
"Stethaprion_crenatum",0.147509110188703,0.0564433943213861,0.0910657158673172
"Moenkhausia_dorsinuda",0.147493406569886,0.0564262722491451,0.0910671343207404
"Jupiaba_ocellata",0.147486002382275,0.0564348103943769,0.0910511919878977
"Poptella_compressa",0.147509180631683,0.0564885023366342,0.0910206782950486
"Brachychalcinus_nummus",0.14755687504626,0.0564128984483702,0.09114397659789
"Brachychalcinus_copei",0.14755687504626,0.0564128984483702,0.09114397659789
"Brachychalcinus_orbicularis",0.147548066586921,0.0564246385933521,0.0911234279935687
"Poptella_longipinnis",0.147581994869946,0.0564175301194113,0.0911644647505351
"Hemigrammus_stictus",0.147574163436734,0.0564065059099375,0.0911676575267967
"Probolodus_heterostomus",0.147166708920487,0.0566378113310099,0.090528897589477
"Hemigrammus_arua",0.147437750288843,0.0566686013213861,0.0907691489674571
"Stygichthys_typhlops",0.147461953590821,0.0565746959708049,0.0908872576200157
"Coptobrycon_bilineatus",0.147387939558134,0.056496197650095,0.0908917419080387
"Astyanax_leopoldi",0.147369710932785,0.0565420681516573,0.0908276427811276
"Jupiaba_polylepis",0.147201831936403,0.0567550657718298,0.0904467661645732
"Moenkhausia_chrysargyrea",0.147343801534903,0.0566052005238608,0.0907386010110424
"Jupiaba_anteroides",0.147354933068362,0.0567511557144619,0.0906037773539
"Hollandichthys_multifasciatus",0.14723310408372,0.0565877912250231,0.0906453128586969
"Hyphessobrycon_flammeus",0.147330686197302,0.0565196155332346,0.0908110706640675
"Hemigrammus_coeruleus",0.163185665071775,0.066447144383852,0.0967385206879225
"Moenkhausia_megalops",0.163151917888288,0.0664140685908261,0.0967378492974622
"Astyanax_validus",0.163387384368413,0.0665139811467567,0.096873403221656
"Moenkhausia_pyrophthalma",0.163460098190258,0.0664355736285714,0.0970245245616864
"Hyphessobrycon_sweglesi",0.163390279853673,0.0664419843222347,0.0969482955314381
"Moenkhausia_naponis",0.169629803387539,0.0679212530675166,0.101708550320022
"Hyphessobrycon_metae",0.170961885372795,0.0681331758007999,0.102828709571995
"Moenkhausia_simulata",0.171010083439653,0.0682285378930384,0.102781545546614
"Astyanax_multidens",0.171006919522701,0.0681272172331209,0.10287970228958
"Moenkhausia_ceros",0.171006919522701,0.0681272172331209,0.10287970228958
"Hyphessobrycon_stegemanni",0.171068500898412,0.0681960110726409,0.102872489825771
"Parapristella_georgiae",0.177592869322254,0.0686709068412448,0.10892196248101
"Parapristella_aubynei",0.177614781559352,0.0686865573474316,0.10892822421192
"Hemigrammus_levis",0.177881073517282,0.0686898089572303,0.109191264560052
"Jupiaba_atypindi",0.17789784896533,0.0686957634254218,0.109202085539908
"Astyanax_intermedius",0.1778642558899,0.0687219858976128,0.109142269992287
"Jupiaba_yarina",0.17789784896533,0.0686957634254218,0.109202085539908
"Jupiaba_pirana",0.177920043334139,0.0686840702008249,0.109235973133314
"Moenkhausia_inrai",0.17790081989233,0.0687110123893013,0.109189807503028
"Hyphessobrycon_poecilioides",0.177924956258589,0.0687677056126484,0.109157250645941
"Astyanax_festae",0.17794469874938,0.0686962231192101,0.109248475630169
"Brittanichthys_myersi",0.177931889909671,0.0686896632054493,0.109242226704222
"Brittanichthys_axelrodi",0.177931889909671,0.0686896632054493,0.109242226704222
"Astyanax_scabripinnis",0.17794469874938,0.0686962231192101,0.109248475630169
"Astyanax_taeniatus",0.17793174019691,0.0686988698758655,0.109232870321044
"Astyanax_janeiroensis",0.177899649100209,0.068696196247569,0.10920345285264
"Hemigrammus_micropterus",0.17794469874938,0.0686962231192101,0.109248475630169
"Hyphessobrycon_luetkenii",0.177919583745466,0.0686896061738283,0.109229977571638
"Astyanax_villwocki",0.163404106203648,0.0664416793353581,0.0969624268682899
"Jupiaba_potaroensis",0.163435984854899,0.066430193583577,0.0970057912713216
"Astyanax_bopiensis",0.163435984854899,0.066430193583577,0.0970057912713216
"Jupiaba_asymmetrica",0.163547291503578,0.0664432601627547,0.0971040313408236
"Hyphessobrycon_moniliger",0.163547291503578,0.0664432601627547,0.0971040313408236
"Astyanax_dnophos",0.163547291503578,0.0664432601627547,0.0971040313408236
"Hyphessobrycon_elachys",0.163547291503578,0.0664432601627547,0.0971040313408236
"Inpaichthys_kerri",0.162952616981087,0.0663510137848019,0.0966016031962849
"Hemigrammus_rhodostomus",0.163016320136576,0.0662386340335208,0.0967776861030554
"Hyphessobrycon_peruvianus",0.163054650900548,0.0662670253783527,0.0967876255221954
"Nematobrycon_lacortei",0.163340230736653,0.066496122715673,0.0968441080209801
"Nematobrycon_palmeri",0.163340230736653,0.066496122715673,0.0968441080209801
"Jupiaba_apenima",0.163340230736653,0.066496122715673,0.0968441080209801
"Hyphessobrycon_saizi",0.163340230736653,0.066496122715673,0.0968441080209801
"Pseudochalceus_kyburzi",0.163029786664857,0.0662419332873641,0.0967878533774933
"Pseudochalceus_lineatus",0.163012431929369,0.0663028301065117,0.0967096018228572
"Hemigrammus_luelingi",0.163159177942076,0.0662804453171104,0.0968787326249658
"Hyphessobrycon_meridionalis",0.163159177942076,0.0662804453171104,0.0968787326249658
"Moenkhausia_jamesi",0.163257148116488,0.0662921650471441,0.0969649830693439
"Hyphessobrycon_sovichthys",0.163256954832192,0.0662771049471566,0.0969798498850349
"Hemigrammus_pulcher",0.163321925940015,0.0663179841935008,0.097003941746514
"Astyanax_alleni",0.16333724370854,0.0663292749271591,0.0970079687813804
"Hemigrammus_ocellifer",0.163326535865637,0.0664269756008249,0.0968995602648118
"Moenkhausia_phaeonota",0.16333724370854,0.0663292749271591,0.0970079687813804
"Hyphessobrycon_epicharis",0.16333724370854,0.0663292749271591,0.0970079687813804
"Hemigrammus_guyanensis",0.163432401317159,0.0664132681672416,0.0970191331499179
"Hemigrammus_vorderwinkleri",0.163365951449306,0.06635535164007,0.0970105998092363
"Hemigrammus_melanochrous",0.163350173090957,0.0663452453658543,0.0970049277251023
"Ctenobrycon_hauxwellianus",0.163572103420383,0.0664782561432571,0.0970938472771255
"Psellogrammus_kennedyi",0.163561427997369,0.066440882903662,0.0971205450937067
"Astyanax_magdalenae",0.163579257502919,0.0663917972893638,0.0971874602135557
"Parastremma_sadina",0.163590335275629,0.0663914857908011,0.097198849484828
"Astyanax_megaspilura",0.163568623797121,0.0663726776043245,0.0971959461927967
"Ctenobrycon_spilurus",0.163566437261118,0.0663794984517185,0.0971869388093999
"Moenkhausia_barbouri",0.163589534657933,0.0663831658807899,0.0972063687771434
"Astyanax_venezuelae",0.164424892592261,0.0668297136844394,0.0975951789078214
"Grundulus_bogotensis",0.164437516796308,0.0668054739419073,0.0976320428544011
"Astyanax_guaporensis",0.166315433264845,0.0672689840916385,0.0990464491732066
"Jupiaba_poranga",0.166319303645877,0.0672695632817398,0.0990497403641375
"Hyphessobrycon_borealis",0.166295759250475,0.0672591938904137,0.0990365653600613
"Hemigrammus_ora",0.166295759250475,0.0672591938904137,0.0990365653600613
"Astyanax_goyacensis",0.166336291469583,0.0672657647190601,0.0990705267505229
"Hyphessobrycon_heterorhabdus",0.166348716628077,0.0673201092009999,0.0990286074270774
"Astyanax_argyrimarginatus",0.166348716628077,0.0673201092009999,0.0990286074270774
"Hyphessobrycon_amapaensis",0.166320524215147,0.0672796668675416,0.0990408573476051
"Astyanax_lacustris",0.166356149494389,0.0672883248365454,0.0990678246578436
"Hyphessobrycon_minimus",0.166360156555809,0.0672586184998375,0.0991015380559712
"Astyanax_bimaculatus",0.1663737507614,0.0672655383973503,0.09910821236405
"Astyanax_maximus",0.1663737507614,0.0672655383973503,0.09910821236405
"Hemigrammus_mimus",0.1663737507614,0.0672655383973503,0.09910821236405
"Astyanax_abramis",0.1663737507614,0.0672655383973503,0.09910821236405
"Astyanax_microlepis",0.16609638690848,0.0673116589501562,0.0987847279583235
"Hemigrammus_boesemani",0.166189013481256,0.067265610288364,0.0989234031928923
"Hyphessobrycon_anisitsi",0.166180329637865,0.0672664542578678,0.0989138753799968
"Moenkhausia_browni",0.166180329637865,0.0672664542578678,0.0989138753799968
"Gymnocharacinus_bergii",0.165931740482502,0.0674594937474316,0.0984722467350708
"Hemigrammus_schmardae",0.166250392667393,0.0673385340046494,0.0989118586627439
"Astyanax_scintillans",0.16626528794028,0.0673332473154856,0.0989320406247948
"Hyphessobrycon_procerus",0.166295082525974,0.067340172776053,0.0989549097499208
"Hyphessobrycon_bifasciatus",0.16626528794028,0.0673332473154856,0.0989320406247948
"Moenkhausia_moisae",0.16626528794028,0.0673332473154856,0.0989320406247948
"Astyanax_guianensis",0.166164926026514,0.0673118757315586,0.0988530502949556
"Moenkhausia_nigromarginata",0.166177719817167,0.0673150395735783,0.0988626802435885
"Oligosarcus_jenynsii",0.166242151087328,0.0673277716869391,0.0989143794003887
"Oligosarcus_schindleri",0.166242151087328,0.0673277716869391,0.0989143794003887
"Oligosarcus_pintoi",0.166306345970641,0.0673652264988377,0.0989411194718036
"Oligosarcus_paranensis",0.166306345970641,0.0673652264988377,0.0989411194718036
"Oligosarcus_brevioris",0.166321205323989,0.0673721299734033,0.098949075350586
"Oligosarcus_bolivianus",0.166243672439838,0.0673105677749281,0.0989331046649103
"Oligosarcus_hepsetus",0.166242834440757,0.0673070707745532,0.0989357636662039
"Oligosarcus_acutirostris",0.166242834440757,0.0673070707745532,0.0989357636662039
"Astyanax_brachypterygium",0.166178705348067,0.0673219522344957,0.0988567531135709
"Hemigrammus_neptunus",0.166172775590745,0.0672961122693663,0.0988766633213784
"Astyanax_integer",0.166148933917996,0.0673204459554056,0.0988284879625907
"Astyanax_brevirhinus",0.166148933917996,0.0673204459554056,0.0988284879625907
"Hasemania_crenuchoides",0.166128434660572,0.0673025275799525,0.0988259070806198
"Hemigrammus_cupreus",0.166151719105926,0.0672983808307961,0.0988533382751302
"Astyanax_biotae",0.166172775590745,0.0672961122693663,0.0988766633213784
"Jupiaba_keithi",0.166168970873809,0.0673031577711786,0.0988658131026304
"Hemigrammus_matei",0.166170712530023,0.0672907065900762,0.098880005939947
"Moenkhausia_eigenmanni",0.166170712530023,0.0672907065900762,0.098880005939947
"Electrophorus_electricus",0.0633346145946685,0.00850564541159105,0.0548289691830775
"Gymnotus_jonasi",0.066578512250816,0.008204671598024,0.058373840652792
"Gymnotus_coatesi",0.0665094486455755,0.0081461489572291,0.0583632996883464
"Gymnotus_javari",0.0665043739521949,0.00815479652753281,0.0583495774246621
"Gymnotus_stenoleucus",0.0664567713325765,0.00817973925024247,0.058277032082334
"Gymnotus_coropinae",0.0665694674080392,0.00815972608658793,0.0584097413214512
"Gymnotus_pantherinus",0.0668493123628767,0.00859335222817023,0.0582559601347065
"Gymnotus_anguillaris",0.0668721308755617,0.00853818321518435,0.0583339476603773
"Gymnotus_melanopleura",0.0668989877526042,0.00852374215461692,0.0583752455979873
"Gymnotus_cataniapo",0.0669779851168562,0.00854952271965879,0.0584284623971974
"Gymnotus_pedanopterus",0.0669309728998696,0.00852109900146107,0.0584098738984085
"Gymnotus_inaequilabiatus",0.0677996583590684,0.00910599782753281,0.0586936605315356
"Gymnotus_curupira",0.0810194689969891,0.0133229620907824,0.0676965069062067
"Gymnotus_pantanal",0.0809960110635889,0.0132978543380015,0.0676981567255874
"Gymnotus_mamiraua",0.0842583652447887,0.014230118829815,0.0700282464149737
"Gymnotus_bahianus",0.0848290126035763,0.0143182033857955,0.0705108092177808
"Gymnotus_ucamara",0.0848323189468741,0.0143118183621735,0.0705205005847006
"Gymnotus_arapaima",0.0848323189468741,0.0143118183621735,0.0705205005847006
"Gymnotus_onca",0.0848675774664992,0.0143005236577615,0.0705670538087377
"Gymnotus_carapo",0.0847582100899886,0.0142915737077553,0.0704666363822333
"Gymnotus_sylvius",0.0847405496588663,0.0142940116917573,0.070446537967109
"Steatogenys_elegans",0.0634472474933596,0.00635046815608549,0.0570967793372741
"Steatogenys_duidae",0.063457433287566,0.00643559021132858,0.0570218430762374
"Hypopygus_lepturus",0.0635591728890686,0.00678099670201725,0.0567781761870514
"Gymnorhamphichthys_rosamariae",0.0634371694614162,0.00617881678902512,0.0572583526723911
"Gymnorhamphichthys_hypostomus",0.0634853307521592,0.0061944999799825,0.0572908307721767
"Gymnorhamphichthys_rondoni",0.0635710604322648,0.00638003999985502,0.0571910204324098
"Iracema_caiana",0.0634954120570461,0.00641099656895888,0.0570844154880873
"Rhamphichthys_drepanium",0.0636221055143883,0.00636948929249344,0.0572526162218948
"Rhamphichthys_hahni",0.0636154270264404,0.00638350578043245,0.057231921246008
"Rhamphichthys_rostratus",0.0635059540075985,0.00633932705864767,0.0571666269489508
"Hypopomus_artedi",0.0634807330995554,0.00669442672890139,0.056786306370654
"Racenisia_fimbriipinna",0.063428573854628,0.00641404361130359,0.0570145302433244
"Microsternarchus_bilineatus",0.0634850690219355,0.00639457013168854,0.057090498890247
"Brachyhypopomus_brevirostris",0.0634508062168409,0.00644598110115486,0.057004825115686
"Brachyhypopomus_occidentalis",0.0635028077789415,0.00649903238545682,0.0570037753934847
"Brachyhypopomus_walteri",0.0634676003115303,0.00629204706837145,0.0571755532431589
"Brachyhypopomus_gauderio",0.063750904869256,0.00644288257930759,0.0573080222899485
"Brachyhypopomus_pinnicaudatus",0.0637526281156276,0.0064992580823697,0.0572533700332579
"Brachyhypopomus_beebei",0.0634666444267081,0.00615857056968379,0.0573080738570243
"Sternopygus_macrurus",0.063906663417375,0.00650840962018373,0.0573982537971913
"Sternopygus_xingu",0.0639401198281692,0.00653685389602425,0.0574032659321449
"Sternopygus_obtusirostris",0.0639288068515948,0.00642281875291714,0.0575059880986777
"Sternopygus_arenatus",0.0639862874019962,0.00646379207787652,0.0575224953241197
"Sternopygus_aequilabiatus",0.0639564935726877,0.00645373797351456,0.0575027555991731
"Japigny_kirschbaum",0.0640802990060136,0.00672909923664417,0.0573511997693694
"Rhabdolichops_stewarti",0.0673659061249995,0.00844655118910011,0.0589193549358994
"Rhabdolichops_lundbergi",0.0679120842095608,0.00863040064371829,0.0592816835658425
"Rhabdolichops_troscheli",0.070938474142986,0.00960193542248344,0.0613365387205025
"Rhabdolichops_caviceps",0.0709873231159648,0.00959176187292713,0.0613955612430377
"Rhabdolichops_eastwardi",0.0709885275648671,0.00960657363395701,0.0613819539309101
"Rhabdolichops_jegui",0.0709388023585171,0.00955735214826772,0.0613814502102494
"Rhabdolichops_zareti",0.070939648545751,0.00954003328687539,0.0613996152588756
"Rhabdolichops_electrogrammus",0.070939648545751,0.00954003328687539,0.0613996152588756
"Distocyclus_conirostris",0.0642708443349012,0.00673124056655293,0.0575396037683483
"Archolaemus_blax",0.0643998364410264,0.00681837479714911,0.0575814616438773
"Eigenmannia_virescens",0.0643614774944175,0.00679990829013748,0.05756156920428
"Eigenmannia_guairaca",0.0643863260459265,0.00665311857872641,0.0577332074672001
"Eigenmannia_vicentespelaea",0.0643734467802934,0.00660936338562555,0.0577640833946679
"Eigenmannia_macrops",0.0643657318630213,0.00661066870496063,0.0577550631580607
"Eigenmannia_trilineata",0.0643500730544307,0.00658017471384702,0.0577698983405837
"Eigenmannia_limbata",0.0643036985846826,0.00661301001024747,0.0576906885744351
"Eigenmannia_humboldtii",0.0643407505937326,0.00663835581928384,0.0577023947744488
"Sternarchorhamphus_muelleri",0.068346694833451,0.00823604727463317,0.0601106475588179
"Orthosternarchus_tamandua",0.0683090955899641,0.00814681356609674,0.0601622820238674
"Adontosternarchus_balaenops",0.072246499132427,0.00908748334102487,0.0631590157914021
"Adontosternarchus_devenanzii",0.0722262591317765,0.00895967149625547,0.063266587635521
"Adontosternarchus_clarkae",0.072217439162169,0.00894086066760905,0.06327657849456
"Adontosternarchus_sachsi",0.0722564875276998,0.00903890844788651,0.0632175790798133
"Parapteronotus_hasemani",0.0726609263582711,0.00934046627947007,0.063320460078801
"Apteronotus_albifrons",0.072581640330819,0.00921961005074866,0.0633620302800704
"Megadontognathus_kaitukaensis",0.0726115569680667,0.00922326013568804,0.0633882968323786
"Apteronotus_macrostomus",0.072547739161242,0.00919444282765154,0.0633532963335904
"Apteronotus_mariae",0.0725577480737159,0.00917364204812398,0.0633841060255919
"Apteronotus_magdalenensis",0.0725701380068949,0.00933428598738158,0.0632358520195133
"Apteronotus_leptorhynchus",0.0725846760320514,0.00930071787627047,0.0632839581557809
"Apteronotus_rostratus",0.072758707449581,0.00929780347478315,0.0634609039747979
"Porotergus_gymnotus",0.0733282977744716,0.00937996455932258,0.063948333215149
"Porotergus_gimbeli",0.0733611735725135,0.00943758303701287,0.0639235905355006
"Apteronotus_bonapartii",0.0734099463425681,0.00934632415162355,0.0640636221909445
"Apteronotus_ellisi",0.0734240057562889,0.00935019192140232,0.0640738138348866
"Sternarchogiton_nattereri",0.0732438348940582,0.00934684338234471,0.0638969915117135
"Sternarchogiton_porcinum",0.0731980196804543,0.00929331251032871,0.0639047071701256
"Sternarchella_schotti",0.0732564743776846,0.00929888349070616,0.0639575908869785
"Sternarchella_orthos",0.0731611254384212,0.00928379840571679,0.0638773270327044
"Sternarchorhynchus_oxyrhynchus",0.0731156356479352,0.00931646988499438,0.0637991657629408
"Sternarchorhynchus_mormyrus",0.0732923954596089,0.00939578637209599,0.0638966090875129
"Sternarchorhynchus_mesensis",0.0733336778809834,0.00940116268955631,0.0639325151914271
"Sternarchorhynchus_stewarti",0.0733572073998419,0.00939833744508686,0.063958869954755
"Sternarchorhynchus_britskii",0.0733572073998419,0.00939833744508686,0.063958869954755
"Sternarchorhynchus_roseni",0.0733842755381405,0.00940276418361955,0.063981511354521
"Sternarchorhynchus_curvirostris",0.073428600782581,0.00941411998064492,0.0640144808019361
"Diplomystes_mesembrinus",0.0768419307605286,0.0258507604591026,0.050991170301426
"Diplomystes_camposensis",0.0769069296854649,0.0259979398907987,0.0509089897946662
"Diplomystes_chilensis",0.0768707494448552,0.0258850432153831,0.0509857062294721
"Diplomystes_nahuelbutaensis",0.0768892881649534,0.0258838708619273,0.0510054173030261
"Helogenes_marmoratus",0.0637449255623959,0.00604696040426447,0.0576979651581314
"Helogenes_gouldingi",0.063901771357929,0.00614610302756155,0.0577556683303675
"Helogenes_castaneus",0.063901771357929,0.00614610302756155,0.0577556683303675
"Denticetopsis_praecox",0.0642947468417802,0.00607206489115361,0.0582226819506266
"Denticetopsis_sauli",0.0643595582251913,0.00604766685753281,0.0583118913676585
"Denticetopsis_macilenta",0.0643454116864459,0.00603112734109736,0.0583142843453485
"Denticetopsis_royeroi",0.064343947251159,0.00603856231672541,0.0583053849344336
"Cetopsidium_morenoi",0.0636809634616255,0.00574327255737033,0.0579376909042552
"Cetopsidium_minutum",0.0636799476574827,0.00575036143701037,0.0579295862204723
"Paracetopsis_bleekeri",0.0636488310456759,0.00651316452087489,0.057135666524801
"Cetopsis_gobioides",0.0634128560817711,0.00557749551375078,0.0578353605680203
"Cetopsis_candiru",0.0637428096263056,0.00596233529935258,0.057780474326953
"Cetopsis_coecutiens",0.0637457846885984,0.00596093445320835,0.0577848502353901
"Cetopsis_montana",0.063582181818183,0.00582089659459068,0.0577612852235923
"Cetopsis_baudoensis",0.0634744511650574,0.00553603219579053,0.0579384189692669
"Cetopsis_oliveirai",0.0635082185724122,0.00554346959461567,0.0579647489777965
"Cetopsis_orinoco",0.0635067911709693,0.00549850434227222,0.058008286828697
"Cetopsis_amphiloxa",0.0634620413421599,0.00560409009955256,0.0578579512426074
"Cetopsis_othonops",0.063495272885014,0.00558694272122485,0.0579083301637891
"Cetopsis_plumbea",0.0638698127698565,0.00578368642086239,0.0580861263489941
"Cetopsis_parma",0.0638698127698565,0.00578368642086239,0.0580861263489941
"Pseudobunocephalus_iheringii",0.063540383138328,0.0058672690640195,0.0576731140743085
"Pseudobunocephalus_bifidus",0.0634815061489899,0.00559492495365829,0.0578865811953316
"Pseudobunocephalus_rugosus",0.0635229880259143,0.00565308967581802,0.0578698983500963
"Pseudobunocephalus_amazonicus",0.0635304236155979,0.00558535113826022,0.0579450724773377
"Ernstichthys_intonsus",0.0635667666617142,0.00591675572581177,0.0576500109359025
"Dupouyichthys_sapito",0.0633935572816199,0.00566917322724909,0.0577243840543708
"Micromyzon_akamai",0.0635944758081642,0.00568386175912011,0.057910614049044
"Hoplomyzon_papillatus",0.063494105779076,0.00563933191366329,0.0578547738654127
"Hoplomyzon_sexpapilostoma",0.0634378840805238,0.0057475478351731,0.0576903362453507
"Bunocephalus_chamaizelus",0.0633290096670151,0.00600633938497938,0.0573226702820358
"Platystacus_cotylephorus",0.0634647534737069,0.00583822315215848,0.0576265303215484
"Aspredinichthys_filamentosus",0.0635048736844742,0.00574877286991876,0.0577561008145554
"Xyliphius_barbatus",0.0637488111178054,0.00576457564879015,0.0579842354690152
"Xyliphius_lepturus",0.0637488111178054,0.00576457564879015,0.0579842354690152
"Xyliphius_magdalenae",0.0634977643712605,0.0056499581583827,0.0578478062128778
"Pterobunocephalus_depressus",0.063435178859756,0.00599997846581927,0.0574352003939367
"Bunocephalus_colombianus",0.0634124570680251,0.00566833937435571,0.0577441176936694
"Bunocephalus_verrucosus",0.0634648471522889,0.00567276018375453,0.0577920869685343
"Bunocephalus_knerii",0.0636433338936484,0.00559786283383577,0.0580454710598127
"Bunocephalus_coracoideus",0.06368883397622,0.00566392266510686,0.0580249113111131
"Amaralia_oviraptor",0.0634407208614155,0.00565639072693663,0.0577843301344789
"Bunocephalus_doriae",0.0634804955025082,0.00566475399590301,0.0578157415066052
"Bunocephalus_aleuropsis",0.0634478352771334,0.00555439812501187,0.0578934371521216
"Bunocephalus_amaurus",0.0634540751078853,0.00565055915113361,0.0578035159567517
"Anadoras_grypus",0.131198361903562,0.0379870841986127,0.0932112777049495
"Anadoras_regani",0.131236054429372,0.0380460066208099,0.093190047808562
"Anadoras_weddellii",0.131169016083146,0.0380298402941007,0.0931391757890448
"Amblydoras_gonzalezi",0.130957047768636,0.038144725291851,0.0928123224767845
"Scorpiodoras_heckelii",0.131010213346192,0.0380687263707162,0.0929414869754758
"Physopyxis_lyra",0.131115711787029,0.038181985204362,0.0929337265826669
"Astrodoras_asterifrons",0.131059253968214,0.037906516924022,0.0931527370441924
"Hypodoras_forficulatus",0.131090733123535,0.0379209054980752,0.09316982762546
"Amblydoras_monitor",0.131114107518196,0.0379418824355831,0.0931722250826129
"Amblydoras_nauticus",0.131196099792699,0.0378906217957005,0.0933054779969983
"Amblydoras_affinis",0.131227822868978,0.0378984164088739,0.0933294064601043
"Acanthodoras_spinosissimus",0.131234414612866,0.0381545450393701,0.0930798695734955
"Acanthodoras_cataphractus",0.131236458311205,0.038157837247844,0.0930786210633614
"Wertheimeria_maculata",0.131789655580069,0.0386467081893163,0.0931429473907526
"Rhynchodoras_xingui",0.137372510933645,0.0384712980868916,0.0989012128467533
"Rhynchodoras_woodsi",0.137365944334005,0.0384698268832921,0.0988961174507133
"Orinocodoras_eigenmanni",0.137283249417315,0.0383599387580577,0.0989233106592577
"Rhinodoras_dorbignyi",0.137253786711243,0.0383780548385477,0.0988757318726954
"Rhinodoras_boehlkei",0.137285038614191,0.0383955784131009,0.0988894602010902
"Oxydoras_kneri",0.137788945862046,0.0385307762268741,0.0992581696351717
"Oxydoras_niger",0.137789265176385,0.0385046950307737,0.0992845701456112
"Oxydoras_sifontesi",0.137790174721948,0.0384993069980277,0.0992908677239198
"Agamyxis_pectinifrons",0.137673355242497,0.0384382916980652,0.0992350635444318
"Agamyxis_albomaculatus",0.13767583965104,0.0384389731691314,0.0992368664819089
"Pterodoras_granulosus",0.137775535409031,0.0384528759425347,0.0993226594664963
"Pterodoras_rivasi",0.137683287560301,0.0384447856413223,0.0992385019189787
"Ossancora_eigenmanni",0.13764938290357,0.0385499936253243,0.0990993892782455
"Centrochir_crocodili",0.137700159294274,0.0384580855338358,0.0992420737604381
"Platydoras_costatus",0.137739706875175,0.0384268646501962,0.099312842224979
"Platydoras_armatulus",0.137739706875175,0.0384268646501962,0.099312842224979
"Centrodoras_hasemani",0.137660642571329,0.0385230234753431,0.0991376190959858
"Centrodoras_brachiatus",0.137666116732,0.0384521410631446,0.0992139756688558
"Lithodoras_dorsalis",0.13770861673366,0.0384035511843795,0.0993050655492809
"Megalodoras_uranoscopus",0.137716795788488,0.0383993005444594,0.0993174952440287
"Ossancora_punctata",0.137798080995514,0.0385352579567829,0.0992628230387312
"Doras_carinatus",0.137846838192972,0.0384239400407724,0.0994228981521998
"Doras_higuchii",0.137804916432755,0.0384227870223997,0.0993821294103549
"Doras_micropoeus",0.137850498428629,0.0384416930054018,0.0994088054232272
"Trachydoras_nattereri",0.137853362742035,0.0384324880401475,0.0994208747018873
"Trachydoras_steindachneri",0.137869389990987,0.0384537776711936,0.0994156123197933
"Trachydoras_brevis",0.137819539154043,0.0384252085375853,0.0993943306164573
"Trachydoras_paraguayensis",0.137805899851823,0.0384221853217373,0.0993837145300853
"Leptodoras_myersi",0.137765457962554,0.0384231891908786,0.0993422687716757
"Anduzedoras_oxyrhynchus",0.137819335102213,0.0384039167711811,0.0994154183310321
"Leptodoras_juruensis",0.137828541814387,0.0384423204394726,0.0993862213749141
"Leptodoras_linnelli",0.137835111979108,0.038447289068394,0.0993878229107142
"Leptodoras_acipenserinus",0.137828541814387,0.0384423204394726,0.0993862213749141
"Leptodoras_hasemani",0.137810432405452,0.0384203786296988,0.0993900537757532
"Leptodoras_copei",0.137824639309909,0.0384724578447969,0.0993521814651121
"Leptodoras_praelongus",0.137816774771489,0.0384531624979653,0.0993636122735236
"Hassar_gabiru",0.137783618103363,0.0385304329011649,0.0992531852021977
"Hassar_orestis",0.137829452099603,0.0384314130967654,0.0993980390028373
"Hassar_wilderi",0.137829452099603,0.0384314130967654,0.0993980390028373
"Hemidoras_stenopeltis",0.137771027347027,0.0384589990408974,0.0993120283061294
"Ossancora_fimbriata",0.137806570271423,0.0384688869386602,0.0993376833327624
"Tenellus_ternetzi",0.13780433053416,0.0384093077498088,0.0993950227843513
"Nemadoras_humeralis",0.137777307022667,0.0384325244502212,0.0993447825724459
"Tenellus_trimaculatus",0.137794157176845,0.0384302272448719,0.0993639299319728
"Tenellus_leporhinus",0.137743995305822,0.0384429205763305,0.0993010747294919
"Ossancora_asterophysa",0.137798814774877,0.0384369640702687,0.099361850704608
"Nemadoras_elongatus",0.137820018864192,0.0384038604207249,0.0994161584434671
"Nemadoras_hemipeltis",0.137813706471988,0.038400426163757,0.099413280308231
"Entomocorus_gameroi",0.135280886851011,0.0419445275497438,0.0933363593012671
"Entomocorus_benjamini",0.135242924637621,0.0418864026483565,0.0933565219892641
"Gelanoglanis_stroudi",0.135227710016804,0.0414704905591176,0.0937572194576867
"Gelanoglanis_nanonocticolus",0.135183935501266,0.0414887683256468,0.0936951671756188
"Tatia_gyrina",0.135206241925967,0.0414867853678915,0.0937194565580758
"Pseudotatia_parva",0.135247537379812,0.0414066818987002,0.0938408554811117
"Tatia_strigata",0.135259767441314,0.0414173686487314,0.0938423987925825
"Tatia_dunni",0.135234335612617,0.041489440475878,0.093744895136739
"Centromochlus_existimatus",0.135369287116302,0.0415103060556805,0.0938589810606214
"Centromochlus_heckelii",0.135361054361151,0.041484178004187,0.0938768763569644
"Tatia_concolor",0.135360294172795,0.0414837034510061,0.0938765907217888
"Glanidium_ribeiroi",0.135205070270665,0.0415223126494813,0.0936827576211842
"Glanidium_melanopterum",0.13524870211703,0.0413815785724909,0.0938671235445392
"Glanidium_albescens",0.135238016781761,0.0414017304447569,0.0938362863370044
"Tatia_musaica",0.135449144334555,0.0414863311214223,0.0939628132131332
"Tatia_galaxias",0.135449144334555,0.0414863311214223,0.0939628132131332
"Tatia_neivai",0.135714626919844,0.0416448051466692,0.0940698217731749
"Tatia_reticulata",0.135819844055968,0.0415716423857643,0.0942482016702041
"Tatia_brunnea",0.135819844055968,0.0415716423857643,0.0942482016702041
"Tatia_intermedia",0.135819844055968,0.0415716423857643,0.0942482016702041
"Tatia_altae",0.135881687771946,0.0415961913083989,0.0942854964635468
"Tatia_aulopygia",0.135881687771946,0.0415961913083989,0.0942854964635468
"Tatia_boemia",0.135866989191479,0.0416146139580677,0.0942523752334114
"Tetranematichthys_quadrifilis",0.134612985495991,0.0422862130493063,0.0923267724466847
"Epapterus_blohmi",0.147499586070527,0.0529096074418448,0.0945899786286824
"Epapterus_dispilurus",0.1475000221871,0.0529312267531808,0.0945687954339194
"Auchenipterus_nigripinnis",0.152932976155935,0.0556196634974628,0.097313312658472
"Auchenipterus_brevior",0.152932976155935,0.0556196634974628,0.097313312658472
"Auchenipterus_demerarae",0.164072755716654,0.0577756287856768,0.106297126930977
"Auchenipterus_dentatus",0.164847765683888,0.0579258671671291,0.106921898516759
"Auchenipterus_osteomystax",0.164847765683888,0.0579258671671291,0.106921898516759
"Auchenipterus_brachyurus",0.164847765683888,0.0579258671671291,0.106921898516759
"Auchenipterus_britskii",0.164847765683888,0.0579258671671291,0.106921898516759
"Auchenipterus_nuchalis",0.164847765683888,0.0579258671671291,0.106921898516759
"Auchenipterus_ambyiacus",0.164847765683888,0.0579258671671291,0.106921898516759
"Liosomadoras_morrowi",0.135133815399129,0.0415525084426322,0.0935813069564969
"Liosomadoras_oncinus",0.135145826188233,0.041452258443757,0.0936935677444764
"Trachelyopterus_insignis",0.13518852208612,0.0414903756109861,0.0936981464751336
"Trachelyopterus_coriaceus",0.135300315281648,0.0414243004351331,0.0938760148465152
"Trachelyopterus_albicrux",0.135373116995703,0.0414195443808899,0.0939535726148136
"Trachelyopterus_teaguei",0.135393969245448,0.0413923549095738,0.094001614335874
"Trachelyopterus_striatulus",0.135393969245448,0.0413923549095738,0.094001614335874
"Trachelyopterus_galeatus",0.135393969245448,0.0413923549095738,0.094001614335874
"Tocantinsia_piresi",0.13512828051732,0.0414986510313086,0.0936296294860112
"Trachycorystes_trachycorystes",0.135109313675336,0.0413641007222222,0.0937452129531138
"Pseudauchenipterus_nodosus",0.1349831537893,0.0417111987862142,0.093271955003086
"Auchenipterichthys_thoracatus",0.1352142751378,0.0413442701447944,0.0938700049930056
"Auchenipterichthys_coracoideus",0.135232215571027,0.0413303706822272,0.0939018448888
"Auchenipterichthys_longimanus",0.135218742148227,0.0413302896048619,0.0938884525433653
"Auchenipterichthys_punctatus",0.135218742148227,0.0413302896048619,0.0938884525433653
"Trachelyichthys_decaradiatus",0.135232756096534,0.0413714410099363,0.0938613150865973
"Trachelyichthys_exilis",0.135193486140363,0.041369189523622,0.0938242966167406
"Trachelyopterichthys_anduzei",0.135249788766169,0.0414362180089364,0.0938135707572328
"Trachelyopterichthys_taeniatus",0.13518875768937,0.0414382378223347,0.0937505198670352
"Ageneiosus_pardalis",0.135099284324572,0.0414763823382702,0.0936229019863016
"Ageneiosus_polystictus",0.135255055520809,0.0413487027119735,0.0939063528088356
"Ageneiosus_inermis",0.135255055520809,0.0413487027119735,0.0939063528088356
"Asterophysus_batrachus",0.135270644936911,0.0413853408297088,0.0938853041072021
"Ageneiosus_vittatus",0.135270644936911,0.0413853408297088,0.0938853041072021
"Tympanopleura_atronasus",0.135213500718816,0.0413325093336458,0.0938809913851702
"Tympanopleura_brevis",0.135215297806401,0.0413558869514436,0.0938594108549571
"Ageneiosus_magoi",0.135231946691671,0.0413607946854768,0.0938711520061946
"Ageneiosus_militaris",0.13523011634035,0.0413841370751781,0.093845979265172
"Ageneiosus_uranophthalmus",0.135222785878952,0.041366309836083,0.0938564760428689
"Ageneiosus_ucayalensis",0.135236981143801,0.0413649430944257,0.0938720380493753
"Notarius_bonillai",0.0705566482436626,0.012866540705963,0.0576901075376996
"Conorhynchos_conirostris",0.0985548817495072,0.0254679374763517,0.0730869442731555
"Batrochoglanis_villosus",0.116886139424045,0.017699899852211,0.0991862395718343
"Batrochoglanis_raninus",0.117198573389348,0.0174456295356255,0.0997529438537227
"Batrochoglanis_transmontanus",0.117210862266914,0.0174192744800075,0.0997915877869066
"Batrochoglanis_acanthochiroides",0.117210862266914,0.0174192744800075,0.0997915877869066
"Pseudopimelodus_mangurus",0.117127114224518,0.0175101832372253,0.0996169309872922
"Pseudopimelodus_bufonius",0.117092652222887,0.0172603077159155,0.0998323445069713
"Lophiosilurus_alexandri",0.117030124834181,0.017310315991756,0.0997198088424254
"Cephalosilurus_apurensis",0.117054846187535,0.0172978310828571,0.0997570151046776
"Cephalosilurus_albomarginatus",0.117042567799224,0.0172249172328509,0.0998176505663727
"Cephalosilurus_fowleri",0.117031419485202,0.0172266889372628,0.0998047305479396
"Cephalosilurus_nigricaudus",0.117054956957717,0.0171857564804449,0.099869200477272
"Microglanis_secundus",0.117662059309585,0.0176211293867692,0.100040929922816
"Microglanis_eurystoma",0.117662059309585,0.0176211293867692,0.100040929922816
"Microglanis_variegatus",0.117764383829674,0.0177721897815948,0.0999921940480795
"Microglanis_cottoides",0.117867667156459,0.0177188681231771,0.100148799033282
"Microglanis_parahybae",0.117868510251525,0.017622337748224,0.100246172503301
"Microglanis_pellopterygius",0.117868510251525,0.017622337748224,0.100246172503301
"Microglanis_nigripinnis",0.11776467421499,0.0176067716952306,0.100157902519759
"Microglanis_garavelloi",0.117893979816046,0.0176522414002675,0.100241738415779
"Microglanis_iheringi",0.117888048318575,0.017661597108304,0.100226451210271
"Microglanis_poecilus",0.117888048318575,0.017661597108304,0.100226451210271
"Microglanis_zonatus",0.117881360518408,0.017655515572246,0.100225844946162
"Aguarunichthys_inpai",0.11468415877668,0.0214352071868441,0.0932489515898362
"Pimelodus_altissimus",0.117175263670781,0.0178463339349131,0.0993289297358681
"Pimelodus_mysteriosus",0.117261126938003,0.0178796284467242,0.0993814984912789
"Pimelodus_albofasciatus",0.117270851461455,0.017879916048274,0.0993909354131815
"Steindachneridion_scriptum",0.116770604550838,0.0171451442459118,0.0996254603049265
"Pimelodus_absconditus",0.116774530537279,0.0171500127837195,0.0996245177535599
"Phractocephalus_hemioliopterus",0.116805271704989,0.017405774443887,0.0993994972611024
"Pimelodus_microstoma",0.116781119355566,0.0173807499313261,0.09940036942424
"Pimelodus_jivaro",0.117009495662223,0.0173438345502612,0.0996656611119619
"Steindachneridion_parahybae",0.117096992245818,0.0173449207132408,0.099752071532577
"Leiarius_marmoratus",0.116768142588848,0.0174806822420372,0.0992874603468104
"Leiarius_pictus",0.116661844616685,0.0172696503570229,0.0993921942596622
"Hypophthalmus_fimbriatus",0.116889118179528,0.0170845635718335,0.099804554607694
"Hypophthalmus_oremaculatus",0.116942934549398,0.017056970392231,0.0998859641571667
"Hypophthalmus_marginatus",0.116896133011085,0.0170836196819448,0.0998125133291406
"Hypophthalmus_edentatus",0.116889231852503,0.017056570672196,0.0998326611803074
"Platystomatichthys_sturio",0.116835851132572,0.0171823992971554,0.0996534518354171
"Platysilurus_mucosus",0.116803964248218,0.017122242587994,0.0996817216602239
"Platysilurus_malarmo",0.117023426548201,0.0172436711466742,0.0997797554015265
"Sorubimichthys_planiceps",0.116912795216838,0.0173059867309511,0.0996068084858864
"Zungaro_jahu",0.117148784748828,0.017171106684082,0.0999776780647457
"Zungaro_zungaro",0.117148709096011,0.017169345228014,0.0999793638679972
"Pseudoplatystoma_corruscans",0.116952666687394,0.0171155783684964,0.0998370883188978
"Pseudoplatystoma_tigrinum",0.117015520052416,0.0171719590659093,0.0998435609865063
"Pseudoplatystoma_fasciatum",0.117022917894849,0.0171434442752581,0.0998794736195913
"Pseudoplatystoma_reticulatum",0.117026124202059,0.0171255977523235,0.0999005264497359
"Hemisorubim_platyrhynchos",0.116769597192655,0.0171782393144782,0.0995913578781765
"Sorubim_trigonocephalus",0.117050336938691,0.017057927732101,0.0999924092065904
"Sorubim_cuspicaudus",0.117055732231966,0.0171129523290264,0.0999427799029395
"Sorubim_elongatus",0.116899243312213,0.0170064683657718,0.0998927749464408
"Sorubim_maniradii",0.116881849786146,0.0171198773621472,0.0997619724239983
"Sorubim_lima",0.116889078925584,0.017039565476133,0.0998495134494514
"Platynematichthys_notatus",0.116841568567967,0.0170434878374628,0.0997980807305038
"Pimelodus_atrobrunneus",0.11686158522757,0.0170344559402,0.0998271292873698
"Brachyplatystoma_tigrinum",0.116837318109902,0.017211150275783,0.0996261678341195
"Brachyplatystoma_juruense",0.116900215489327,0.0170006818670841,0.0998995336222434
"Brachyplatystoma_platynemum",0.11692315520035,0.0170626503531484,0.0998605048472021
"Brachyplatystoma_vaillantii",0.116820123592,0.0170772383912686,0.0997428852007317
"Brachyplatystoma_rousseauxii",0.116877021422189,0.017052089412141,0.0998249320100483
"Brachyplatystoma_filamentosum",0.116856560061152,0.0170195291921685,0.0998370308689831
"Pimelodus_ortmanni",0.116828432727612,0.0170966325767454,0.0997318001508661
"Aguarunichthys_torosus",0.116840926682244,0.0172239962629096,0.0996169304193346
"Steindachneridion_doceanum",0.116918754060963,0.0172573531109286,0.0996614009500348
"Pimelodina_flavipinnis",0.11690108578104,0.0172125031546732,0.0996885826263673
"Pinirampus_pirinampu",0.116858139862977,0.0171962915365004,0.0996618483264764
"Calophysus_macropterus",0.116902822872933,0.0172569509986927,0.0996458718742401
"Luciopimelodus_pati",0.116866190902794,0.0170563157089789,0.0998098751938149
"Cheirocerus_goeldii",0.116927031851281,0.0170865943435246,0.0998404375077565
"Cheirocerus_eques",0.116854752363784,0.0170674525567479,0.0997872998070362
"Megalonema_xanthum",0.116800241082436,0.0172078544140157,0.0995923866684207
"Megalonema_amaxanthum",0.116806753015787,0.0173381089184527,0.0994686440973339
"Megalonema_platanum",0.116956429464384,0.017171742651986,0.0997846868123977
"Megalonema_platycephalum",0.116867424157742,0.0171490246329884,0.0997183995247539
"Pimelabditus_moli",0.116747011883635,0.0171973625182377,0.0995496493653968
"Propimelodus_eigenmanni",0.116865651154076,0.0172882198834571,0.0995774312706193
"Duopalatinus_emarginatus",0.116979412896222,0.0170833664337633,0.0998960464624586
"Duopalatinus_peruanus",0.116907305399549,0.0170663689921935,0.0998409364073554
"Exallodontus_aguanai",0.116975111663388,0.0170990899911936,0.0998760216721942
"Pimelodus_garciabarrigai",0.117124765449541,0.0172373422634096,0.0998874231861312
"Pimelodus_platicirris",0.117116584332729,0.0172437472902812,0.0998728370424476
"Pimelodus_pictus",0.117116584332729,0.0172437472902812,0.0998728370424476
"Pimelodus_argenteus",0.11698088980509,0.0171819024665092,0.0997989873385807
"Pimelodus_coprophagus",0.116955094721557,0.017119435636363,0.0998356590851939
"Pimelodus_ornatus",0.116918693263046,0.0171363530506862,0.0997823402123601
"Iheringichthys_labrosus",0.116935865017628,0.0170737259753206,0.099862139042307
"Iheringichthys_megalops",0.116965308644065,0.0171156596742332,0.0998496489698323
"Parapimelodus_valenciennis",0.116966842701359,0.0171413590084414,0.0998254836929179
"Pimelodus_punctatus",0.117222327371684,0.0172076604482615,0.100014666923422
"Aguarunichthys_tocantinsensis",0.117210292889532,0.0172464739153281,0.0999638189742035
"Pimelodus_grosskopfii",0.117210911019269,0.0172701173686464,0.0999407936506227
"Pimelodus_albicans",0.117293943145481,0.0171998438382127,0.100094099307268
"Pimelodus_maculatus",0.117321706533946,0.0171847067628471,0.100136999771099
"Pimelodus_blochii",0.117316353881202,0.0171579846593601,0.100158369221842
"Bergiaria_platana",0.117360711695888,0.0172042145245019,0.100156497171386
"Bergiaria_westermanni",0.117360711695888,0.0172042145245019,0.100156497171386
"Pimelodus_paranaensis",0.11732314301398,0.0171572684301387,0.100165874583841
"Pimelodus_fur",0.11732314301398,0.0171572684301387,0.100165874583841
"Gladioglanis_conquistador",0.119402117166239,0.0189615896137283,0.100440527552511
"Gladioglanis_machadoi",0.11940591985833,0.0189476534856193,0.100458266372711
"Leptorhamdia_marmorata",0.119231007343469,0.0190615563217648,0.100169451021705
"Myoglanis_potaroensis",0.119273772731685,0.0188715577260892,0.100402215005596
"Myoglanis_koepckei",0.119276706642699,0.0188787865624847,0.100397920080215
"Brachyglanis_phalacra",0.119179350684587,0.0189517433566354,0.100227607327952
"Brachyglanis_melas",0.119299385926688,0.0188254002326509,0.100473985694037
"Brachyglanis_microphthalmus",0.119340792685371,0.0188240364043795,0.100516756280991
"Cetopsorhamdia_iheringi",0.119186239426796,0.0189241309915561,0.10026210843524
"Cetopsorhamdia_nasus",0.119339428885547,0.0188461132575228,0.100493315628024
"Cetopsorhamdia_orinoco",0.119339428885547,0.0188461132575228,0.100493315628024
"Cetopsorhamdia_insidiosa",0.119133684586198,0.0188855390997675,0.100248145486431
"Cetopsorhamdia_phantasia",0.119371420423731,0.0189957471724084,0.100375673251322
"Cetopsorhamdia_molinae",0.119411541112669,0.0189109118292013,0.100500629283468
"Cetopsorhamdia_picklei",0.119409048920292,0.0189246915529859,0.100484357367306
"Phenacorhamdia_tenuis",0.119234951499725,0.0187458210264267,0.100489130473298
"Phenacorhamdia_nigrolineata",0.119282876689038,0.0187619561495363,0.100520920539502
"Phenacorhamdia_anisura",0.119252178018071,0.0188817174599975,0.100370460558074
"Phenacorhamdia_boliviana",0.119209952317868,0.0188518041565354,0.100358148161332
"Phenacorhamdia_unifasciata",0.1192205843795,0.0187797786339758,0.100440805745524
"Phenacorhamdia_somnians",0.119254016162939,0.0187794992822697,0.100474516880669
"Phenacorhamdia_tenebrosa",0.119249180508738,0.0188517689698088,0.10039741153893
"Imparfinis_pristos",0.119386587768803,0.0190758518729459,0.100310735895857
"Imparfinis_nemacheir",0.119395365903556,0.019053269208279,0.100342096695277
"Imparfinis_minutus",0.119378055457545,0.01892836327977,0.100449692177775
"Imparfinis_hasemani",0.119434430821114,0.0189103274417498,0.100524103379364
"Imparfinis_mirini",0.119459384708963,0.018960702328014,0.100498682380949
"Nemuroglanis_lanceolatus",0.119577305383172,0.018957638784082,0.10061966659909
"Nemuroglanis_pauciradiatus",0.119600688029832,0.0189797367365879,0.100620951293244
"Nemuroglanis_mariai",0.119600688029832,0.0189797367365879,0.100620951293244
"Mastiglanis_asopos",0.119056280611128,0.0191644874404999,0.0998917931706278
"Taunayia_bifasciata",0.119108396907475,0.0189679621143907,0.100140434793085
"Imparfinis_guttatus",0.119303534825248,0.0188505325219897,0.100453002303258
"Imparfinis_pseudonemacheir",0.11931529156013,0.0188548237568354,0.100460467803295
"Imparfinis_stictonotus",0.119203335191651,0.018858863028364,0.100344472163288
"Heptapterus_bleekeri",0.119193545103956,0.0187856137434621,0.100407931360494
"Imparfinis_cochabambae",0.11924173434828,0.0188983574467492,0.100343376901531
"Acentronichthys_leptos",0.119332060405966,0.0189255118274516,0.100406548578514
"Pariolius_armillatus",0.119345034858419,0.0188239523248894,0.10052108253353
"Heptapterus_sympterygium",0.119323016251683,0.0188043290490489,0.100518687202635
"Horiomyzon_retropinnatus",0.119342477226865,0.0188359838571979,0.100506493369667
"Heptapterus_mustelinus",0.119346307777384,0.0188481653146407,0.100498142462743
"Nannoglanis_fasciatus",0.119355677809759,0.0188062115674841,0.100549466242275
"Heptapterus_stewarti",0.11911998373003,0.0189770752616473,0.100142908468382
"Imparfinis_borodini",0.119491870942603,0.0188585386286014,0.100633332314001
"Chasmocranus_longior",0.119516215503266,0.0189007679374378,0.100615447565828
"Chasmocranus_peruanus",0.119496324341673,0.01892182839988,0.100574495941793
"Chasmocranus_quadrizonatus",0.119478692438122,0.0189135120769204,0.100565180361202
"Chasmocranus_chimantanus",0.11949208612622,0.0188719235742332,0.100620162551986
"Chasmocranus_brevior",0.119502161037459,0.0189654913703837,0.100536669667075
"Brachyrhamdia_marthae",0.121072076011126,0.0202641388358255,0.100807937175301
"Brachyrhamdia_heteropleura",0.121091211205261,0.020273149943937,0.100818061261324
"Brachyrhamdia_imitator",0.12109747864614,0.0202790734782452,0.100818405167895
"Goeldiella_eques",0.120801643430784,0.0201077866968429,0.100693856733941
"Rhamdia_poeyi",0.120832330177395,0.0202360408147032,0.100596289362691
"Rhamdella_aymarae",0.146911276427816,0.0354889538709724,0.111422322556843
"Rhamdella_longiuscula",0.146982822739962,0.035553688937839,0.111429133802123
"Rhamdia_quelen",0.158642353254981,0.0401203452066429,0.118522008048339
"Rhamdia_muelleri",0.158631212781044,0.0400206281325272,0.118610584648517
"Rhamdia_foina",0.172572688546685,0.0453291041813711,0.127243584365313
"Pimelodella_griffini",0.286238012861747,0.0766472592500687,0.209590753611678
"Pimelodella_cristata",0.286218711088823,0.0766148163180602,0.209603894770763
"Pimelodella_montana",0.286303006273827,0.0766115636208974,0.20969144265293
"Pimelodella_roccae",0.28631395220756,0.0766276883928009,0.209686263814759
"Pimelodella_buckleyi",0.286337587475778,0.0766142250257218,0.209723362450056
"Pimelodella_procera",0.286371980605489,0.076597245648144,0.209774734957345
"Pimelodella_mucosa",0.286371980605489,0.076597245648144,0.209774734957345
"Pimelodella_chagresi",0.28553086956316,0.0767030901900762,0.208827779373084
"Pimelodella_modesta",0.286114210089165,0.0765621034309211,0.209552106658244
"Pimelodella_metae",0.286242234121198,0.0765540027047619,0.209688231416436
"Pimelodella_geryi",0.286242234121198,0.0765540027047619,0.209688231416436
"Pimelodella_chaparae",0.286142032291028,0.0766043476178978,0.20953768467313
"Pimelodella_hasemani",0.286209862715766,0.0765548761880765,0.20965498652769
"Pimelodella_macturki",0.285202497309993,0.0769359723934258,0.208266524916567
"Pimelodella_lateristriga",0.286509471536143,0.0766020761284589,0.209907395407684
"Pimelodella_laticeps",0.286431553846537,0.0766330030288464,0.209798550817691
"Pimelodella_megalops",0.286463614194472,0.0766054603466817,0.20985815384779
"Pimelodella_eutaenia",0.286427987695562,0.0766884663571804,0.209739521338382
"Pimelodella_boliviana",0.286453922841953,0.0766127415240345,0.209841181317918
"Pimelodella_gracilis",0.286372221737223,0.0766587364621672,0.209713485275056
"Pimelodella_peruana",0.28647159331188,0.0766207550460942,0.209850838265785
"Pimelodella_boschmai",0.286553698820826,0.0766418079907262,0.209911890830099
"Pimelodella_vittata",0.286553698820826,0.0766418079907262,0.209911890830099
"Pimelodella_conquetaensis",0.286553698820826,0.0766418079907262,0.209911890830099
"Pimelodella_laurenti",0.286528845770528,0.0766779090030996,0.209850936767428
"Pimelodella_figueroai",0.286514095062279,0.0766088631175853,0.209905231944694
"Pimelodella_cruxenti",0.286514095062279,0.0766088631175853,0.209905231944694
"Pimelodella_avanhandavae",0.286531141113311,0.0767131722826897,0.209817968830621
"Pimelodella_notomelas",0.28654778326967,0.0766776802566929,0.209870103012977
"Pimelodella_howesi",0.28654778326967,0.0766776802566929,0.209870103012977
"Pimelodella_serrata",0.286466839548127,0.0766522120777153,0.209814627470411
"Pimelodella_australis",0.286532634637138,0.0766097553473066,0.209922879289832
"Pimelodella_linami",0.286532634637138,0.0766097553473066,0.209922879289832
"Pimelodella_taenioptera",0.286502338982713,0.0766084870683415,0.209893851914372
"Pimelodella_steindachneri",0.286532634637138,0.0766097553473066,0.209922879289832
"Nematogenys_inermis",0.0615095206203875,0.012426150102226,0.0490833705181615
"Potamoglanis_johnsoni",0.0618417624525873,0.00617589965574803,0.0556658627968393
"Pygidianops_eigenmanni",0.0619268103998475,0.00647458688368704,0.0554522235161604
"Sarcoglanis_simplex",0.062001914652597,0.00660235327985002,0.055399561372747
"Stauroglanis_gouldingi",0.0617854988496293,0.00617156020831646,0.0556139386413128
"Ammoglanis_pulex",0.06186879603593,0.00577625054682415,0.0560925454891059
"Glanapteryx_niobium",0.0619903562623844,0.00544762948099238,0.0565427267813921
"Tridensimilis_venezuelae",0.0620949543500565,0.00555311542937383,0.0565418389206827
"Tridensimilis_brevis",0.0621190170677734,0.0055407732383977,0.0565782438293757
"Ochmacanthus_orinoco",0.0659570596611684,0.00828858370850394,0.0576684759526645
"Homodiaetus_anisitsi",0.0659900658078516,0.00826140057427072,0.0577286652335809
"Homodiaetus_banguela",0.0659890605951699,0.00827692091010374,0.0577121396850662
"Homodiaetus_passarellii",0.0659890605951699,0.00827692091010374,0.0577121396850662
"Haemomaster_venezuelae",0.0619394354921383,0.005965001287969,0.0559744342041693
"Apomatoceros_alleni",0.0621948462564728,0.00557956191630296,0.0566152843401698
"Schultzichthys_bondi",0.0622493464691036,0.00560666352197725,0.0566426829471264
"Schultzichthys_gracilis",0.0622493464691036,0.00560666352197725,0.0566426829471264
"Pseudostegophilus_haemomyzon",0.0618582768720814,0.00549265358770654,0.0563656232843749
"Pseudostegophilus_nemurus",0.0618790035299946,0.00518209412988876,0.0566969094001058
"Acanthopoma_annectens",0.0619896752649975,0.00542103959028121,0.0565686356747163
"Ochmacanthus_reinhardtii",0.0622050879964133,0.00549663977176728,0.056708448224646
"Ochmacanthus_alternus",0.0621888122427155,0.00543183848309086,0.0567569737596246
"Henonemus_punctatus",0.0622199361593691,0.00545884925424447,0.0567610869051247
"Vandellia_beccarii",0.0625289302144729,0.00595578579550556,0.0565731444189674
"Vandellia_cirrhosa",0.0625014959607053,0.00588241406672166,0.0566190818939837
"Paravandellia_phaneronema",0.0619597706913553,0.00567026895193601,0.0562895017394193
"Paracanthopoma_parva",0.0618500067613061,0.00555135273090114,0.056298654030405
"Plectrochilus_diabolicus",0.0618868297410696,0.00558011023087614,0.0563067195101935
"Trichomycterus_knerii",0.0968327215374602,0.0170723156616523,0.0797604058758079
"Trichomycterus_boylei",0.096892142584387,0.0170805078766254,0.0798116347077616
"Eremophilus_mutisii",0.0969124391303897,0.0170034455769129,0.0799089935534768
"Trichomycterus_chaberti",0.0969521802125261,0.0170277595414173,0.0799244206711087
"Trichomycterus_lewi",0.0969663086193451,0.0171991409231071,0.079767167696238
"Trichomycterus_corduvensis",0.0977321941203072,0.0174318860555781,0.0803003080647292
"Hatcheria_macraei",0.0977608297830426,0.017266764176313,0.0804940656067296
"Bullockia_maldonadoi",0.0978007918267557,0.0172825823027971,0.0805182095239586
"Trichomycterus_areolatus",0.0977898047412363,0.0172619615753881,0.0805278431658483
"Ituglanis_metae",0.0977464974370312,0.0172476310054593,0.0804988664315719
"Ituglanis_laticeps",0.0977621043489738,0.0172581799604649,0.0805039243885088
"Ituglanis_amazonicus",0.0977710497811516,0.0171847386170079,0.0805863111641437
"Ituglanis_nebulosus",0.0977549369023526,0.0171786540488289,0.0805762828535237
"Trichomycterus_chiltoni",0.0993589476605732,0.0177022190608274,0.0816567285997458
"Trichomycterus_borellii",0.0993646292793036,0.0177473288283565,0.0816173004509472
"Trichomycterus_barbouri",0.0995480411103091,0.0179222464992726,0.0816257946110365
"Scleronema_operculatum",0.0995397582212737,0.01785466936029,0.0816850888609837
"Trichomycterus_mondolfi",0.0996085768163143,0.0177837930248319,0.0818247837914824
"Cambeva_diabola",0.0996148728318133,0.0177951413275441,0.0818197315042693
"Rhizosomichthys_totae",0.0996466097778232,0.0177872224049094,0.0818593873729138
"Cambeva_variegata",0.0996595598347912,0.0177867223774128,0.0818728374573783
"Trichomycterus_migrans",0.0996469200076056,0.0178063402164329,0.0818405797911727
"Trichomycterus_rivulatus",0.0996207085428857,0.0177982073299188,0.0818225012129669
"Trichomycterus_celsae",0.0996337237798078,0.0178243839972103,0.0818093397825975
"Cambeva_paolence",0.099798990442183,0.0179947887191201,0.0818042017230629
"Trichomycterus_brasiliensis",0.0998870311626564,0.0179693388526034,0.081917692310053
"Trichomycterus_mimonha",0.0998288074975203,0.0179607029008474,0.0818681045966729
"Trichomycterus_retropinnis",0.099842734563251,0.0179940962979228,0.0818486382653282
"Trichomycterus_albinotatus",0.0997367315542202,0.0178318155781377,0.0819049159760824
"Trichomycterus_alterus",0.0996703845697834,0.0178204743909111,0.0818499101788722
"Hoplosternum_littorale",0.0618639779730129,0.00620670285396076,0.0556572751190522
"Dianema_longibarbis",0.0619196819191063,0.00526011212671416,0.0566595697923922
"Dianema_urostriatum",0.0619203956832871,0.00529467862840145,0.0566257170548856
"Hoplosternum_magdalenae",0.0621230836307127,0.00547265598101987,0.0566504276496929
"Hoplosternum_punctatum",0.0620352255295378,0.00541583803626297,0.0566193874932749
"Callichthys_fabricioi",0.0620438969082106,0.00543353360710411,0.0566103633011065
"Callichthys_callichthys",0.0620856345294961,0.00549242334351206,0.056593211185984
"Megalechis_thoracata",0.0618893193973678,0.00543100476605924,0.0564583146313086
"Megalechis_picta",0.0620516791071236,0.00566872914488689,0.0563829499622367
"Lepthoplosternum_pectorale",0.0620456695478553,0.00553936317475816,0.0565063063730972
"Lepthoplosternum_beni",0.0619302789084722,0.00527591094028746,0.0566543679681848
"Lepthoplosternum_altamazonicum",0.0619181109797083,0.005326640216003,0.0565914707637052
"Corydoras_semiaquilus",0.16791952508287,0.0247278573664179,0.143191667716453
"Corydoras_heteromorphus",0.167924106387318,0.0246766983887901,0.143247407998528
"Corydoras_coriatae",0.167948382269567,0.0247394943880402,0.143208887881527
"Corydoras_fowleri",0.167882407298522,0.0246702339780915,0.143212173320431
"Corydoras_boehlkei",0.167942670977542,0.0246588557478703,0.143283815229671
"Aspidoras_velites",0.167942670977542,0.0246588557478703,0.143283815229671
"Corydoras_maculifer",0.167036600953083,0.0247522251359468,0.142284375817136
"Corydoras_amandajanea",0.167384674605698,0.0243479139344719,0.143036760671226
"Corydoras_carlae",0.167444296597713,0.0243218313035508,0.143122465294162
"Corydoras_simulatus",0.167444296597713,0.0243218313035508,0.143122465294162
"Corydoras_pastazensis",0.166984675114546,0.0247106002428709,0.142274074871675
"Corydoras_acutus",0.167418594417869,0.0242349064716548,0.143183687946214
"Corydoras_approuaguensis",0.167443030183197,0.0242706261641932,0.143172404019004
"Corydoras_cervinus",0.167443030183197,0.0242706261641932,0.143172404019004
"Corydoras_sarareensis",0.167364002949847,0.0242169173475453,0.143147085602302
"Corydoras_septentrionalis",0.167360055111978,0.0243069944566567,0.143053060655321
"Corydoras_bifasciatus",0.167338259769534,0.024224650702376,0.143113609067158
"Corydoras_ellisae",0.167437914038921,0.0242026281614436,0.143235285877477
"Corydoras_aurofrenatus",0.167437914038921,0.0242026281614436,0.143235285877477
"Corydoras_stenocephalus",0.167390253140745,0.0242150521709424,0.143175200969802
"Corydoras_ourastigma",0.16738965194754,0.0242137285613936,0.143175923386147
"Corydoras_evelynae",0.167420914360795,0.024290231126073,0.143130683234722
"Corydoras_geoffroy",0.167415698728276,0.0242404574740295,0.143175241254247
"Corydoras_amapaensis",0.16727406527477,0.0243203880818285,0.142953677192942
"Corydoras_solox",0.167314677016377,0.0243070980802037,0.143007578936173
"Corydoras_surinamensis",0.167430436495832,0.0242744681801912,0.143155968315641
"Corydoras_blochi",0.167419134117718,0.0242743930395838,0.143144741078134
"Corydoras_serratus",0.167404142629338,0.0242593294762792,0.143144813153059
"Corydoras_narcissus",0.167536745939831,0.0242680359629684,0.143268709976863
"Corydoras_baderi",0.167403560431059,0.0242354323546694,0.14316812807639
"Aspidoras_belenos",0.167387656059415,0.0242335948968516,0.143154061162563
"Aspidoras_eurycephalus",0.166872554800851,0.0243025069560317,0.142570047844819
"Aspidoras_virgulatus",0.167024807283731,0.0240763531802537,0.142948454103477
"Aspidoras_albater",0.167009828275939,0.0240264249100375,0.142983403365902
"Aspidoras_poecilus",0.166873524177441,0.0241799324811911,0.14269359169625
"Aspidoras_fuscoguttatus",0.166921378188502,0.0239793846025759,0.142941993585926
"Aspidoras_microgalaeus",0.166887590351835,0.0240172518079253,0.14287033854391
"Scleromystax_macropterus",0.166470007106314,0.024024918577704,0.14244508852861
"Scleromystax_barbatus",0.166632794141688,0.0241077736753168,0.142525020466371
"Scleromystax_prionotos",0.16676047830415,0.0239472498705424,0.142813228433608
"Corydoras_cochui",0.166876299702093,0.0239840118028509,0.142892287899242
"Corydoras_pygmaeus",0.166783095918775,0.0240014528850906,0.142781643033685
"Corydoras_guapore",0.166597742605093,0.0242751446110249,0.142322597994068
"Corydoras_hastatus",0.166893698035709,0.0241556713135621,0.142738026722147
"Corydoras_esperanzae",0.166906207303944,0.0241704205324097,0.142735786771534
"Corydoras_gracilis",0.167802788044027,0.0239794500592063,0.143823337984821
"Aspidoras_pauciradiatus",0.16796882138651,0.0236407702591814,0.144328051127329
"Corydoras_orphnopterus",0.168132315554717,0.023571501837734,0.144560813716983
"Corydoras_undulatus",0.168223857568119,0.0236049289668429,0.144618928601276
"Corydoras_bilineatus",0.1682342738387,0.0235956851848156,0.144638588653885
"Corydoras_nanus",0.168185504411317,0.0234986329675928,0.144686871443724
"Corydoras_napoensis",0.168207258997236,0.023542395422286,0.14466486357495
"Corydoras_amphibelus",0.168181300567241,0.0235151968533571,0.144666103713883
"Corydoras_elegans",0.168195397957776,0.0235134137799913,0.144681984177784
"Corydoras_flaveolus",0.170094435293237,0.0237871836885777,0.14630725160466
"Corydoras_paleatus",0.170800245889342,0.023283377126148,0.147516868763194
"Corydoras_nattereri",0.17090195262978,0.023176690285753,0.147725262344027
"Corydoras_ehrhardti",0.170934941806775,0.0231833429166742,0.1477515988901
"Corydoras_lamberti",0.170943513452865,0.0233723487559443,0.14757116469692
"Corydoras_parallelus",0.170884591711235,0.0231805549226734,0.147704036788562
"Corydoras_reynoldsi",0.170926661525787,0.023179141197639,0.147747520328148
"Corydoras_potaroensis",0.170907433355877,0.0233002141042757,0.147607219251601
"Corydoras_micracanthus",0.170952066446501,0.0232774390049131,0.147674627441588
"Corydoras_melanotaenia",0.177839407802309,0.0228056082356343,0.155033799566674
"Corydoras_aeneus",0.17789094408121,0.022761409934172,0.155129534147038
"Corydoras_rabauti",0.177965065526922,0.0226643862971266,0.155300679229796
"Corydoras_eques",0.1778229528997,0.0227151359571691,0.155107816942531
"Corydoras_zygatus",0.177913517936441,0.0227151435274728,0.155198374408968
"Corydoras_britskii",0.177838489577104,0.0228129451722672,0.155025544404837
"Corydoras_splendens",0.177909335307823,0.0227252886630809,0.155184046644743
"Corydoras_filamentosus",0.177812210422006,0.022856100493602,0.154956109928404
"Corydoras_garbei",0.177927787167153,0.02278909443011,0.155138692737043
"Corydoras_difluviatilis",0.177870092603501,0.0227261594304849,0.155143933173016
"Corydoras_pantanalensis",0.178689180140206,0.0229135330481577,0.155775647092048
"Corydoras_geryi",0.178650322837799,0.0229093303085002,0.155740992529298
"Corydoras_reticulatus",0.178699716141066,0.0229120865952143,0.155787629545852
"Corydoras_sodalis",0.178699716141066,0.0229120865952143,0.155787629545852
"Corydoras_imitator",0.178797506475415,0.0231223112476328,0.155675195227783
"Corydoras_delphax",0.178776615215497,0.0229996100096625,0.155777005205835
"Corydoras_spilurus",0.178870195408968,0.0229893551227734,0.155880840286194
"Corydoras_condiscipulus",0.178884427760318,0.0229247889060505,0.155959638854267
"Corydoras_ornatus",0.178844016804563,0.0229085558401837,0.15593546096438
"Corydoras_robineae",0.178847531213447,0.0229190680531571,0.15592846316029
"Corydoras_seussi",0.178805742971333,0.0229385481398963,0.155867194831437
"Corydoras_gomezi",0.178854837672447,0.0229065696009636,0.155948268071483
"Corydoras_melanistius",0.17890578839121,0.0229177804371091,0.155988007954101
"Corydoras_leopardus",0.178853278682951,0.0230006020594063,0.155852676623545
"Corydoras_sychri",0.178905924366359,0.0229157176324597,0.155990206733899
"Corydoras_agassizii",0.178867436278761,0.0229175723869904,0.155949863891771
"Corydoras_robustus",0.178890311995031,0.0229243259714173,0.155965986023614
"Corydoras_pulcher",0.178913516571746,0.0229186821481452,0.155994834423601
"Corydoras_ambiacus",0.178903170415298,0.0229143688110624,0.155988801604236
"Corydoras_habrosus",0.178766558660676,0.0229451946673678,0.155821363993309
"Corydoras_xinguensis",0.179343853056639,0.0228523057314848,0.156491547325155
"Corydoras_atropersonatus",0.179360403505846,0.0228498543104124,0.156510549195434
"Corydoras_armatus",0.179360403505846,0.0228498543104124,0.156510549195434
"Corydoras_sterbai",0.179377700708715,0.022964435305663,0.156413265403052
"Corydoras_gossei",0.179397678464336,0.0228188506451331,0.156578827819203
"Corydoras_oiapoquensis",0.179245258270231,0.022856702105688,0.156388556164543
"Corydoras_griseus",0.179299543654739,0.02289090529029,0.156408638364449
"Corydoras_loretoensis",0.179381212966336,0.022847341482266,0.15653387148407
"Corydoras_breei",0.179446396246237,0.0228503964426459,0.156595999803591
"Corydoras_sipaliwini",0.179433581035966,0.0229238714382715,0.156509709597695
"Corydoras_guianensis",0.179446719865164,0.0228970394272728,0.156549680437891
"Aspidoras_lakoi",0.179495580647156,0.0228514379737045,0.156644142673451
"Corydoras_weitzmani",0.17952282522307,0.0227960470888151,0.156726778134255
"Corydoras_panda",0.179502180356958,0.0228076563652806,0.156694523991678
"Corydoras_similis",0.179507054053143,0.0228504616769916,0.156656592376152
"Corydoras_polystictus",0.179506649541539,0.0228318511995513,0.156674798341988
"Corydoras_caudimaculatus",0.179533258060905,0.0227969658752168,0.156736292185688
"Corydoras_acrensis",0.179533258060905,0.0227969658752168,0.156736292185688
"Corydoras_cruziensis",0.179533258060905,0.0227969658752168,0.156736292185688
"Corydoras_concolor",0.179543598877215,0.0228969569688301,0.156646641908385
"Corydoras_osteocarus",0.179518205628515,0.0228252161164367,0.156692989512078
"Corydoras_axelrodi",0.179567957733116,0.0228432516594938,0.156724706073622
"Corydoras_metae",0.179525835144082,0.0228298887073628,0.156695946436719
"Corydoras_latus",0.179492932359982,0.0228089905607562,0.156683941799226
"Corydoras_burgessi",0.179527310616901,0.0228642602853906,0.156663050331511
"Corydoras_duplicareus",0.179455706176024,0.0228196467970766,0.156636059378948
"Corydoras_melini",0.179497501274363,0.0228569555177615,0.156640545756601
"Corydoras_loxozonus",0.179478766230973,0.0228866716198738,0.156592094611099
"Corydoras_bondi",0.179568985463139,0.0228282949228359,0.156740690540303
"Corydoras_spectabilis",0.179563164245729,0.0228159552156743,0.156747209030054
"Corydoras_leucomelas",0.179618783504459,0.0228477984448956,0.156770985059564
"Corydoras_copei",0.179653310159265,0.0228475702334221,0.156805739925843
"Corydoras_trilineatus",0.179638299580003,0.0228640763451581,0.156774223234845
"Corydoras_araguaiaensis",0.179576594797861,0.0229053317582315,0.15667126303963
"Corydoras_multimaculatus",0.179615477977351,0.0228593501284352,0.156756127848916
"Corydoras_brevirostris",0.179624331389669,0.022839182081941,0.156785149307728
"Corydoras_bicolor",0.179586865894877,0.0228657040454456,0.156721161849432
"Corydoras_areio",0.179577049458755,0.0229094361464329,0.156667613312322
"Corydoras_boesemani",0.179671909097021,0.0228587470363217,0.1568131620607
"Corydoras_schwartzi",0.179620875937779,0.022846076850095,0.156774799087684
"Corydoras_kanei",0.179654078969316,0.0228862567493576,0.156767822219958
"Corydoras_arcuatus",0.179607559556391,0.0229049248665929,0.156702634689798
"Corydoras_punctatus",0.179636516569494,0.0228395269638308,0.156796989605663
"Corydoras_julii",0.179636516569494,0.0228395269638308,0.156796989605663
"Scoloplax_dicra",0.061901337441299,0.00651812877712036,0.0553832086641786
"Scoloplax_distolothrix",0.0623201535968487,0.00574234748601925,0.0565778061108294
"Scoloplax_dolicholophia",0.0623046826821622,0.00561406644713661,0.0566906162350256
"Scoloplax_empousa",0.0621607917997714,0.00568402933303837,0.056476762466733
"Astroblepus_guentheri",0.0619473422140873,0.00535992609664292,0.0565874161174444
"Astroblepus_festae",0.0617977089562231,0.00514106581605299,0.0566566431401701
"Astroblepus_retropinnus",0.0618545866036872,0.00519882270331709,0.0566557639003701
"Astroblepus_marmoratus",0.0619535657072779,0.00568532450020122,0.0562682412070767
"Astroblepus_chotae",0.0618820030780718,0.00536870207109236,0.0565133010069794
"Astroblepus_boulengeri",0.0619292895582597,0.00529298953219723,0.0566363000260624
"Astroblepus_heterodon",0.0618944920973594,0.00521886359706412,0.0566756285002952
"Astroblepus_ubidiai",0.0618857696782587,0.00536332557699163,0.0565224441012671
"Astroblepus_micrescens",0.0627994522494715,0.00562434910051744,0.057175103148954
"Astroblepus_homodon",0.0627970465569698,0.00561210903627547,0.0571849375206943
"Astroblepus_latidens",0.0625694203389279,0.00563335460207974,0.0569360657368481
"Astroblepus_praeliorum",0.0624797155259718,0.00554372522700163,0.0569359902989701
"Astroblepus_taczanowskii",0.0624373614341198,0.00550848781317835,0.0569288736209415
"Astroblepus_grixalvii",0.0624151318865926,0.00549914134523685,0.0569159905413558
"Astroblepus_cyclopus",0.0624170742846332,0.00557052964794901,0.0568465446366842
"Astroblepus_pholeter",0.0623845497902396,0.00551089663532558,0.0568736531549141
"Astroblepus_sabalo",0.0620314353825105,0.00548295915813523,0.0565484762243752
"Astroblepus_frenatus",0.0620405113410272,0.00544485932942632,0.0565956520116009
"Astroblepus_whymperi",0.0618153626344173,0.00519809629874266,0.0566172663356746
"Astroblepus_supramollis",0.0618967925213066,0.00526087520212973,0.0566359173191768
"Astroblepus_cirratus",0.0618436382880227,0.00542056088444444,0.0564230774035783
"Astroblepus_caquetae",0.0619224913951818,0.00527502261285339,0.0566474687823285
"Astroblepus_mancoi",0.0619627420939732,0.00526059549699288,0.0567021465969803
"Lithogenes_villosus",0.0623626688761824,0.00640512489389326,0.0559575439822892
"Hemipsilichthys_papillatus",0.0626673264756418,0.00547016584927384,0.057197160626368
"Delturus_parahybae",0.0626927887484817,0.00551244480465442,0.0571803439438273
"Delturus_angulicauda",0.0626642301426801,0.00547822393796275,0.0571860062047173
"Rhinelepis_strigosa",0.0914051268352339,0.00680397630659668,0.0846011505286372
"Rhinelepis_aspera",0.0914218690773866,0.00674230888527434,0.0846795601921122
"Pseudorinelepis_genibarbis",0.0913789909148303,0.00662592200020997,0.0847530689146203
"Pogonopoma_obscurum",0.0914717021797465,0.00668265467493813,0.0847890475048084
"Pogonopoma_parahybae",0.09148382882323,0.00669451624599175,0.0847893125772383
"Harttiella_crassicauda",0.127688208197965,0.0103622169704037,0.117325991227561
"Harttia_fowleri",0.128363754857799,0.00926607872385077,0.119097676133948
"Harttia_punctata",0.128305105294073,0.00932576947925634,0.118979335814817
"Harttia_longipinna",0.128517181857651,0.00927352215692163,0.11924365970073
"Harttia_duriventris",0.128517181857651,0.00927352215692163,0.11924365970073
"Harttia_dissidens",0.128564967204077,0.00941039353412448,0.119154573669953
"Cteniloricaria_platystoma",0.128084346586428,0.0097024719428109,0.118381874643617
"Harttia_guianensis",0.128356281872383,0.00941129508618048,0.118944986786202
"Harttia_surinamensis",0.128387228391249,0.00939003826265842,0.118997190128591
"Harttia_loricariformis",0.128548619834731,0.0096436725747819,0.11890494725995
"Harttia_depressa",0.128447674978717,0.00966162119324209,0.118786053785475
"Harttia_torrenticola",0.128306295391884,0.00935133213942382,0.118954963252461
"Harttia_leiopleura",0.128404499541935,0.00936482907255718,0.119039670469378
"Harttia_novalimensis",0.128540052496468,0.00931375171197725,0.119226300784491
"Harttia_uatumensis",0.128538952320864,0.00929102074609799,0.119247931574766
"Harttia_carvalhoi",0.128538952320864,0.00929102074609799,0.119247931574766
"Harttia_trombetensis",0.128357291595119,0.00943512696532058,0.118922164629799
"Harttia_gracilis",0.128467448422798,0.00938503590145357,0.119082412521344
"Lamontichthys_stibaros",0.133274483390109,0.0114067336385114,0.121867749751598
"Lamontichthys_filamentosus",0.13329179129356,0.011438508394167,0.121853282899393
"Lamontichthys_llanero",0.133274287417708,0.0116044128059905,0.121669874611717
"Farlowella_jauruensis",0.136944756024679,0.0128422361236208,0.124102519901058
"Pterosturisoma_microps",0.136951842448735,0.0128590046800512,0.124092837768684
"Sturisoma_nigrirostrum",0.139866212924891,0.0136391972509424,0.126227015673949
"Sturisoma_lyra",0.139923262196132,0.013602237614272,0.12632102458186
"Sturisoma_barbatum",0.13988705295643,0.0136239308926122,0.126263122063818
"Sturisoma_robustum",0.139892169644185,0.0136146383052106,0.126277531338974
"Sturisoma_guentheri",0.139905136136406,0.0136143713885752,0.126290764747831
"Sturisomatichthys_panamensis",0.140508855040889,0.0139105410605537,0.126598313980335
"Sturisomatichthys_tamanae",0.140841350363322,0.0141326980249331,0.126708652338389
"Sturisomatichthys_aureus",0.140844545192685,0.0141362613445182,0.126708283848167
"Dentectus_barbarmatus",0.141032262124032,0.0139342520209336,0.127098010103098
"Farlowella_amazonum",0.141065497874965,0.013979985529745,0.12708551234522
"Aposturisoma_myriodon",0.14120201739533,0.0139881612684027,0.127213856126927
"Farlowella_odontotumulus",0.141166295451114,0.0140162341130471,0.127150061338067
"Reganella_depressa",0.141260342942736,0.0140349649368191,0.127225378005917
"Farlowella_acus",0.141237775867051,0.014014212169665,0.127223563697386
"Farlowella_rugosa",0.1412337700809,0.0140346667830884,0.127199103297811
"Farlowella_nattereri",0.141271087050736,0.0139934612800262,0.12727762577071
"Pseudohemiodon_thorectes",0.141280746212286,0.0140133112725272,0.127267434939759
"Farlowella_vittata",0.141282306064723,0.0139964484941245,0.127285857570599
"Farlowella_colombiensis",0.141290956877036,0.0140035936634783,0.127287363213558
"Farlowella_mariaelenae",0.141290956877036,0.0140035936634783,0.127287363213558
"Farlowella_knerii",0.141334532395979,0.0140204531847882,0.127314079211191
"Farlowella_oxyrryncha",0.141343551762201,0.0140328632735271,0.127310688488674
"Farlowella_schreitmuelleri",0.141336642217573,0.0140253215149969,0.127311320702576
"Farlowella_reticulata",0.141309178641394,0.014046369658229,0.127262808983165
"Farlowella_smithi",0.141393368668209,0.0140280084866254,0.127365360181583
"Farlowella_hahni",0.141393368668209,0.0140280084866254,0.127365360181583
"Metaloricaria_paucidens",0.13118990016952,0.0108188803557093,0.120371019813811
"Metaloricaria_nijsseni",0.1312423724752,0.010753357626113,0.120489014849087
"Dasyloricaria_latiura",0.130988196909321,0.011565901938374,0.119422294970947
"Hemiodontichthys_acipenserinus",0.131771335596479,0.0112541474524472,0.120517188144032
"Pseudoloricaria_laeviuscula",0.131796724218636,0.0108613205201887,0.120935403698447
"Limatulichthys_griseus",0.131648046277053,0.0109545680325247,0.120693478244528
"Loricaria_lata",0.132077100218021,0.011015844926013,0.121061255292008
"Loricariichthys_stuebelii",0.132421678290799,0.0108354731943545,0.121586205096445
"Loricariichthys_platymetopon",0.132420412470502,0.0108335092273503,0.121586903243151
"Loricariichthys_edentatus",0.132416262382557,0.0108426042568466,0.12157365812571
"Loricariichthys_brunneus",0.132454961514585,0.010871370974007,0.121583590540578
"Loricariichthys_chanjoo",0.132463648502182,0.0108504360952418,0.12161321240694
"Loricariichthys_maculatus",0.132304624983692,0.0107545619956293,0.121550062988063
"Loricariichthys_melanocheilus",0.132406523579198,0.0107653665326872,0.121641157046511
"Loricariichthys_castaneus",0.1324888732832,0.0108001533428359,0.121688719940364
"Loricariichthys_anus",0.132477293097671,0.010812561454322,0.121664731643349
"Loricariichthys_ucayalensis",0.132555103463838,0.010861001574307,0.121694101889531
"Loricariichthys_rostratus",0.132521497127548,0.0108340678935171,0.121687429234031
"Spatuloricaria_puganensis",0.135603418890275,0.012627519918364,0.122975898971911
"Pseudohemiodon_laticeps",0.141327596490057,0.0139809843689101,0.127346612121147
"Pseudohemiodon_apithanos",0.141349673886207,0.01390537733029,0.127444296555917
"Pseudohemiodon_lamina",0.141336212845315,0.0138851358947194,0.127451076950595
"Rhadinoloricaria_ommation",0.141356304837781,0.013944385786108,0.127411919051673
"Rhadinoloricaria_bahuaja",0.14140960742177,0.0139716660629484,0.127437941358822
"Rhadinoloricaria_rhami",0.141462973321,0.0139873094937695,0.127475663827231
"Rhadinoloricaria_condei",0.141403792797846,0.0141148767176165,0.127288916080229
"Rhadinoloricaria_listrorhinos",0.14139440277382,0.0140394300299525,0.127354972743868
"Rhadinoloricaria_laani",0.141402918933153,0.0139624535795088,0.127440465353644
"Farlowella_gracilis",0.141356657009165,0.0139133213661605,0.127443335643004
"Planiloricaria_cryptodon",0.141356657009165,0.0139133213661605,0.127443335643004
"Ricola_macrops",0.141246087808918,0.0139481677281152,0.127297920080803
"Spatuloricaria_gymnogaster",0.141372703962216,0.0139692319504624,0.127403472011754
"Crossoloricaria_variegata",0.141404255068643,0.0139344352877953,0.127469819780848
"Spatuloricaria_atratoensis",0.141409872208954,0.0139683810595738,0.12744149114938
"Crossoloricaria_cephalaspis",0.141370642348078,0.0139152350490751,0.127455407299003
"Spatuloricaria_evansii",0.141338932463371,0.0139553453631234,0.127383587100248
"Spatuloricaria_nudiventris",0.141818371830102,0.0144220293004687,0.127396342529633
"Loricaria_apeltogaster",0.142591677777518,0.0142697387155418,0.128321939061976
"Proloricaria_prolixa",0.142624794685415,0.0142641254159543,0.128360669269461
"Brochiloricaria_chauliodon",0.142619388565615,0.0142822865958068,0.128337101969809
"Brochiloricaria_macrodon",0.142624794685415,0.0142641254159543,0.128360669269461
"Paraloricaria_vetula",0.142624794685415,0.0142641254159543,0.128360669269461
"Spatuloricaria_caquetae",0.142284922181058,0.0142670506654231,0.128017871515635
"Loricaria_clavipinna",0.142274289297817,0.0142362790168791,0.128038010280938
"Loricaria_parnahybae",0.142195330209055,0.014308622578034,0.127886707631021
"Loricaria_simillima",0.142220218568235,0.0142215386444257,0.127998679923809
"Pyxiloricaria_menezesi",0.14227414262495,0.0142171625726847,0.128056980052266
"Loricaria_tucumanensis",0.142262919390773,0.0142395579726347,0.128023361418138
"Loricaria_cataphracta",0.142285654199433,0.0141964937625359,0.128089160436897
"Loricaria_nickeriensis",0.142300816014073,0.0141996921252406,0.128101123888833
"Loricaria_lentiginosa",0.142285654199433,0.0141964937625359,0.128089160436897
"Rineloricaria_fallax",0.132023998182909,0.0107250622189764,0.121298935963932
"Rineloricaria_phoxocephala",0.132049451348106,0.0107007702969666,0.121348681051139
"Rineloricaria_lanceolata",0.131939917448141,0.0112420282735321,0.120697889174609
"Rineloricaria_nigricauda",0.132005832835638,0.0107300286821685,0.12127580415347
"Rineloricaria_latirostris",0.132030563872187,0.0108361992503475,0.12119436462184
"Rineloricaria_stewarti",0.132017623836684,0.0106693833553881,0.121348240481296
"Rineloricaria_morrowi",0.132108933222825,0.0108033361946044,0.12130559702822
"Rineloricaria_teffeana",0.132094183188968,0.0107178818427734,0.121376301346195
"Rineloricaria_formosa",0.132070578954806,0.0106528050236258,0.12141777393118
"Rineloricaria_parva",0.131978573556827,0.0108117827574091,0.121166790799418
"Rineloricaria_hasemani",0.132191358463184,0.0106939011267004,0.121497457336483
"Rineloricaria_castroi",0.132169452851391,0.0106039512658455,0.121565501585545
"Rineloricaria_eigenmanni",0.132169452851391,0.0106039512658455,0.121565501585545
"Rineloricaria_platyura",0.132193282844286,0.0106579629425109,0.121535319901775
"Rineloricaria_heteroptera",0.132174740820455,0.0106843064120772,0.121490434408378
"Rineloricaria_beni",0.132179774238304,0.0106557955436858,0.121523978694618
"Rineloricaria_wolfei",0.132193291783028,0.0107914879208886,0.121401803862139
"Rineloricaria_microlepidogaster",0.13223142107786,0.0106499597837808,0.121581461294079
"Rineloricaria_aequalicuspis",0.13220565487297,0.0106554336992913,0.121550221173679
"Otocinclus_affinis",0.124767874961866,0.00780884211580677,0.116959032846059
"Otocinclus_flexilis",0.124817137392745,0.00778213453925384,0.117035002853491
"Otocinclus_xakriaba",0.124775312102375,0.00778752845713911,0.116987783645236
"Otocinclus_huaorani",0.124839124951935,0.00783808605493938,0.117001038896995
"Otocinclus_macrospilus",0.124693685331207,0.00813728659302212,0.116556398738184
"Otocinclus_vestitus",0.124836872592793,0.00780552970860767,0.117031342884186
"Otocinclus_tapirape",0.124780862292507,0.00775074427228721,0.11703011802022
"Otocinclus_hoppei",0.12470333096165,0.0079449523484027,0.116758378613247
"Otocinclus_mura",0.124743558394036,0.00774221447351206,0.117001343920524
"Otocinclus_vittatus",0.124817820935033,0.00775341850050869,0.117064402434524
"Otocinclus_bororo",0.124728128344319,0.00782613863736658,0.116901989706953
"Otocinclus_mariae",0.124661789777196,0.00784049034777778,0.116821299429418
"Otocinclus_caxarari",0.12468724163489,0.00785410840002125,0.116833133234869
"Hypoptopoma_psilogaster",0.124712841142666,0.0080535812276303,0.116659259915035
"Acestridium_martini",0.124772545042502,0.00790434418804774,0.116868200854454
"Acestridium_dichromum",0.124846075822026,0.00780910424054118,0.117036971581485
"Acestridium_triplax",0.124869667460635,0.00785204623554181,0.117017621225093
"Acestridium_discus",0.124845314300358,0.00789165994007874,0.116953654360279
"Niobichthys_ferrarisi",0.124731366047833,0.00810720587752406,0.116624160170309
"Hypoptopoma_spectabile",0.124781822242731,0.00807566581171978,0.116706156431011
"Hypoptopoma_incognitum",0.124765511540781,0.00787970975047744,0.116885801790303
"Hypoptopoma_steindachneri",0.124811011277782,0.00790802520604549,0.116902986071736
"Hypoptopoma_gulare",0.124769813575013,0.00783270448463567,0.116937109090377
"Hypoptopoma_inexspectatum",0.124711619059752,0.00793265435027747,0.116778964709475
"Oxyropsis_acutirostris",0.124803818441504,0.00798300061904387,0.116820817822461
"Oxyropsis_carinata",0.124958561117037,0.00791345013567929,0.117045110981358
"Oxyropsis_wrightiana",0.124958561117037,0.00791345013567929,0.117045110981358
"Hypoptopoma_sternoptychum",0.124780535765358,0.00810912674797775,0.116671409017381
"Hypoptopoma_baileyi",0.124756848347607,0.00797543272823022,0.116781415619377
"Hypoptopoma_guianense",0.124806163420606,0.00788825055552681,0.116917912865079
"Hypoptopoma_thoracatum",0.124808645344565,0.00789410984534058,0.116914535499224
"Pareiorhina_rudolphi",0.124661766644256,0.00796645259349706,0.116695314050759
"Pseudotocinclus_tietensis",0.124642820858283,0.00816003867998625,0.116482782178297
"Kronichthys_subteres",0.124656061058613,0.00790178525936383,0.116754275799249
"Pareiorhaphis_hypselurus",0.1245941000938,0.00795178621199475,0.116642313881806
"Neoplecostomus_microps",0.124623884164078,0.00819865562811774,0.11642522853596
"Corumbataia_tocantinensis",0.124917667084367,0.00860677925092738,0.11631088783344
"Corumbataia_cuestae",0.12488291452539,0.00868396094409074,0.116198953581299
"Curculionichthys_insperatus",0.124192194404218,0.00914320702306837,0.115048987381149
"Parotocinclus_collinsae",0.124567466761252,0.00822344354074116,0.116344023220511
"Parotocinclus_eppleyi",0.124541120322665,0.00822243470373328,0.116318685618932
"Parotocinclus_aripuanensis",0.12460609199903,0.00795238604900637,0.116653705950024
"Parotocinclus_britskii",0.124678665379114,0.00787835360469566,0.116800311774418
"Otothyropsis_polyodon",0.124700868654076,0.00815124385022747,0.116549624803848
"Parotocinclus_maculicauda",0.124728486624366,0.00797020413592926,0.116758282488436
"Microlepidogaster_perforata",0.124687774388207,0.00786148390345832,0.116826290484748
"Hisonotus_paulinus",0.124741618677662,0.00823717739739658,0.116504441280265
"Otothyropsis_marapoama",0.124707450262527,0.00788030495907636,0.116827145303451
"Hisonotus_nigricauda",0.124677052289584,0.00781537858974753,0.116861673699837
"Parotocinclus_amazonensis",0.124759319676645,0.00770906887433696,0.117050250802308
"Hisonotus_maculipinnis",0.124749646838949,0.00780404248383577,0.116945604355113
"Hisonotus_ringueleti",0.124793240118073,0.00780607134547806,0.116987168772595
"Parotocinclus_jimi",0.124773835481726,0.00770026239489689,0.117073573086829
"Parotocinclus_polyochrus",0.124834919845438,0.00774142097669916,0.117093498868739
"Hisonotus_bockmanni",0.124734508599224,0.00786605258862267,0.116868456010601
"Epactionotus_bilineatus",0.124798151544405,0.00785890294557805,0.116939248598827
"Hisonotus_notatus",0.12474719911915,0.00775487902669291,0.116992320092457
"Eurycheilichthys_pantherinus",0.124773978259318,0.0079063317516023,0.116867646507715
"Lithoxancistrus_orinoco",0.124735167052629,0.00858677822383077,0.116148388828798
"Neblinichthys_pilosus",0.124746909608076,0.00869308231153231,0.116053827296543
"Andeancistrus_platycephalus",0.124557406364451,0.00858299911114486,0.115974407253306
"Leptoancistrus_canensis",0.12480304555688,0.00806890771831896,0.116734137838561
"Dolichancistrus_atratoensis",0.124963550497613,0.00825095339104737,0.116712597106565
"Cordylancistrus_torbesensis",0.124906107885338,0.00784945660987002,0.117056651275468
"Cordylancistrus_daguae",0.124949968223872,0.00799265916026372,0.116957309063609
"Chaetostoma_stroumpoulos",0.12508675080542,0.00802968450267092,0.117057066302749
"Chaetostoma_stannii",0.125219222353336,0.00807535093865392,0.117143871414682
"Chaetostoma_patiae",0.125188406514635,0.00787960889690914,0.117308797617726
"Chaetostoma_breve",0.125187493073747,0.00783840794077865,0.117349085132969
"Chaetostoma_marginatum",0.125211346317444,0.00785794493365454,0.117353401383789
"Chaetostoma_marmorescens",0.12515471903725,0.00794080751725659,0.117213911519994
"Chaetostoma_guairense",0.125263571938002,0.00790339428773528,0.117360177650266
"Chaetostoma_milesi",0.125287411875489,0.00787816824381577,0.117409243631673
"Chaetostoma_microps",0.125301512384838,0.00787033229048494,0.117431180094353
"Chaetostoma_taczanowskii",0.125435709864163,0.00816543304889014,0.117270276815273
"Chaetostoma_lineopunctatum",0.125548629086549,0.00807733765593926,0.11747129143061
"Chaetostoma_thomsoni",0.125546564954521,0.00805901539997125,0.11748754955455
"Chaetostoma_anale",0.125600094698182,0.00803614329016998,0.117563951408012
"Chaetostoma_dorsale",0.125600094698182,0.00803614329016998,0.117563951408012
"Chaetostoma_vagum",0.125443777912196,0.00794546520912011,0.117498312703075
"Chaetostoma_leucomelas",0.125415709656703,0.00792355966106362,0.117492149995639
"Dekeyseria_amazonica",0.124827206706056,0.0082223888868229,0.116604817819233
"Dekeyseria_niveata",0.124798120621796,0.00802762677308711,0.116770493848709
"Hopliancistrus_tricornis",0.124534733614873,0.00831385215194226,0.11622088146293
"Corymbophanes_kaiei",0.125019627911013,0.00807816676283839,0.116941461148174
"Corymbophanes_andersoni",0.125070762466349,0.00798633957136233,0.117084422894986
"Guyanancistrus_longispinis",0.124942302802918,0.00780569566210099,0.117136607140817
"Guyanancistrus_niger",0.124937563014475,0.00786055994106612,0.117077003073409
"Guyanancistrus_brevispinis",0.124854619335432,0.00820030368463567,0.116654315650796
"Pseudolithoxus_tigris",0.124941834281392,0.00816986454986502,0.116771969731527
"Pseudolithoxus_anthrax",0.125293638009122,0.0080847637492151,0.117208874259907
"Pseudolithoxus_dumus",0.125236367204904,0.00804858742063117,0.117187779784273
"Lasiancistrus_heteracanthus",0.125393080971863,0.00807791106405074,0.117315169907812
"Lasiancistrus_schomburgkii",0.125393080971863,0.00807791106405074,0.117315169907812
"Lasiancistrus_caucanus",0.125356816931801,0.00789007439463442,0.117466742537166
"Lasiancistrus_guacharote",0.125384847215408,0.00796795265635171,0.117416894559056
"Ancistrus_brevifilis",0.1255222048904,0.00785462097184977,0.11766758391855
"Ancistrus_claro",0.125525972465426,0.00786455614370329,0.117661416321723
"Ancistrus_triradiatus",0.125472874405136,0.00789051597534933,0.117582358429787
"Ancistrus_clementinae",0.125474518766882,0.00787236170713286,0.117602157059749
"Ancistrus_temminckii",0.125467400711941,0.00799921555173978,0.117468185160201
"Ancistrus_taunayi",0.12547364311917,0.00796903960060867,0.117504603518561
"Ancistrus_dubius",0.125654567621833,0.00808580073109236,0.117568766890741
"Ancistrus_bufonius",0.125669178382129,0.00800588058611049,0.117663297796019
"Ancistrus_aguaboensis",0.125598594617553,0.00795051451611923,0.117648080101433
"Ancistrus_dolichopterus",0.125649309978499,0.00802087832489314,0.117628431653606
"Ancistrus_minutus",0.125688756910056,0.00791198559873391,0.117776771311322
"Ancistrus_pirareta",0.125700796041972,0.0079118339051956,0.117788962136776
"Ancistrus_cryptophthalmus",0.125644525554764,0.00810467205292713,0.117539853501837
"Ancistrus_eustictus",0.125635524628222,0.00802534665735158,0.117610177970871
"Ancistrus_caucanus",0.125730609884674,0.00803318529677165,0.117697424587903
"Ancistrus_formoso",0.125706551053659,0.00797079087132483,0.117735760182334
"Ancistrus_montanus",0.125698119579981,0.00798693161373203,0.117711187966249
"Ancistrus_gymnorhynchus",0.125703416134409,0.00795427261885639,0.117749143515553
"Ancistrus_cirrhosus",0.125703605416798,0.0079652623387664,0.117738343078032
"Ancistrus_ranunculus",0.12549064936058,0.00794756516878765,0.117543084191793
"Ancistrus_cuiabae",0.125513290293238,0.00797312060139608,0.117540169691842
"Ancistrus_leucostictus",0.125418580985548,0.00797363206092613,0.117444948924622
"Ancistrus_centrolepis",0.125602302574221,0.00805988877508686,0.117542413799134
"Ancistrus_marcapatae",0.12549286054027,0.00791361361835646,0.117579246921914
"Ancistrus_stigmaticus",0.125515470404817,0.00795696711341957,0.117558503291397
"Ancistrus_macrophthalmus",0.1255364585622,0.00786871525363955,0.11766774330856
"Ancistrus_tamboensis",0.12553846272544,0.00785101546736283,0.117687447258077
"Ancistrus_occloi",0.12553846272544,0.00785101546736283,0.117687447258077
"Ancistrus_lithurgicus",0.125447741428281,0.00788359261448194,0.117564148813799
"Ancistrus_hoplogenys",0.12548691382762,0.00789725898631046,0.11758965484131
"Pseudancistrus_barbatus",0.125011546596912,0.00825590481495688,0.116755641781955
"Pseudancistrus_nigrescens",0.124779372767253,0.00826121600934508,0.116518156757908
"Lithoxus_lithoides",0.124885837240405,0.00813749142888014,0.116748345811525
"Exastilithoxus_hoedemani",0.125029969534753,0.00785306176796275,0.11717690776679
"Exastilithoxus_fimbriatus",0.125044807855157,0.00780926847714911,0.117235539378008
"Spectracanthicus_murinus",0.124702542066491,0.00872989955047744,0.115972642516014
"Megalancistrus_barrae",0.125197647521401,0.00808137313202975,0.117116274389372
"Megalancistrus_parananus",0.125142070207977,0.00813260297954881,0.117009467228429
"Acanthicus_hystrix",0.124933782726248,0.0080136600771741,0.116920122649073
"Leporacanthicus_joselimai",0.125060373127543,0.00782041299468442,0.117239960132858
"Leporacanthicus_heterodon",0.125142187692258,0.0077178960724247,0.117424291619833
"Leporacanthicus_galaxias",0.125190733899871,0.00775160725102737,0.117439126648844
"Leporacanthicus_triactis",0.125190733899871,0.00775160725102737,0.117439126648844
"Pseudacanthicus_spinosus",0.125223852558101,0.00771383862585552,0.117510013932245
"Pseudacanthicus_leopardus",0.125200360004082,0.00774286999818398,0.117457490005898
"Pseudacanthicus_serratus",0.125118757305039,0.00780231309654668,0.117316444208493
"Panaque_nigrolineatus",0.125264441101525,0.00795804592931759,0.117306395172207
"Panaque_cochliodon",0.125305963912501,0.00801945612829271,0.117286507784208
"Panaque_armbrusteri",0.125272623194964,0.00798141161404449,0.117291211580919
"Hemiancistrus_medians",0.125333878172996,0.00833581573445444,0.116998062438542
"Baryancistrus_niveatus",0.125390047987408,0.00800476881864392,0.117385279168764
"Pseudancistrus_guentheri",0.125476998215573,0.0078875140363667,0.117589484179206
"Baryancistrus_longipinnis",0.125495420583086,0.00802745782006874,0.117467962763017
"Parancistrus_aurantiacus",0.125461567510153,0.00793994153472941,0.117521625975423
"Hemiancistrus_landoni",0.136433029192782,0.0105296196435658,0.125903409549216
"Isorineloricaria_spinosissima",0.136427201811555,0.0102372599629259,0.126189941848629
"Aphanotorulus_unicolor",0.136549402905882,0.0100806672237683,0.126468735682114
"Aphanotorulus_ammophilus",0.13679369164578,0.0100804330136695,0.126713258632111
"Hypancistrus_zebra",0.14074707438844,0.010972568785948,0.129774505602492
"Hypancistrus_inspector",0.140706323669799,0.0109688867314548,0.129737436938344
"Scobinancistrus_pariolispos",0.14109197372997,0.0108868694876103,0.13020510424236
"Scobinancistrus_aureatus",0.14109197372997,0.0108868694876103,0.13020510424236
"Panaqolus_nocturnus",0.141055513365189,0.0110069514573641,0.130048561907825
"Panaqolus_purusiensis",0.141083281621628,0.0108997205412286,0.1301835610804
"Panaqolus_dentex",0.141066652352054,0.0109437930409161,0.130122859311138
"Panaqolus_gnomus",0.141132424648296,0.010963729937804,0.130168694710492
"Panaqolus_maccus",0.140966159979677,0.0110085241651506,0.129957635814526
"Panaqolus_albomaculatus",0.14109117934408,0.010937338794197,0.130153840549883
"Panaqolus_changae",0.141076170509492,0.0109426373556268,0.130133533153865
"Peckoltia_sabaji",0.141131296093261,0.0109869270282927,0.130144369064968
"Peckoltia_furcata",0.141138066944363,0.0109798511486527,0.13015821579571
"Peckoltia_simulata",0.141073578195317,0.0109366689876728,0.130136909207645
"Peckoltia_capitulata",0.141057533983835,0.0109500687846982,0.130107465199137
"Peckoltia_multispinis",0.141106357153568,0.0108998621897725,0.130206494963795
"Peckoltia_braueri",0.141128037135662,0.010882959946303,0.130245077189359
"Peckoltia_vermiculata",0.141105622068125,0.0109297613523772,0.130175860715748
"Peckoltia_vittata",0.141096238190685,0.0108973174427409,0.130198920747944
"Peckoltia_oligospila",0.141107346654228,0.0108644300115448,0.130242916642683
"Peckoltia_brevis",0.141107346654228,0.0108644300115448,0.130242916642683
"Hypostomus_latirostris",0.396199589944258,0.0484147742466904,0.347784815697567
"Pterygoplichthys_disjunctivus",0.399065339974793,0.0478667742031958,0.351198565771597
"Pterygoplichthys_scrophus",0.399065339974793,0.0478667742031958,0.351198565771597
"Pterygoplichthys_pardalis",0.399065339974793,0.0478667742031958,0.351198565771597
"Hypostomus_subcarinatus",0.399065339974793,0.0478667742031958,0.351198565771597
"Pterygoplichthys_multiradiatus",0.399072887677481,0.0478759186826359,0.351196968994845
"Pterygoplichthys_joselimaianus",0.398938659763647,0.047859373178324,0.351079286585323
"Pterygoplichthys_lituratus",0.39906967626057,0.0478596775402787,0.351209998720292
"Pterygoplichthys_gibbiceps",0.39906967626057,0.0478596775402787,0.351209998720292
"Hemiancistrus_chlorostictus",0.400818846830193,0.0481310920412286,0.352687754788965
"Hemiancistrus_fuliginosus",0.400822961297746,0.0481496417325172,0.352673319565228
"Hypostomus_soniae",0.406780819815512,0.0485776981035958,0.358203121711916
"Hypostomus_microstomus",0.406850706625981,0.0485778164887977,0.358272890137183
"Hypostomus_nigromaculatus",0.406777312595892,0.0486136542740745,0.358163658321817
"Hypostomus_holostictus",0.407751034879429,0.0486460488646257,0.359104986014804
"Hypostomus_robinii",0.407751034879429,0.0486460488646257,0.359104986014804
"Hypostomus_argus",0.407880156082191,0.0487106780184814,0.35916947806371
"Hypostomus_isbrueckeri",0.407935919845151,0.0486475188183815,0.359288401026769
"Hypostomus_luteus",0.407935919845151,0.0486475188183815,0.359288401026769
"Hypostomus_pyrineusi",0.407744571252394,0.0486839784796738,0.359060592772721
"Hypostomus_pseudohemiurus",0.407936136573327,0.0486329787571391,0.359303157816188
"Hypostomus_garmani",0.407805800426739,0.0486603370011086,0.35914546342563
"Hypostomus_hondae",0.407629176185814,0.0486825338365042,0.35894664234931
"Hypostomus_ericius",0.407929157882391,0.0486396636415286,0.359289494240863
"Hypostomus_taphorni",0.407929157882391,0.0486396636415286,0.359289494240863
"Hypostomus_oculeus",0.407637260794724,0.0487177781234683,0.358919482671256
"Hypostomus_carinatus",0.40792170097183,0.0486212737152693,0.359300427256561
"Hypostomus_hemicochliodon",0.407789400549833,0.0486254015924097,0.359163998957423
"Hypostomus_plecostomoides",0.407051577652709,0.0487468368994963,0.358304740753213
"Hypostomus_cochliodon",0.407895202497783,0.0486924269761117,0.359202775521672
"Hypostomus_asperatus",0.407910077569677,0.0486310909131196,0.359278986656557
"Hypostomus_variipictus",0.407980535114231,0.048591519222081,0.35938901589215
"Hypostomus_niceforoi",0.407918870385417,0.0485747738977465,0.359344096487671
"Hypostomus_corantijni",0.407776110472105,0.0487037272585764,0.359072383213529
"Hypostomus_dlouhyi",0.408025714331716,0.0485770869011211,0.359448627430594
"Pterygoplichthys_xinguensis",0.408025714331716,0.0485770869011211,0.359448627430594
"Hypostomus_watwata",0.407975365287875,0.0485763740402287,0.359398991247646
"Hypostomus_plecostomus",0.407986007459754,0.0485952068211311,0.359390800638623
"Hypostomus_itacua",0.407903056938905,0.04859014754979,0.359312909389115
"Hypostomus_ancistroides",0.408025714331716,0.0485770869011211,0.359448627430594
"Hypostomus_bolivianus",0.408025714331716,0.0485770869011211,0.359448627430594
"Hypostomus_commersoni",0.407970217666487,0.0486136682784489,0.359356549388038
"Hypostomus_paranensis",0.408025714331716,0.0485770869011211,0.359448627430594
"Hypostomus_piratatu",0.408025714331716,0.0485770869011211,0.359448627430594
"Hypostomus_boulengeri",0.407972284247427,0.0485806358824984,0.359391648364928
"Hypostomus_roseopunctatus",0.408024402134704,0.0485770809893601,0.359447321145344
"Hypostomus_gymnorhynchus",0.40797808479287,0.0485803056487777,0.359397779144093
"Hypostomus_hoplonites",0.407802760999277,0.0486094657362667,0.359193295263011
"Pterygoplichthys_punctatus",0.407812166524949,0.0486015175772866,0.359210648947663
"Hypostomus_hermanni",0.40795160569314,0.0485792918255056,0.359372313867634
"Hypostomus_wilsoni",0.40795160569314,0.0485792918255056,0.359372313867634
"Hypostomus_alatus",0.40795160569314,0.0485792918255056,0.359372313867634
"Hypostomus_nematopterus",0.407638241156576,0.0486720661887102,0.358966174967866
"Pterygoplichthys_ambrosettii",0.407849045891651,0.0486197930578515,0.359229252833799
"Pterygoplichthys_etentaculatus",0.407792269517654,0.0486440680972216,0.359148201420433
"Hypostomus_sculpodon",0.407924219171288,0.0485958234490526,0.359328395722235
"Hypostomus_latifrons",0.407881218446148,0.0486391878160067,0.359242030630142
"Hypostomus_hemiurus",0.407874413997002,0.0486035414355543,0.359270872561448
"Hypostomus_saramaccensis",0.408074258136506,0.0485858603044457,0.35948839783206
"Hypostomus_crassicauda",0.408040316529871,0.0485792420067329,0.359461074523138
"Hypostomus_lima",0.407974193580519,0.0486450686034083,0.359329124977111
"Hypostomus_margaritifer",0.408041837153825,0.0486131138352543,0.359428723318571
"Hypostomus_ventromaculatus",0.407991329804619,0.0486276203719373,0.359363709432682
"Hypostomus_regani",0.407991329804619,0.0486276203719373,0.359363709432682
"Hypostomus_iheringii",0.408060066480974,0.048590622821631,0.359469443659343
"Hypostomus_ternetzi",0.408074258136506,0.0485858603044457,0.35948839783206
"Hypostomus_punctatus",0.408074258136506,0.0485858603044457,0.35948839783206
"Hypostomus_annectens",0.407852894574943,0.0486567374498025,0.359196157125141
"Hypostomus_albopunctatus",0.408058709318545,0.0486274920754743,0.359431217243071
"Hypostomus_levis",0.408074258136506,0.0485858603044457,0.35948839783206
"Hypostomus_auroguttatus",0.408074258136506,0.0485858603044457,0.35948839783206
"Pterygoplichthys_undecimalis",0.40807836866207,0.0485879331628384,0.359490435499232
"Hypostomus_uruguayensis",0.407949423509708,0.0485856345389164,0.359363788970792
"Hypostomus_mutucae",0.408043958425126,0.0486283792145819,0.359415579210544
"Hypostomus_laplatae",0.40797241705118,0.0486329394070579,0.359339477644122
