generation,N_shifts,logPrior,logLik,eventRate,acceptRate
0,0,6.19835,-11152.3,1,0
2000,1,10.7655,-9427.82,0.702513,0.267366
4000,1,11.4085,-9424.47,0.251273,0.321
6000,1,11.1149,-9422.44,0.42883,0.35225
8000,1,10.6584,-9416.54,1.17877,0.197667
10000,1,10.6145,-9415.37,0.91523,0.357
12000,1,10.7001,-9421.53,0.0826083,0.341375
14000,1,10.7783,-9418.76,0.256171,0.312
16000,1,9.04289,-9419.52,1.4368,0.339
18000,2,16.1711,-9416.81,1.82618,0.365286
20000,1,11.803,-9415.72,0.601453,0.403
22000,1,9.44277,-9417.76,2.14182,0.331227
24000,1,8.34891,-9421.3,2.29002,0.268647
26000,1,9.72954,-9420.7,2.73954,0.351
28000,0,4.88144,-9427.78,0.253263,0.312
30000,1,11.5381,-9422.25,0.949296,0.315
32000,1,11.45,-9417.68,0.341517,0.333167
34000,1,8.10795,-9413.84,3.92858,0.368667
36000,1,10.8539,-9414.83,1.05647,0.378
38000,1,8.27845,-9417.54,2.36647,0.35775
40000,1,10.044,-9421.71,0.766143,0.160583
42000,1,9.27336,-9415.94,1.27951,0.3302
44000,1,10.3421,-9419.85,0.378532,0.332
46000,0,4.94307,-9426.74,0.386021,0.22
48000,1,8.77878,-9416,1.90183,0.312
50000,1,10.6815,-9416.02,0.716986,0.332
52000,1,10.2364,-9417.87,1.28317,0.346
54000,1,7.91537,-9415.97,1.9787,0.381
56000,1,11.2589,-9417.29,0.317724,0.366
58000,1,8.39528,-9416.19,1.98992,0.329
60000,1,12.1411,-9414,0.141724,0.3755
62000,1,10.0295,-9415.91,0.65901,0.325
64000,1,9.4989,-9415.72,0.295055,0.292
66000,1,9.48119,-9415.92,0.407118,0.282
68000,1,9.13792,-9415.09,1.22138,0.331
70000,1,10.7322,-9417.36,0.720886,0.334
72000,2,16.679,-9406.41,1.35873,0.35975
74000,2,13.4154,-9407.85,1.7903,0.374
76000,2,16.5268,-9407.71,0.811089,0.352
78000,4,31.276,-9398.79,1.7783,0.342394
80000,3,22.125,-9399.13,2.36384,0.345
82000,3,17.7274,-9398.12,5.33237,0.309
84000,2,17.5325,-9407.41,0.140158,0.356
86000,3,20.075,-9396.6,3.85484,0.365
88000,3,25.2337,-9397.08,0.890514,0.388
90000,1,10.3391,-9416.38,1.11523,0.31
92000,3,22.6988,-9397.72,1.63899,0.351
94000,1,11.3078,-9413.78,0.574279,0.375
96000,1,10.3732,-9420.42,1.47527,0.335
98000,4,27.5333,-9381.4,1.84811,0.365
100000,4,28.9535,-9382.92,1.26155,0.346
102000,4,28.1741,-9380.34,3.14453,0.358
104000,4,27.5787,-9381.32,1.49714,0.353
106000,4,27.9432,-9381.7,3.40221,0.368
108000,5,32.2823,-9378.62,2.14501,0.385
110000,2,15.2259,-9387.74,1.96197,0.355235
112000,4,22.5455,-9380.89,3.10908,0.322
114000,3,23.1567,-9374.23,1.01133,0.351
116000,5,24.803,-9352.68,6.09022,0.382
118000,3,19.6262,-9359.5,3.36326,0.323
120000,3,21.0566,-9361.78,0.775718,0.278
122000,4,27.0459,-9377.3,3.93205,0.296
124000,4,30.028,-9379.4,1.54039,0.316
126000,5,34.1295,-9375.58,1.86696,0.326
128000,4,26.8244,-9382.64,3.13505,0.308
130000,4,25.183,-9382,2.14866,0.324
132000,3,21.0756,-9391.34,1.29941,0.319
134000,4,23.2919,-9380.6,4.25103,0.3455
136000,4,22.1787,-9367.79,1.43804,0.286
138000,5,23.5595,-9334.89,2.30752,0.274
140000,7,30.8522,-9328.77,3.90505,0.318
142000,6,25.7764,-9337.67,4.83396,0.3265
144000,6,26.9833,-9335.21,4.15664,0.35
146000,5,14.9966,-9336.89,4.14873,0.272
148000,6,31.5619,-9336.07,2.2214,0.295
150000,6,29.3932,-9334.68,3.38462,0.319
152000,7,32.8112,-9328.52,3.82005,0.35
154000,7,29.2556,-9321.72,5.14373,0.303
156000,7,34.1559,-9319.13,2.20437,0.3
158000,8,39.3592,-9314.46,3.26257,0.334
160000,10,37.27,-9312.82,8.69046,0.311
162000,10,48.0282,-9315.53,4.44067,0.329
164000,6,35.6187,-9330.78,3.07343,0.282
166000,6,31.8436,-9336.65,2.99354,0.3
168000,7,39.2987,-9321.67,2.30692,0.27975
170000,7,38.174,-9322.13,5.79092,0.29
172000,7,37.6788,-9319.65,2.99586,0.2985
174000,6,32.7224,-9345.58,2.19034,0.303125
176000,7,40.3983,-9346.61,3.09794,0.296
178000,7,39.8988,-9347.48,4.90796,0.288
180000,8,33.9177,-9341.43,7.29106,0.373
182000,6,28.7178,-9339.08,3.30706,0.27
184000,7,33.434,-9337.51,2.71734,0.319
186000,8,38.7186,-9342.22,6.76729,0.251
188000,10,45.7273,-9321.59,6.83476,0.308
190000,10,52.4337,-9320.66,5.38006,0.311
192000,7,35.4009,-9327.27,4.15935,0.317
194000,9,47.8801,-9314.17,3.97817,0.28275
196000,8,41.5434,-9320.09,3.08736,0.313333
198000,11,51.7511,-9311.49,5.25757,0.294083
200000,8,35.1798,-9319.98,7.11794,0.293667
202000,9,36.4348,-9307.75,8.77404,0.308
204000,9,52.5013,-9307.05,4.24823,0.325
206000,9,49.1141,-9306.9,3.43866,0.305286
208000,7,35.464,-9306.63,5.63321,0.292
210000,10,53.3077,-9313.64,3.3415,0.2895
212000,10,56.416,-9308.12,2.423,0.317
214000,9,47.9159,-9315.44,4.26453,0.345
216000,8,40.6422,-9311.15,6.20294,0.299
218000,8,40.7654,-9310.44,4.28216,0.334
220000,4,20.3971,-9348.21,2.05042,0.299667
222000,7,31.4124,-9309.45,2.78991,0.324429
224000,8,42.6538,-9310.56,3.77771,0.3265
226000,13,63.5871,-9302.35,9.08777,0.315667
228000,8,31.3452,-9311.23,4.87423,0.315
230000,7,32.2566,-9321.19,4.5919,0.265
232000,7,37.951,-9317.29,4.01946,0.293
234000,8,37.7574,-9300.06,3.32656,0.321778
236000,5,23.8708,-9340.23,3.41598,0.325
238000,7,32.2669,-9313.75,4.48396,0.3154
240000,9,44.8618,-9305.71,3.06277,0.307
242000,8,34.3875,-9311.45,6.21446,0.277
244000,9,48.4705,-9322.04,4.46142,0.298
246000,9,41.5837,-9311.21,2.68912,0.2795
248000,11,58.8403,-9308.96,3.24315,0.3
250000,9,41.6913,-9294.54,4.81605,0.293
252000,7,36.5504,-9320.02,3.142,0.323
254000,12,55.6428,-9288.96,9.27975,0.31275
256000,7,43.3296,-9324.62,2.26756,0.323333
258000,8,41.9993,-9307.07,2.79416,0.3048
260000,10,49.279,-9292.81,4.55273,0.329
262000,9,47.8134,-9307,5.12021,0.346667
264000,10,54.2077,-9276.93,3.63813,0.33625
266000,9,44.7146,-9268.06,6.35934,0.282
268000,9,49.4317,-9268.68,4.35495,0.313
270000,10,55.076,-9293.56,5.3416,0.305444
272000,9,52.5735,-9286.52,3.77691,0.283
274000,12,61.3205,-9271.4,5.53212,0.344
276000,11,51.016,-9260.77,7.38564,0.315
278000,13,68.1706,-9262.64,4.60558,0.332
280000,10,39.604,-9283.47,4.95889,0.313
282000,12,61.5041,-9271.61,7.8419,0.358333
284000,10,53.9289,-9264.09,4.95622,0.297
286000,12,60.6056,-9284.56,4.4628,0.310833
288000,13,55.6951,-9254.14,7.30443,0.29625
290000,14,64.978,-9255.13,12.1335,0.341
292000,12,69.467,-9292.56,3.68751,0.3152
294000,10,54.3468,-9285.43,6.49913,0.294
296000,16,71.8893,-9270.68,9.10143,0.35
298000,16,75.6513,-9263.45,9.32433,0.308
300000,8,45.8588,-9295.44,2.84932,0.302
302000,12,65.1994,-9259.01,5.45897,0.33775
304000,13,71.7601,-9278.45,5.94942,0.301
306000,13,70.1585,-9273.61,5.6373,0.311
308000,13,71.1388,-9272.09,5.24386,0.303
310000,13,59.6051,-9271.79,6.18429,0.328
312000,14,73.4388,-9277.44,10.058,0.326
314000,12,61.263,-9253.91,5.14642,0.337
316000,11,53.8993,-9252.03,7.64283,0.327
318000,12,60.9444,-9262.15,5.94114,0.326
320000,12,63.1445,-9272.69,6.74903,0.309
322000,11,57.0186,-9280.67,5.37716,0.304333
324000,11,57.1846,-9281.05,5.86119,0.306
326000,9,47.5723,-9277.61,4.27182,0.277667
328000,9,45.6675,-9280.61,6.26449,0.2755
330000,11,63.7817,-9249.12,3.53965,0.333
332000,12,58.0896,-9271.46,9.39519,0.3262
334000,10,51.9901,-9285.3,3.31378,0.3
336000,11,56.4585,-9269.44,6.90711,0.30875
338000,13,71.3244,-9245.39,5.93359,0.322
340000,8,44.5147,-9280,5.12841,0.301
342000,9,49.2008,-9273.16,5.66431,0.3025
344000,9,45.7879,-9276.91,3.63226,0.314
346000,13,66.7333,-9237.33,5.1907,0.34
348000,13,60.9542,-9235.73,7.41251,0.309
350000,12,58.3282,-9242.86,5.97186,0.28
352000,8,42.4132,-9280.59,5.29965,0.2886
354000,10,48.182,-9277.17,4.51816,0.317
356000,12,61.7721,-9239.28,4.88279,0.285
358000,15,77.7448,-9240.18,3.33291,0.295
360000,15,75.3109,-9239.89,5.24321,0.325
362000,16,74.1018,-9212.66,10.2682,0.348
364000,14,66.196,-9209.02,6.861,0.32
366000,15,74.239,-9211.24,7.99345,0.314
368000,16,71.96,-9206.01,11.6965,0.295
370000,12,59.825,-9246.03,5.92247,0.3086
372000,13,67.9423,-9247.69,7.76996,0.334
374000,12,63.2604,-9250.38,9.08529,0.288
376000,14,66.419,-9217.88,7.08777,0.297571
378000,14,74.2264,-9217.03,6.28717,0.306
380000,11,57.9704,-9246.62,5.05557,0.3194
382000,12,56.5797,-9256.3,6.034,0.355
384000,11,58.8976,-9241.44,3.66846,0.315
386000,11,58.9946,-9249.98,7.17137,0.2965
388000,11,58.991,-9257.13,5.17821,0.319
390000,14,69.7743,-9246.09,3.07257,0.317
392000,13,70.8338,-9239.14,5.10355,0.2975
394000,18,86.1055,-9214.73,10.1369,0.304067
396000,15,78.1367,-9209.14,6.07375,0.312
398000,17,85.6341,-9210.92,9.76755,0.35
400000,19,92.2687,-9208.87,14.4943,0.312
402000,15,79.703,-9226.24,6.70816,0.313222
404000,15,79.9137,-9210.37,5.21253,0.288
406000,15,75.317,-9195.54,7.41122,0.336
408000,13,65.1351,-9230.73,9.84055,0.281
410000,14,71.088,-9212.07,9.39097,0.305
412000,15,70.6793,-9202.9,10.3017,0.315
414000,8,44.2398,-9275.95,2.71176,0.278
416000,9,41.1065,-9257.68,6.79097,0.302
418000,13,70.4535,-9218.88,5.62172,0.308
420000,13,67.6867,-9214.44,6.86649,0.27
422000,13,71.992,-9211.99,5.79131,0.31
424000,10,50.8276,-9268.34,7.137,0.322625
426000,15,79.8177,-9202.89,7.68739,0.318
428000,14,79.5195,-9212.26,4.9154,0.347
430000,16,81.2024,-9197.12,8.67307,0.295
432000,16,77.3849,-9201.74,9.08327,0.368
434000,16,80.2759,-9200.01,8.96149,0.31
436000,15,72.0178,-9210.63,7.07945,0.303
438000,15,79.3245,-9203.24,10.0555,0.316
440000,16,83.204,-9202.9,8.68345,0.308
442000,16,76.0305,-9203.02,7.44255,0.339
444000,16,84.2213,-9208.34,5.0456,0.344
446000,14,72.5234,-9205.32,7.11093,0.291
448000,18,91.3398,-9209.89,8.14654,0.3265
450000,14,71.7084,-9210.59,6.8476,0.34
452000,15,77.324,-9203.45,6.99526,0.356
454000,14,71.5409,-9194.34,6.13643,0.32
456000,14,73.2533,-9199.33,6.1312,0.303
458000,14,70.9215,-9195.93,8.25233,0.302
460000,14,66.227,-9202.67,9.18456,0.299
462000,13,63.2765,-9227.2,7.72362,0.295722
464000,14,75.8364,-9227.7,8.93052,0.307
466000,16,86.7198,-9239.83,6.52401,0.307714
468000,11,52.2371,-9233.29,6.97799,0.301
470000,15,71.5424,-9208.64,7.06573,0.313
472000,14,60.5583,-9198.26,9.23891,0.281
474000,14,60.3342,-9198.93,7.63919,0.248
476000,12,60.3071,-9242.56,8.29614,0.303429
478000,17,85.6333,-9221.97,8.82059,0.303615
480000,15,77.4402,-9218.09,6.33173,0.314
482000,15,83.1065,-9218.2,5.38061,0.327
484000,12,52.5793,-9229.4,10.664,0.328571
486000,17,90.3199,-9205.07,8.29778,0.296727
488000,15,71.1321,-9203.49,8.55565,0.298
490000,17,78.2084,-9200.97,6.33124,0.275
492000,13,62.6543,-9225.97,7.94805,0.318
494000,16,72.7415,-9203.01,14.8812,0.313
496000,16,74.8094,-9203.68,8.54654,0.298
498000,16,83.6351,-9236.1,9.37941,0.346
500000,15,71.5299,-9217.77,6.8935,0.3
502000,13,63.159,-9237.36,7.16011,0.337667
504000,17,74.7213,-9228.23,6.30008,0.2985
506000,17,78.5978,-9227.83,10.5077,0.298
508000,18,85.6804,-9215.5,8.27684,0.303
510000,18,96.759,-9196.57,6.6926,0.309214
512000,16,75.7695,-9219.76,11.6634,0.301222
514000,19,98.91,-9200.46,12.263,0.309
516000,16,81.2871,-9199.38,9.95356,0.293
518000,16,83.9107,-9206.94,11.7316,0.321
520000,17,84.7114,-9193.7,7.52573,0.318
522000,18,91.0335,-9203.45,8.56665,0.317
524000,17,80.7012,-9208.83,6.98072,0.327
526000,17,77.9709,-9212.54,9.03311,0.268
528000,19,91.7282,-9199.25,8.82967,0.313357
530000,14,75.8506,-9200,5.01595,0.318889
532000,18,87.7461,-9197.1,9.27874,0.304
534000,19,91.7766,-9188.23,13.1594,0.306
536000,16,78.4406,-9197.67,3.74313,0.337
538000,19,92.8721,-9195.04,9.2256,0.3045
540000,18,87.1259,-9181.11,9.31545,0.316
542000,19,91.3685,-9190.6,11.8588,0.301
544000,16,79.5112,-9222.98,7.19045,0.301
546000,15,69.0318,-9233.67,8.35058,0.316
548000,15,70.7908,-9228.39,7.93683,0.286
550000,17,88.6035,-9189.07,10.5599,0.316762
552000,15,74.0211,-9195.76,8.25964,0.314
554000,15,71.2789,-9193.89,7.96654,0.286
556000,18,90.8312,-9196.42,8.32832,0.31575
558000,16,70.5296,-9180.84,8.76251,0.28575
560000,16,70.9384,-9186.09,8.46512,0.278
562000,18,101.09,-9199.25,5.69381,0.336333
564000,16,75.0554,-9190.39,6.75306,0.307
566000,14,72.9515,-9197.41,4.0003,0.298
568000,15,80.2691,-9193.52,5.20945,0.2925
570000,16,72.251,-9182.61,7.44601,0.322077
572000,13,71.5227,-9200.67,5.57288,0.302333
574000,13,61.7214,-9196.17,9.22674,0.253
576000,16,77.29,-9214.3,6.18782,0.317
578000,23,110.515,-9187.2,11.3048,0.347
580000,20,97.9881,-9182.46,8.18904,0.326
582000,16,73.4691,-9171.83,8.31246,0.309
584000,18,79.2045,-9176.39,10.3496,0.304
586000,17,80.1506,-9176.09,7.8515,0.2985
588000,16,74.0071,-9176.73,14.3143,0.304
590000,18,91.1186,-9172.95,7.3617,0.303
592000,17,83.5353,-9161.95,8.72469,0.307
594000,17,82.0526,-9168.85,8.47498,0.299
596000,17,76.5973,-9176.58,11.2537,0.305
598000,19,92.569,-9197.31,10.4612,0.320769
600000,17,82.8061,-9173.64,12.3468,0.304167
602000,18,91.6483,-9170.82,6.65893,0.313
604000,17,75.58,-9205.71,12.176,0.3446
606000,16,82.4257,-9164.72,9.17578,0.2885
608000,22,108.922,-9175.33,11.7054,0.369
610000,20,93.2278,-9171.96,15.6861,0.344
612000,18,91.0264,-9165.63,8.52083,0.342
614000,19,97.6355,-9209.4,8.08915,0.315
616000,17,77.5679,-9198.07,13.3279,0.326636
618000,17,88.2639,-9213.33,10.6364,0.352
620000,14,64.0779,-9190.46,6.95548,0.301789
622000,19,94.418,-9181.35,8.78084,0.333
624000,13,62.5221,-9190.01,5.51823,0.287667
626000,17,78.9621,-9173.79,15.0599,0.292
628000,20,103.064,-9185.7,9.87859,0.319833
630000,20,103.487,-9182.92,9.3946,0.33
632000,19,102.942,-9189.34,6.87436,0.32
634000,19,95.4694,-9175.54,9.54284,0.295
636000,21,98.9834,-9186.84,17.8527,0.343
638000,16,83.7691,-9171.99,4.17215,0.314
640000,14,58.348,-9176.32,9.60939,0.273
642000,15,66.8785,-9167.52,9.30378,0.287
644000,17,78.0071,-9172.2,9.13268,0.321
646000,16,71.0424,-9170.78,9.27655,0.299
648000,16,78.094,-9196.32,10.7742,0.318417
650000,15,66.7375,-9171.12,9.06376,0.295
652000,17,83.2591,-9179.55,6.72912,0.2934
654000,16,66.7376,-9169.92,14.0753,0.349
656000,16,64.329,-9166.74,10.3485,0.318
658000,20,94.1516,-9199.89,7.23093,0.343
660000,21,87.0361,-9205.65,13.4022,0.327
662000,13,68.6508,-9172.06,6.23352,0.315636
664000,15,76.3577,-9172.73,6.38656,0.308
666000,17,71.3807,-9183.07,13.344,0.339
668000,19,105.285,-9198.86,7.02724,0.324
670000,18,86.9729,-9188.77,9.62643,0.318
672000,15,79.7234,-9227,7.39594,0.32212
674000,14,67.0191,-9227.34,5.08179,0.259
676000,17,85.1146,-9175.58,10.4997,0.329583
678000,13,64.9732,-9201.01,4.53787,0.302
680000,13,65.3672,-9175.98,8.79321,0.3005
682000,14,59.7813,-9171.34,12.9578,0.295
684000,14,68.7449,-9172.28,4.80221,0.296
686000,17,84.0181,-9175.48,7.81389,0.343
688000,17,92.8962,-9170.76,8.34118,0.293
690000,16,85.4978,-9158.11,6.38348,0.285
692000,15,78.8804,-9198.02,6.18992,0.315533
694000,16,70.4123,-9150.29,11.7317,0.318667
696000,20,98.9714,-9161.66,11.9438,0.349
698000,21,105.002,-9153.29,11.0177,0.339
700000,14,66.1865,-9185.69,8.87295,0.330143
702000,15,67.6648,-9175.14,7.30626,0.326
704000,17,88.7441,-9205.4,9.77768,0.328
706000,17,85.9893,-9151.93,8.13646,0.334286
708000,16,85.6137,-9156.7,7.82432,0.306
710000,17,88.3108,-9150.53,6.11523,0.325
712000,16,54.8567,-9162.77,10.2138,0.307143
714000,15,59.9838,-9159.18,7.97311,0.309
716000,15,72.4549,-9222.04,8.46457,0.2878
718000,18,81.4492,-9166.95,6.26461,0.324667
720000,18,67.637,-9166.8,10.4979,0.322
722000,21,90.6681,-9172.95,9.94454,0.376
724000,21,105.149,-9205.83,10.1971,0.31345
726000,18,83.6395,-9137.68,11.2444,0.331
728000,15,67.4421,-9183.32,8.11284,0.324
730000,17,85.2299,-9185.52,6.73146,0.329667
732000,17,75.0777,-9207.49,5.5938,0.265
734000,18,95.0003,-9206,8.8624,0.31
736000,20,99.2973,-9190.46,10.6074,0.319
738000,20,92.4697,-9190.41,11.5968,0.307
740000,20,105.935,-9193.17,7.82126,0.33
742000,20,85.6762,-9142.91,10.3436,0.343
744000,19,97.2778,-9193.74,7.12577,0.3135
746000,17,79.4578,-9161.77,10.6348,0.324706
748000,17,75.9234,-9154.11,7.74776,0.309
750000,21,94.7284,-9141.45,8.71492,0.32375
752000,15,74.1738,-9161.83,5.59621,0.32275
754000,15,68.5435,-9228.15,5.62164,0.341778
756000,13,59.313,-9237,7.12204,0.321
758000,15,65.805,-9164.34,8.19925,0.294
760000,14,64.7782,-9155.4,8.47868,0.302
762000,17,91.9965,-9201.2,6.90025,0.333
764000,13,65.6158,-9175.08,6.89971,0.249
766000,13,61.9435,-9175.17,13.2329,0.288
768000,15,73.0158,-9194.74,8.59482,0.329833
770000,17,83.2699,-9162.7,5.25314,0.336
772000,15,76.4881,-9177.29,9.82568,0.326
774000,15,74.7981,-9161.43,5.85962,0.33
776000,15,75.7422,-9163.04,5.88827,0.334
778000,17,82.0554,-9164.48,6.28087,0.315
780000,15,73.7727,-9172.5,8.44919,0.327
782000,18,87.5715,-9162.14,8.97754,0.3045
784000,17,90.5673,-9164.09,6.01705,0.324
786000,16,83.6535,-9163.52,7.74812,0.352
788000,16,82.8648,-9151.14,5.59264,0.289
790000,18,87.1807,-9171.29,11.2698,0.329111
792000,14,66.2247,-9153.81,7.14671,0.281
794000,16,90.6133,-9234.09,5.47256,0.355
796000,14,70.5272,-9158.13,6.20065,0.31125
798000,15,70.5426,-9158.12,7.76404,0.308
800000,16,83.2773,-9197.76,8.38749,0.307563
802000,15,80.3898,-9156.09,6.29915,0.31
804000,19,94.8859,-9190.91,11.1636,0.308
806000,18,80.7397,-9191.31,9.83353,0.321
808000,16,78.852,-9195.59,7.26825,0.331
810000,17,83.7825,-9156.79,9.76949,0.29275
812000,20,95.2684,-9143.65,7.55537,0.341
814000,18,89.3996,-9146.53,11.7625,0.33
816000,16,80.8052,-9151.06,9.61372,0.3145
818000,17,86.1093,-9161.48,8.01717,0.338
820000,16,77.3186,-9164.47,7.38019,0.317
822000,18,86.7182,-9133.09,8.75726,0.305
824000,19,89.6373,-9150.46,8.01692,0.3095
826000,23,110.693,-9143.54,9.56607,0.345
828000,22,110.568,-9140.73,10.6531,0.334
830000,20,97.5113,-9149.09,7.83164,0.335
832000,21,97.5692,-9159.86,11.067,0.31
834000,19,91.8248,-9191.96,10.9061,0.316
836000,16,74.3165,-9149.59,10.5234,0.310933
838000,17,92.8334,-9183.24,6.53198,0.327
840000,17,80.2487,-9142.27,7.83811,0.297
842000,18,86.1089,-9131.02,6.3731,0.287
844000,17,78.8219,-9128.81,10.6666,0.298
846000,20,104.419,-9182.39,10.9615,0.3395
848000,22,114.354,-9179.39,9.33712,0.342
850000,25,118.924,-9128.86,14.5978,0.339
852000,23,111.398,-9132.34,10.3764,0.364
854000,20,97.4514,-9131.7,13.0157,0.321
856000,20,89.3846,-9203.33,13.5329,0.29825
858000,21,115.235,-9197.11,9.39937,0.319
860000,18,89.0119,-9140.51,10.226,0.327
862000,19,92.1004,-9180.88,13.2057,0.3
864000,20,98.0419,-9137.61,13.2568,0.307889
866000,22,107.859,-9144.45,11.0835,0.349
868000,25,126.737,-9150.37,12.0211,0.341
870000,20,97.5413,-9209.28,9.89638,0.329846
872000,20,103.213,-9195.78,10.4151,0.328
874000,22,108.931,-9190.44,11.6602,0.375
876000,17,83.8718,-9200.32,6.77739,0.3
878000,21,111.536,-9194.54,11.9955,0.307
880000,22,106.778,-9142.58,13.8668,0.32895
882000,21,100.247,-9138.55,12.0803,0.356
884000,26,121.284,-9144.51,15.8628,0.365
886000,21,98.384,-9127.82,13.1721,0.344
888000,22,94.0132,-9122.83,17.2778,0.309
890000,18,86.5847,-9192.32,10.1568,0.311
892000,21,100.944,-9115.84,11.6373,0.318
894000,24,112.73,-9153.61,9.60513,0.352
896000,21,100.209,-9155.93,9.86376,0.323
898000,20,97.2281,-9144.13,7.69043,0.323
900000,20,94.4804,-9173.12,11.4551,0.332111
902000,22,101.538,-9147.02,15.3576,0.32275
904000,19,82.7909,-9154.77,8.76146,0.3392
906000,17,67.2377,-9147.77,6.70545,0.341
908000,19,93.9877,-9179.43,13.3709,0.321
910000,17,80.1919,-9154.74,9.86691,0.322
912000,14,60.2266,-9161.88,9.26594,0.291
914000,14,64.4465,-9152.25,8.51323,0.29
916000,17,79.2763,-9155.04,11.4318,0.304
918000,15,68.9884,-9151.64,5.94886,0.29
920000,16,69.7464,-9144.63,9.80621,0.325
922000,18,85.2174,-9147.45,7.02729,0.307
924000,16,73.0419,-9147.55,8.15527,0.32
926000,15,77.3134,-9205.27,8.43641,0.303
928000,18,84.009,-9144.95,10.4334,0.324571
930000,20,95.0594,-9144.56,10.4734,0.31
932000,20,89.1323,-9159.37,11.5794,0.33575
934000,17,67.4921,-9159.6,14.756,0.339
936000,17,73.2013,-9157.43,11.7268,0.339
938000,17,83.0965,-9180.65,8.19377,0.341
940000,17,86.1942,-9183.82,10.1838,0.31
942000,17,88.1024,-9193.95,8.53802,0.322
944000,18,81.4584,-9144.2,9.05564,0.3135
946000,18,81.1154,-9152.69,10.101,0.338
948000,20,95.0488,-9141.93,12.2632,0.288
950000,18,81.0398,-9128.43,12.0341,0.305
952000,20,96.3764,-9131.11,10.9253,0.294
954000,19,90.2108,-9147.92,9.55594,0.32
956000,18,75.3683,-9139.03,11.1556,0.308
958000,22,100.852,-9142.4,11.7111,0.332
960000,20,86.331,-9131.37,8.48104,0.334375
962000,22,103.968,-9133.93,9.83064,0.322
964000,17,75.7869,-9140.71,11.5728,0.292
966000,20,100.06,-9134.18,6.94582,0.33225
968000,15,74.4869,-9174.15,8.31343,0.297
970000,15,77.6167,-9202.37,7.37954,0.326
972000,13,64.6397,-9165.93,6.02351,0.274
974000,19,87.2147,-9139.86,9.388,0.3202
976000,20,99.0558,-9131.37,9.92538,0.306
978000,16,76.0281,-9168.86,11.2684,0.318
980000,24,115.35,-9138.21,14.0781,0.32
982000,25,118.845,-9130.32,15.6946,0.358333
984000,28,133.12,-9125.61,13.5577,0.362
986000,24,111.903,-9130.48,14.1924,0.36
988000,26,115.366,-9134.74,16.9623,0.351
990000,15,73.3367,-9166.74,9.20514,0.317
992000,21,95.6046,-9131.21,6.40926,0.308
994000,25,111.495,-9134.87,11.0619,0.343
996000,23,100.529,-9139.96,9.62682,0.327
998000,22,102.178,-9135.87,10.3666,0.315
1000000,23,99.6569,-9130.05,12.6601,0.359
1002000,22,96.6402,-9127.21,17.0192,0.335
1004000,23,110.355,-9136.84,11.9555,0.3435
1006000,23,114.683,-9134.6,13.7743,0.379
1008000,19,90.2566,-9194.78,12.5097,0.3504
1010000,21,103.196,-9133.52,8.14938,0.321667
1012000,19,81.7204,-9132.85,11.4897,0.331
1014000,16,81.106,-9197.5,6.84055,0.339
1016000,21,91.6646,-9117.44,10.9205,0.32625
1018000,20,95.5571,-9130.27,10.7217,0.296
1020000,17,89.6055,-9190.85,8.83619,0.311
1022000,19,74.598,-9120.29,13.2469,0.3215
1024000,25,120.502,-9128.66,10.9119,0.339
1026000,23,114.404,-9117.64,10.377,0.315
1028000,21,100.604,-9143.13,9.385,0.315167
1030000,21,102.475,-9139.51,12.3129,0.322
1032000,22,107.939,-9138.34,9.81839,0.342
1034000,24,120.739,-9128.54,8.40433,0.329
1036000,18,88.7724,-9129.42,8.45321,0.337333
1038000,21,96.8652,-9120.08,9.12189,0.341
1040000,20,89.2663,-9176.35,11.9255,0.302
1042000,20,90.6136,-9126.68,10.1421,0.32375
1044000,19,93.0833,-9130.86,9.81846,0.305
1046000,17,78.9052,-9135.78,12.434,0.298
1048000,20,102.164,-9146.75,6.45059,0.319
1050000,21,100.125,-9143.67,15.3011,0.315
1052000,19,93.6741,-9139.33,10.7303,0.282
1054000,21,105.279,-9135.77,10.8212,0.328
1056000,20,98.7983,-9118.09,8.5002,0.315
1058000,22,104.355,-9116.87,14.4767,0.292
1060000,23,109.564,-9120.71,12.2859,0.371
1062000,20,102.486,-9149.43,10.5679,0.311
1064000,16,77.7336,-9168.68,10.2661,0.344
1066000,28,135.419,-9119.9,12.96,0.326
1068000,19,91.9099,-9153.54,8.86679,0.329
1070000,15,67.6392,-9162.26,12.2357,0.302
1072000,17,74.9488,-9153.73,11.0452,0.301
1074000,17,84.0993,-9155.11,8.05696,0.338
1076000,16,83.2516,-9143.01,6.74545,0.304
1078000,18,87.8297,-9131.55,9.76392,0.338
1080000,21,95.8707,-9127.69,13.6705,0.333
1082000,20,94.3146,-9124.39,14.0246,0.304
1084000,16,74.8525,-9145,12.0902,0.328667
1086000,19,86.5874,-9146.14,11.338,0.288
1088000,18,86.6001,-9145.65,7.83952,0.308
1090000,27,125.095,-9114.13,11.845,0.339
1092000,23,97.9836,-9122.99,12.7399,0.324
1094000,23,109.363,-9135.07,15.3067,0.375
1096000,21,102.455,-9140.1,15.5474,0.334625
1098000,20,87.9725,-9135.06,13.0852,0.309
1100000,17,78.519,-9147.73,6.62629,0.371
1102000,21,99.791,-9154.03,10.9494,0.338
1104000,20,95.3618,-9128.82,11.795,0.3125
1106000,20,98.0739,-9131.17,9.72503,0.32
1108000,20,90.1215,-9129.91,13.5001,0.299
1110000,19,86.3767,-9138.06,10.2536,0.327
1112000,20,99.7066,-9137.26,8.91953,0.3045
1114000,20,87.0343,-9120.59,10.2171,0.318
1116000,21,90.9752,-9136.63,10.1598,0.325
1118000,22,115.833,-9150.29,12.5477,0.346
1120000,24,112.586,-9136.89,9.35012,0.3375
1122000,20,90.2183,-9118.87,12.0863,0.315
1124000,21,106.816,-9120.46,9.42773,0.306
1126000,25,118.262,-9124.35,10.7371,0.32
1128000,24,119.631,-9109.28,9.0583,0.337
1130000,27,129.024,-9113.74,16.3789,0.36
1132000,26,134.381,-9119.55,10.1414,0.35
1134000,25,108.249,-9111.16,13.9167,0.317
1136000,23,106.924,-9103.01,11.0307,0.329
1138000,23,104.213,-9110.56,13.7495,0.299
1140000,27,128.316,-9104.58,16.1242,0.346
1142000,30,132.064,-9104.23,20.7996,0.374
1144000,33,156.342,-9099.39,19.076,0.381
1146000,21,105.594,-9128.46,11.7464,0.355
1148000,19,95.5747,-9145.01,8.44244,0.363
1150000,30,139.64,-9112.33,17.1638,0.384333
1152000,29,137.048,-9114.24,17.1887,0.371
1154000,25,118.659,-9137.78,14.2575,0.3672
1156000,20,95.8009,-9140.3,11.1683,0.343
1158000,21,90.7168,-9109.03,15.0011,0.308
1160000,21,87.1746,-9119.47,11.7266,0.3525
1162000,19,92.235,-9136.94,12.1166,0.330625
1164000,21,105.869,-9142.82,11.2031,0.3335
1166000,19,94.2777,-9138.39,9.42563,0.312
1168000,26,124.944,-9104.58,10.3816,0.321
1170000,27,134.303,-9106.69,13.3664,0.361
1172000,28,137.149,-9100.92,15.8496,0.345
1174000,23,111.575,-9129.33,12.4306,0.338
1176000,26,123.154,-9134.27,14.5981,0.35
1178000,27,127.093,-9112.3,10.875,0.361
1180000,34,167.597,-9123.78,17.4016,0.386
1182000,30,149.865,-9111.8,15.3114,0.348
1184000,28,138.308,-9109.32,19.2783,0.363
1186000,27,136.763,-9116.44,14.1653,0.326
1188000,23,97.1895,-9130.16,9.71817,0.344095
1190000,23,109.947,-9112.66,9.69368,0.344
1192000,24,117.79,-9141.66,11.3077,0.337
1194000,27,135.695,-9104.69,10.9755,0.357667
1196000,27,131.435,-9102.57,13.0648,0.327
1198000,19,70.9823,-9150.11,15.6897,0.346844
1200000,22,99.8795,-9120.95,9.7702,0.332
1202000,23,101.513,-9120.77,11.8372,0.333
1204000,24,115.935,-9095.46,12.9154,0.313
1206000,26,126.946,-9108.92,13.0684,0.315
1208000,24,114.7,-9131.32,11.7122,0.31425
1210000,20,91.4276,-9145.99,8.52358,0.348
1212000,27,107.18,-9105.68,14.8442,0.336
1214000,25,112.955,-9106.83,11.1232,0.325
1216000,21,100.464,-9114.34,10.1241,0.317
1218000,25,116.721,-9128.98,9.32127,0.327
1220000,28,135.241,-9107.01,14.527,0.319
1222000,28,139.597,-9100.48,11.199,0.33
1224000,29,142.249,-9108.12,17.9946,0.344
1226000,29,139.308,-9099.04,15.4499,0.355
1228000,22,110.008,-9125.54,12.7872,0.368
1230000,25,124.306,-9124.92,13.6157,0.352
1232000,23,107.86,-9115.54,9.25966,0.3405
1234000,24,116.794,-9121.11,13.5745,0.328
1236000,25,121.163,-9112.22,13.2095,0.3357
1238000,28,136.248,-9115.24,11.3468,0.368
1240000,27,130.065,-9114.47,15.4175,0.3342
1242000,27,127.623,-9091.09,13.5378,0.333
1244000,27,136.713,-9098.64,8.92038,0.342
1246000,27,132.216,-9094.63,12.4462,0.328
1248000,21,106.471,-9118.94,10.8869,0.335
1250000,21,103.64,-9116.64,11.252,0.323
1252000,25,126.712,-9103.35,8.94562,0.362
1254000,23,105.671,-9116.3,14.4645,0.33
1256000,30,139.379,-9098.17,19.3759,0.35025
1258000,30,148.108,-9099.86,14.0031,0.317
1260000,22,110.008,-9129.7,7.60694,0.3336
1262000,17,83.2918,-9137.94,9.2362,0.296
1264000,22,106.97,-9125.83,9.11653,0.317
1266000,20,89.778,-9123.51,11.4327,0.306
1268000,22,100.519,-9138.94,11.0314,0.302
1270000,21,102.954,-9119.1,11.0603,0.324667
1272000,27,128.754,-9116.38,16.5564,0.334333
1274000,28,117.369,-9099.43,21.7262,0.327
1276000,23,114.315,-9112.41,14.3418,0.349
1278000,29,130.289,-9109.79,22.1051,0.367
1280000,30,127.913,-9104.98,15.9863,0.353
1282000,26,130.223,-9113.04,11.6523,0.367
1284000,26,136.453,-9128.98,11.7143,0.353
1286000,23,115.928,-9129.15,11.3392,0.338
1288000,26,115.23,-9115.83,15.2646,0.332125
1290000,28,133.753,-9114.34,17.105,0.367
1292000,19,87.8938,-9137.16,9.72096,0.337133
1294000,19,97.5985,-9134.82,10.8316,0.3465
1296000,22,104.697,-9126.07,12.4567,0.317
1298000,21,96.4459,-9123.56,14.8548,0.2785
1300000,22,99.6444,-9118.55,10.7392,0.296
1302000,21,98.2941,-9109.61,11.3194,0.327
1304000,26,120.639,-9120.16,18.0182,0.37
1306000,22,107.809,-9118.82,10.2316,0.342
1308000,25,119.649,-9105.6,13.8241,0.377
1310000,28,136.802,-9111.61,16.9568,0.343
1312000,25,125.665,-9124.82,12.7281,0.337
1314000,27,135.13,-9120.68,11.1291,0.33
1316000,26,119.694,-9109.06,18.19,0.317
1318000,29,132.895,-9114.87,12.8872,0.357
1320000,27,127.089,-9122.42,13.2447,0.351
1322000,30,116.904,-9111.39,16.5694,0.341
1324000,28,123.508,-9123.84,13.6614,0.361
1326000,23,117.003,-9130.85,12.4015,0.322636
1328000,21,102.923,-9121.81,13.4693,0.341
1330000,23,104.273,-9121.85,11.8617,0.3492
1332000,20,95.9493,-9124.18,12.7142,0.32925
1334000,24,116.393,-9118.43,9.10787,0.349
1336000,24,117.934,-9107.28,9.29365,0.339
1338000,21,102.68,-9102.81,12.1762,0.287
1340000,22,105.438,-9116.97,14.0152,0.323
1342000,24,118.538,-9122.95,13.3812,0.341
1344000,24,118.187,-9133.99,10.6181,0.35
1346000,22,100.987,-9107.27,15.9751,0.311
1348000,25,115.611,-9109.91,17.3263,0.365
1350000,24,105.373,-9111.11,17.4985,0.34
1352000,17,87.389,-9143.77,7.01928,0.331
1354000,24,115.65,-9120.04,10.7552,0.311
1356000,27,131.014,-9118.83,10.4083,0.334
1358000,24,120.777,-9117.59,8.98529,0.334
1360000,24,129.005,-9120.41,8.31787,0.3325
1362000,17,80.9407,-9140.03,7.77743,0.3256
1364000,21,93.2449,-9123.63,11.9998,0.3078
1366000,21,96.8345,-9129.82,9.49354,0.323667
1368000,24,119.85,-9114.53,10.6304,0.321
1370000,19,88.4845,-9124.74,8.55477,0.321
1372000,20,92.2486,-9131.97,10.6248,0.319429
1374000,22,121.607,-9145.31,9.41443,0.340667
1376000,24,123.544,-9130.08,11.7603,0.339
1378000,19,98.7625,-9142.38,7.61722,0.343
1380000,21,97.334,-9122.33,13.7667,0.329
1382000,20,106.729,-9129.64,8.35484,0.329
1384000,19,90.6649,-9127.89,10.4157,0.271
1386000,20,96.8334,-9139.45,10.0051,0.327125
1388000,23,112.552,-9138.71,10.4997,0.352
1390000,27,136.87,-9135.2,13.6199,0.337
1392000,25,138.802,-9145.15,10.4444,0.356
1394000,20,106.233,-9130.87,7.29104,0.31425
1396000,19,98.7865,-9121.23,8.12323,0.319
1398000,19,93.6542,-9117.85,10.1458,0.312
1400000,26,128.931,-9133.15,9.76111,0.336714
1402000,27,129.931,-9140.39,16.5039,0.347
1404000,19,88.134,-9129.35,8.34559,0.296
1406000,23,107.645,-9121.82,11.3187,0.339143
1408000,23,101.186,-9123.79,12.5261,0.339
1410000,22,98.2631,-9118.7,16.6913,0.324
1412000,21,82.8842,-9120.99,14.1978,0.324286
1414000,21,91.1483,-9130.25,9.66292,0.294
1416000,21,100.798,-9129.36,9.06884,0.343
1418000,19,84.8204,-9134.57,9.48829,0.319
1420000,23,118.965,-9125.69,10.1864,0.330111
1422000,24,117.866,-9127.23,12.2683,0.341
1424000,25,119.492,-9141.51,10.6972,0.327
1426000,24,102.047,-9120.41,14.4703,0.348
1428000,27,114.236,-9120.39,11.2027,0.356
1430000,23,99.0948,-9101.15,11.2516,0.338
1432000,23,102.519,-9101.18,8.89334,0.3455
1434000,25,122.237,-9110.47,15.4699,0.371
1436000,27,118.215,-9097.6,15.5192,0.361
1438000,28,130.944,-9097.35,14.4204,0.329
1440000,22,112.716,-9117.82,9.43282,0.327571
1442000,27,130.583,-9123.21,15.776,0.391
1444000,23,111.705,-9122.86,11.9393,0.298
1446000,22,102.259,-9121.82,11.8688,0.356
1448000,24,115.468,-9139.55,11.1684,0.326
1450000,26,130.344,-9136.32,8.55205,0.356
1452000,25,113.963,-9121.33,12.4797,0.3415
1454000,22,109.26,-9124.83,8.49375,0.34475
1456000,19,85.8677,-9127.03,11.1359,0.304
1458000,24,103.614,-9120.13,17.9887,0.348562
1460000,20,96.4157,-9108.9,9.71838,0.297
1462000,21,84.3617,-9129.09,17.4464,0.3427
1464000,24,115.658,-9127.12,10.8437,0.365
1466000,19,91.8268,-9122.06,7.77172,0.322167
1468000,23,108.091,-9125.63,14.8386,0.339133
1470000,26,119.026,-9131.45,13.4773,0.3566
1472000,18,87.0369,-9141.26,5.79042,0.3264
1474000,24,118.48,-9126.15,9.68507,0.332
1476000,30,141.239,-9133.15,14.1526,0.372
1478000,22,111.128,-9129.58,11.188,0.338
1480000,22,107.453,-9120.11,14.3562,0.32
1482000,22,109.507,-9111.98,10.2378,0.345
1484000,24,116.718,-9121.26,11.969,0.353
1486000,24,118.324,-9118.77,10.9653,0.325
1488000,22,93.8903,-9118.26,16.7391,0.328692
1490000,18,92.0015,-9139.61,9.25294,0.313
1492000,19,86.4471,-9146.77,15.5527,0.3331
1494000,18,84.8672,-9132.84,9.83634,0.314667
1496000,20,94.6441,-9134.67,12.3352,0.333333
1498000,21,98.0899,-9119.63,9.55372,0.325
1500000,22,109.164,-9124.51,14.8317,0.326167
1502000,17,83.0167,-9135.51,9.15361,0.288
1504000,18,82.7175,-9140.06,10.8641,0.292
1506000,17,73.9528,-9125.73,9.07247,0.2985
1508000,19,87.219,-9109.79,9.56284,0.3135
1510000,20,94.7036,-9122.64,8.6814,0.299
1512000,19,85.8709,-9124.46,9.72288,0.3284
1514000,19,88.1367,-9120.82,9.37319,0.302375
1516000,22,102.256,-9121.29,12.3683,0.354
1518000,20,90.743,-9139,14.6338,0.328
1520000,21,91.1691,-9123.87,10.2585,0.329
1522000,22,98.8103,-9144.85,13.5464,0.325
1524000,22,94.1123,-9111.04,12.6908,0.341
1526000,18,76.0759,-9134.63,9.78723,0.310625
1528000,25,117.828,-9137.21,12.7898,0.366
1530000,21,92.9703,-9129.28,12.2488,0.3205
1532000,24,113.222,-9109.53,13.3474,0.347
1534000,21,94.5008,-9117.23,7.87225,0.307
1536000,22,97.3015,-9111.42,10.5184,0.304
1538000,20,92.2593,-9123.05,7.48321,0.313857
1540000,21,97.7679,-9121.5,8.13651,0.331
1542000,22,96.0385,-9122.38,16.6329,0.35
1544000,20,98.8381,-9130.42,8.09641,0.375
1546000,20,98.315,-9122.87,8.93745,0.339
1548000,25,126.162,-9123.88,12.0117,0.3465
1550000,26,129.222,-9118.24,12.791,0.354
1552000,24,113.514,-9112.05,16.8647,0.348
1554000,24,122.788,-9116.82,8.45095,0.337
1556000,25,119.931,-9119.15,14.8574,0.333
1558000,26,129.658,-9125.12,10.7716,0.318
1560000,27,123.853,-9124.81,16.443,0.356
1562000,26,116.899,-9123.89,16.0302,0.386
1564000,21,112.789,-9122.3,6.93984,0.364
1566000,21,93.8312,-9123.51,15.1394,0.339
1568000,21,91.9144,-9135.84,12.0271,0.318
1570000,23,104.182,-9125.93,12.6572,0.319
1572000,22,101.9,-9126.37,9.08963,0.345
1574000,21,95.9684,-9126.27,11.3548,0.312
1576000,21,93.6227,-9131.52,13.1589,0.3145
1578000,21,99.6451,-9124.9,9.18656,0.338333
1580000,22,107.88,-9121.97,13.8675,0.350357
1582000,20,99.0443,-9117.69,11.8731,0.312
1584000,19,97.8563,-9148.13,7.21562,0.351
1586000,17,78.6887,-9143.6,8.40376,0.364286
1588000,19,88.905,-9134.71,10.2885,0.3225
1590000,17,72.8,-9143.17,15.4214,0.289
1592000,18,75.6647,-9140.49,11.9645,0.309
1594000,20,89.4865,-9135.56,10.8079,0.325
1596000,17,73.3034,-9131.11,12.7195,0.326875
1598000,16,74.0603,-9125.22,6.52781,0.310875
1600000,22,113.675,-9130.5,11.4924,0.351
1602000,20,90.4554,-9127.75,9.88864,0.31975
1604000,19,77.8852,-9125.8,7.56943,0.313
1606000,19,89.9139,-9140.92,9.95065,0.305
1608000,21,92.1473,-9132.28,14.421,0.294
1610000,19,97.6161,-9133.62,7.4445,0.326
1612000,17,79.8795,-9126.59,13.2277,0.3
1614000,20,101.603,-9138.12,9.97808,0.318
1616000,18,97.0852,-9146.31,6.43692,0.364
1618000,19,96.5016,-9149.29,10.429,0.357
1620000,20,91.1633,-9136.5,15.9596,0.326
1622000,25,113.338,-9117.52,12.4231,0.339643
1624000,24,105.017,-9125.78,17.2528,0.359
1626000,26,117.042,-9130.6,12.7646,0.315
1628000,25,113.962,-9123.66,9.07886,0.361
1630000,26,121.268,-9129.02,13.1178,0.342
1632000,19,80.35,-9128.48,10.9737,0.309455
1634000,22,108.049,-9119.12,16.3116,0.351
1636000,27,129.674,-9123.35,12.6532,0.352
1638000,21,105.804,-9120.99,10.081,0.328833
1640000,24,110.544,-9122.99,15.6746,0.325833
1642000,21,97.7981,-9117.04,11.5651,0.32
1644000,26,131.349,-9130.63,13.3824,0.37
1646000,21,79.4894,-9109.51,15.4701,0.33175
1648000,21,104.132,-9130.59,8.46663,0.356
1650000,23,117.985,-9121.73,10.8913,0.324
1652000,22,95.1199,-9123.87,15.1923,0.331333
1654000,21,109.622,-9126.6,8.81401,0.334733
1656000,23,117.239,-9114.15,10.5893,0.338
1658000,25,129.283,-9117.6,11.6543,0.299
1660000,17,81.5004,-9139.84,7.87805,0.3
1662000,21,94.8843,-9120.32,11.9093,0.335444
1664000,21,102.111,-9120.77,12.0071,0.312
1666000,17,83.411,-9145.89,9.04528,0.345667
1668000,28,134.699,-9120.17,18.1781,0.407
1670000,25,118.414,-9121.32,10.7741,0.361
1672000,21,96.0867,-9140.46,10.4984,0.3305
1674000,22,101.453,-9130.74,14.0206,0.334529
1676000,24,112.118,-9126.97,14.2696,0.328867
1678000,18,82.8636,-9128.76,9.97059,0.333
1680000,19,84.2644,-9129.18,14.3716,0.301
1682000,20,99.7141,-9136.03,9.60522,0.321
1684000,18,85.8627,-9120.62,8.63218,0.2978
1686000,18,87.6584,-9125.09,8.09639,0.332
1688000,21,111.414,-9126.78,10.5339,0.323
1690000,21,111.71,-9137.59,8.22765,0.335
1692000,20,97.0256,-9128.84,14.1106,0.338
1694000,22,118.735,-9133.13,11.5328,0.332
1696000,21,109.61,-9142,10.0089,0.347
1698000,20,100.452,-9132.52,11.5283,0.338
1700000,21,108.376,-9138.85,8.18022,0.348
1702000,19,96.4032,-9136.49,12.0102,0.294
1704000,19,96.9883,-9147.24,10.4132,0.323
1706000,19,86.1727,-9133.8,13.3834,0.32713
1708000,22,107.07,-9143.37,12.6957,0.329
1710000,23,111.883,-9156.11,15.1337,0.356
1712000,21,102.065,-9155,8.33574,0.3395
1714000,25,121.145,-9145.37,12.9916,0.378
1716000,22,106.274,-9142.69,9.85122,0.3585
1718000,20,90.1822,-9130.87,10.4754,0.33
1720000,20,101.612,-9109.42,11.04,0.357
1722000,18,81.1261,-9117.05,10.9041,0.335
1724000,18,84.5828,-9123.89,8.37768,0.309
1726000,18,79.0871,-9119.61,8.64614,0.293
1728000,20,103.526,-9146.71,8.35282,0.329833
1730000,19,99.0026,-9141.73,9.39654,0.319
1732000,19,82.2981,-9121.22,11.0216,0.337
1734000,18,76.0668,-9125.52,12.4632,0.315
1736000,20,101.452,-9131.77,9.67326,0.325238
1738000,20,98.3666,-9137.78,13.5261,0.342
1740000,23,124.281,-9159.24,9.12552,0.356
1742000,19,97.3671,-9153.05,10.2298,0.368
1744000,19,103.47,-9152.45,7.42985,0.35
1746000,19,97.1683,-9111.95,7.89795,0.341
1748000,18,88.689,-9151.95,13.1394,0.339
1750000,21,110.191,-9123.73,9.88692,0.333133
1752000,17,77.4135,-9121.03,7.48935,0.321
1754000,19,93.1053,-9131.54,12.2226,0.334333
1756000,19,82.4526,-9121.13,11.2666,0.32675
1758000,19,81.0539,-9119.28,15.1475,0.312
1760000,19,93.2286,-9130.65,6.52998,0.3326
1762000,19,99.6631,-9124.92,8.90098,0.333
1764000,19,89.6411,-9118,14.2118,0.3172
1766000,22,114.934,-9121.29,9.28701,0.318667
1768000,23,114.516,-9119.2,12.6862,0.317
1770000,23,106.405,-9123.77,17.1451,0.347
1772000,24,131.868,-9127.28,10.0792,0.358
1774000,21,116.202,-9121.97,7.02047,0.354
1776000,22,112.038,-9125.87,11.5604,0.365
1778000,22,110.907,-9122.69,8.96724,0.355
1780000,18,83.2323,-9121.44,9.33332,0.298
1782000,20,99.9471,-9127.43,9.88312,0.328824
1784000,22,98.5358,-9124.44,17.3918,0.362
1786000,25,132.212,-9137.34,10.0201,0.369
1788000,24,106.672,-9133.21,15.2537,0.301
1790000,17,80.6323,-9164.56,9.81834,0.303
1792000,17,81.7321,-9131.23,9.10195,0.30925
1794000,19,98.6357,-9122.79,11.3914,0.322923
1796000,19,94.7187,-9127.94,13.7978,0.3272
1798000,21,100.037,-9121.72,13.0725,0.311
1800000,21,95.8918,-9128.73,17.874,0.3095
1802000,19,98.4107,-9125.93,5.80209,0.306
1804000,21,94.8252,-9126.15,9.62205,0.3326
1806000,22,107.676,-9121.98,8.22593,0.336333
1808000,21,99.5433,-9130.58,12.2468,0.343
1810000,22,109.879,-9130.44,10.7734,0.323
1812000,24,124.456,-9129.78,13.099,0.346
1814000,25,126.995,-9132.17,11.2791,0.378
1816000,25,115.953,-9126.93,17.1618,0.35
1818000,26,108.128,-9119.53,22.7846,0.3475
1820000,23,104.507,-9117.55,13.1077,0.355
1822000,23,112.412,-9120.49,8.44804,0.373
1824000,20,83.0535,-9115.03,9.8372,0.333
1826000,16,79.6474,-9153.63,7.30658,0.325286
1828000,19,86.8266,-9151.98,13.3671,0.316
1830000,20,100.339,-9131.64,7.6717,0.324
1832000,23,103.613,-9123.93,16.8525,0.337143
1834000,22,106.757,-9123.66,9.01181,0.338
1836000,19,91.8341,-9127.63,8.79159,0.313214
1838000,19,95.5068,-9150.7,8.92639,0.324143
1840000,18,83.4583,-9151.18,9.65667,0.3
1842000,23,112.813,-9122.92,11.6917,0.358
1844000,24,120.393,-9117.75,9.96787,0.363
1846000,26,127.612,-9126.84,14.502,0.351
1848000,28,134.27,-9119.53,11.7059,0.33
1850000,27,127.68,-9113.49,11.9495,0.342
1852000,27,137.727,-9120.64,15.3203,0.37
1854000,27,144.82,-9117.68,10.6995,0.374
1856000,21,102.128,-9110.52,11.7575,0.338
1858000,23,112.738,-9127.09,14.7299,0.297
1860000,22,117.648,-9125.95,12.5193,0.326
1862000,24,126.845,-9117.9,12.5077,0.347
1864000,25,122.269,-9120.99,15,0.307
1866000,28,136.006,-9118.87,17.647,0.323
1868000,18,81.6009,-9146.02,8.9771,0.303
1870000,19,91.2988,-9145.9,7.55139,0.309
1872000,21,99.6985,-9131.66,8.48969,0.327
1874000,22,98.8987,-9121.61,11.1915,0.306
1876000,21,83.6898,-9135.8,18.8327,0.307
1878000,17,80.8948,-9163.1,11.5387,0.322885
1880000,22,98.371,-9120.41,15.2489,0.310667
1882000,14,61.7799,-9165.33,8.08206,0.31625
1884000,25,124.781,-9123.69,14.4794,0.326
1886000,23,111.256,-9114.97,13.2385,0.3
1888000,22,99.733,-9122.64,13.3551,0.317333
1890000,24,106.469,-9111.79,13.854,0.366
1892000,23,106.517,-9120.16,13.0194,0.343
1894000,20,96.0508,-9119.51,11.6678,0.324
1896000,19,86.0844,-9111.65,11.4285,0.312111
1898000,17,84.8527,-9182.65,6.26161,0.322875
1900000,19,91.1645,-9119.16,11.2525,0.327
1902000,21,98.545,-9129.01,10.0599,0.336
1904000,23,115.338,-9119.59,11.0138,0.359
1906000,17,85.1318,-9127.28,9.11539,0.301
1908000,22,107.662,-9120.69,10.7895,0.327
1910000,14,70.394,-9168.34,5.66914,0.307
1912000,15,72.0112,-9170.05,8.45834,0.294545
1914000,22,101.648,-9120.51,10.9442,0.309
1916000,17,87.0369,-9161.89,9.90582,0.3225
1918000,17,84.3553,-9174.94,9.56379,0.321
1920000,21,108.868,-9133.59,11.5978,0.351
1922000,18,89.3539,-9131.97,12.1168,0.341
1924000,23,104.03,-9125.79,11.2571,0.341556
1926000,23,99.8891,-9103.36,11.1596,0.347
1928000,27,135.575,-9111.28,8.0562,0.337
1930000,29,130.077,-9117.82,15.4205,0.393
1932000,19,86.2609,-9139.52,11.6578,0.329
1934000,14,66.1327,-9171.88,10.313,0.281
1936000,20,91.1033,-9115.16,10.1033,0.324
1938000,25,115.168,-9127.85,13.8477,0.349
1940000,28,134.005,-9136.41,16.7339,0.35
1942000,29,141.428,-9116.35,14.0466,0.356
1944000,28,134.276,-9109.94,20.976,0.368
1946000,29,137.991,-9105.65,16.6274,0.376
1948000,28,136.093,-9109.95,15.8258,0.358
1950000,25,116.014,-9112.5,10.7303,0.3585
1952000,18,93.7797,-9128.73,6.62352,0.305
1954000,24,111.629,-9114.16,13.7355,0.347
1956000,23,110.65,-9117.25,11.9612,0.343
1958000,22,108.16,-9113.28,9.40616,0.325
1960000,22,99.2135,-9110.62,11.6135,0.327
1962000,21,97.0115,-9116.37,8.81948,0.3015
1964000,26,125.964,-9112.75,10.9789,0.319
1966000,26,114.042,-9123.63,12.0117,0.347
1968000,23,98.6777,-9114.4,16.3131,0.331
1970000,14,66.0513,-9156.99,8.62835,0.31917
1972000,17,82.8648,-9160.04,8.40126,0.319
1974000,19,97.044,-9159.75,8.19377,0.3165
1976000,19,85.7495,-9114.56,7.89226,0.293
1978000,17,91.9712,-9168.07,7.83714,0.312364
1980000,18,91.1452,-9146.97,7.96897,0.343
1982000,16,76.9346,-9144.94,9.94643,0.302
1984000,15,75.758,-9148.76,7.42712,0.289
1986000,13,62.307,-9186.73,7.11907,0.298375
1988000,19,87.587,-9149.75,12.058,0.326
1990000,21,96.6478,-9122.64,10.1467,0.342
1992000,15,73.4922,-9137.19,9.82279,0.3
1994000,15,76.5824,-9133.21,9.04878,0.275
1996000,14,72.1929,-9171.74,9.49964,0.325
1998000,17,81.7718,-9139.29,11.7794,0.32
2000000,18,76.2238,-9126.13,15.2252,0.322
2002000,21,100.67,-9123.68,9.71698,0.346
2004000,19,84.0053,-9130.91,9.09487,0.335462
2006000,22,100.261,-9118.33,12.6644,0.32
2008000,21,101.032,-9131.86,10.6775,0.328
2010000,22,102.931,-9118.61,14.3213,0.349
2012000,23,123.923,-9118.55,10.9789,0.375
2014000,24,121.141,-9129.27,14.6319,0.371
2016000,17,88.3952,-9145.19,7.18958,0.310571
2018000,18,97.7449,-9149.78,5.23558,0.3
2020000,22,110.537,-9124.22,8.86192,0.319455
2022000,22,118.272,-9117.36,6.16547,0.342
2024000,18,92.6641,-9120.47,5.6234,0.334556
2026000,20,103.36,-9120.67,9.62925,0.32
2028000,22,107.012,-9127.64,16.6718,0.346
2030000,25,122.928,-9124.93,11.2075,0.353
2032000,22,114.806,-9129.41,8.0249,0.3485
2034000,25,122.23,-9126.15,14.6941,0.369
2036000,22,105.812,-9124.8,11.3733,0.349
2038000,22,107.011,-9117.59,11.1847,0.321
2040000,21,104.455,-9119.03,10.9092,0.335
2042000,18,89.2072,-9131.74,7.69973,0.331
2044000,18,93.6414,-9135.62,8.36679,0.342
2046000,20,94.4735,-9126.04,13.7786,0.316467
2048000,20,99.0142,-9120.81,6.33144,0.283
2050000,23,113.541,-9115.72,11.531,0.336
2052000,24,125.893,-9121.88,8.17372,0.34
2054000,22,102.068,-9125.6,14.2844,0.323
2056000,20,94.9704,-9118.88,13.3531,0.328625
2058000,20,95.4405,-9122.37,11.6686,0.332
2060000,23,110.491,-9120.95,14.45,0.339
2062000,23,113.745,-9111.18,10.487,0.327
2064000,24,117.969,-9119.96,9.97804,0.3
2066000,23,107.275,-9102.76,10.2116,0.335
2068000,24,112.144,-9106.96,8.20131,0.3425
2070000,22,105.065,-9110.43,11.7819,0.327667
2072000,23,116.608,-9116.04,6.65595,0.323
2074000,18,85.8659,-9152.45,10.1509,0.307974
2076000,29,145.681,-9106.84,15.7219,0.373
2078000,27,136.02,-9113.96,12.4878,0.372
2080000,18,97.0353,-9161.3,7.07394,0.318
2082000,23,111.722,-9114.75,12.2969,0.33
2084000,29,135.44,-9117.11,15.2147,0.3465
2086000,26,122.53,-9110.89,10.835,0.334
2088000,27,130,-9114.08,16.362,0.359
2090000,28,134.173,-9113.59,17.4106,0.376
2092000,32,163.073,-9111.57,18.4032,0.382
2094000,30,154.902,-9118.79,11.5405,0.336
2096000,24,119.172,-9124.54,11.2642,0.358
2098000,28,138.621,-9104.61,12.8417,0.3575
2100000,20,88.5981,-9119.08,12.1041,0.328
2102000,21,97.0295,-9110.59,13.1464,0.352
2104000,19,88.8577,-9120.16,6.02629,0.311
2106000,23,113.984,-9109.15,9.00818,0.339
2108000,19,104.512,-9122.91,6.95665,0.323
2110000,19,92.5612,-9113.93,10.8972,0.331
2112000,18,87.6839,-9126.54,10.6775,0.337
2114000,19,99.9148,-9128.06,7.19158,0.299
2116000,23,126.693,-9125.68,12.403,0.342333
2118000,16,74.0765,-9156.44,7.17201,0.279667
2120000,19,95.6266,-9126.18,11.87,0.321
2122000,18,93.3167,-9120.94,10.8779,0.333
2124000,15,62.0688,-9153.08,9.5428,0.3018
2126000,21,113.945,-9126.97,7.41783,0.349
2128000,19,81.7735,-9134.86,8.6567,0.333
2130000,22,111.9,-9125.05,14.775,0.33025
2132000,21,110.923,-9107.23,8.46277,0.341
2134000,22,110.309,-9116.19,9.84631,0.352
2136000,21,102.57,-9129.25,11.0571,0.337
2138000,22,106.252,-9115.89,14.8257,0.328
2140000,21,106.192,-9107.32,8.92607,0.308
2142000,24,118.886,-9112.91,14.9416,0.328
2144000,24,119.915,-9119.19,5.97002,0.332
2146000,17,85.7886,-9128.32,7.88817,0.310294
2148000,19,105.833,-9118.53,6.39688,0.314
2150000,23,112.293,-9120.61,11.7523,0.341
2152000,21,115.648,-9113.15,8.11952,0.322
2154000,19,88.013,-9133.68,11.7303,0.31
2156000,24,116.427,-9125.44,7.39017,0.335
2158000,26,132.425,-9124.94,12.402,0.359
2160000,22,107.691,-9123.41,12.2359,0.318
2162000,17,81.2062,-9133.33,7.76896,0.31375
2164000,18,83.9071,-9128.44,8.95927,0.299
2166000,22,104.675,-9123.16,11.8247,0.336
2168000,19,84.3909,-9154.59,10.8007,0.333176
2170000,22,108.147,-9122.2,10.0151,0.356
2172000,19,102.072,-9120.53,6.20645,0.317
2174000,25,122.128,-9114.59,10.7792,0.35
2176000,22,111.323,-9123.58,13.1014,0.32325
2178000,23,118.23,-9118.78,11.9422,0.332
2180000,22,114.092,-9123.7,13.3398,0.314
2182000,22,107.448,-9118.71,13.0064,0.315
2184000,22,115.517,-9125.98,10.0886,0.347333
2186000,19,94.4025,-9135.45,6.0933,0.305
2188000,17,73.8555,-9123.23,7.02034,0.318
2190000,20,96.6882,-9121.79,13.6085,0.332625
2192000,18,84.2708,-9131.58,8.91685,0.314
2194000,24,121.577,-9115,11.1149,0.342222
2196000,25,125.008,-9112,13.4997,0.378
2198000,22,107.497,-9110.94,10.6345,0.326875
2200000,24,114.725,-9106.16,10.7925,0.347
2202000,23,105.615,-9115.52,15.3511,0.3385
2204000,16,72.2648,-9143.12,7.02659,0.296667
2206000,20,97.271,-9127.94,9.27849,0.294
2208000,23,105.708,-9116.49,14.84,0.363
2210000,16,77.8221,-9145.73,6.33935,0.328476
2212000,17,85.5522,-9162.26,7.34617,0.29
2214000,19,95.7533,-9118.04,8.70109,0.319
2216000,18,84.7357,-9138.53,8.98651,0.3
2218000,21,97.6346,-9115.32,15.2151,0.308
2220000,21,99.1901,-9118.02,13.0563,0.325
2222000,23,113.976,-9108.3,8.31702,0.322
2224000,22,109.08,-9122.7,10.9965,0.325
2226000,23,112.488,-9102.87,13.9301,0.34525
2228000,25,124.515,-9107.89,10.2802,0.33
2230000,21,103.219,-9128.95,10.2545,0.306
2232000,22,108.203,-9122.38,10.1928,0.355
2234000,24,118.9,-9130.83,12.062,0.325
2236000,25,123.638,-9123.68,10.6954,0.327
2238000,25,129.148,-9127.87,8.4902,0.372
2240000,20,97.2066,-9130.27,7.61967,0.318
2242000,21,94.6784,-9117.14,14.5588,0.34225
2244000,22,107.084,-9122.25,9.62386,0.31125
2246000,23,105.762,-9136.03,13.19,0.33
2248000,21,107.462,-9110.68,8.11701,0.3222
2250000,20,97.1794,-9114.05,12.8829,0.323
2252000,23,115.246,-9120.7,14.2863,0.325
2254000,22,112.684,-9139.57,11.351,0.352
2256000,23,108.625,-9113.29,13.5311,0.315
2258000,28,132.032,-9116.29,14.582,0.343
2260000,26,126.83,-9126.79,12.722,0.344167
2262000,28,132.92,-9114.22,14.5212,0.358
2264000,32,141.609,-9114.33,16.6243,0.394
2266000,31,149.037,-9103.79,14.6557,0.354
2268000,25,119.307,-9097.97,12.4409,0.334185
2270000,27,129.996,-9114.08,15.1489,0.364667
2272000,25,122.76,-9113.93,13.9908,0.358692
2274000,21,98.1081,-9105.32,13.7836,0.34475
2276000,26,118.812,-9111.46,13.4564,0.341
2278000,24,122.016,-9111.43,8.26009,0.358
2280000,22,99.0683,-9102.71,7.70136,0.334
2282000,22,100.803,-9115.7,12.9786,0.339
2284000,27,129.317,-9121.56,14.5825,0.362
2286000,30,136.414,-9124.33,16.6825,0.375
2288000,29,143.284,-9121.74,14.3185,0.375
2290000,25,121.825,-9111.51,12.1346,0.36
2292000,20,103.339,-9111.14,8.99329,0.331529
2294000,20,97.8606,-9106.78,9.30429,0.301
2296000,24,121.195,-9120.32,11.1227,0.333
2298000,24,120.338,-9110.97,12.1792,0.339
2300000,24,108.027,-9121.36,16.8903,0.35625
2302000,22,99.6481,-9124.17,15.0059,0.331
2304000,22,105.321,-9128.07,14.5774,0.338
2306000,21,96.0268,-9126.77,13.8711,0.366
2308000,12,58.3431,-9197.66,5.21519,0.300354
2310000,19,83.8788,-9120.33,15.2348,0.335182
2312000,12,58.1104,-9184.46,7.44663,0.278667
2314000,20,89.6645,-9130.15,11.8946,0.301
2316000,20,90.295,-9126.18,8.50332,0.326
2318000,21,104.568,-9125.81,8.46072,0.3225
2320000,21,110.256,-9123.02,7.32291,0.318
2322000,23,121.172,-9124.34,10.9564,0.328
2324000,18,83.3535,-9138.24,14.2206,0.318
2326000,24,113.329,-9103.82,14.55,0.368
2328000,20,102.485,-9125.3,10.2847,0.323818
2330000,22,111.699,-9118.86,9.06958,0.361
2332000,23,120.296,-9125.12,8.72387,0.353
2334000,32,155.486,-9092.98,16.5782,0.355571
2336000,29,140.442,-9098.91,11.9367,0.372
2338000,25,128.767,-9100.71,9.24363,0.327
2340000,20,83.8644,-9109.51,15.3328,0.317
2342000,20,90.8468,-9127.84,10.4464,0.331
2344000,27,130.165,-9102.44,12.9556,0.3365
2346000,29,151.283,-9106.6,13.7277,0.367
2348000,28,144.659,-9111,13.0503,0.346
2350000,28,139.306,-9104.87,14.3043,0.36
2352000,27,130.034,-9112.2,15.7435,0.34
2354000,20,90.8788,-9123.66,9.64564,0.329
2356000,24,126.927,-9109.88,8.69633,0.303
2358000,23,120.476,-9100.85,13.4473,0.307
2360000,26,131.111,-9128.26,9.68729,0.323
2362000,31,158.469,-9099.34,11.938,0.358
2364000,34,179.573,-9103.92,17.3545,0.383
2366000,30,147.681,-9094.34,24.2193,0.342
2368000,30,146.889,-9097.65,20.04,0.393
2370000,23,114.876,-9107.42,12.273,0.357625
2372000,25,115.667,-9123.52,13.3047,0.321
2374000,28,134.201,-9110.33,17.2811,0.3534
2376000,26,122.157,-9099.72,15.8274,0.348
2378000,22,114.624,-9126.57,9.96966,0.326
2380000,21,101.074,-9123.6,11.4629,0.326
2382000,20,102.869,-9117.8,9.83133,0.311
2384000,16,78.63,-9183.07,8.31542,0.299
2386000,15,71.1462,-9179.83,10.5112,0.281
2388000,27,133.545,-9087.88,15.7928,0.336
2390000,24,113.066,-9122.21,15.4195,0.334889
2392000,20,92.6688,-9135.19,9.38836,0.3383
2394000,20,102.352,-9127.45,8.51829,0.341
2396000,23,116.885,-9118.53,9.95943,0.345333
2398000,18,84.7266,-9131.28,8.33793,0.340333
2400000,21,100.982,-9147.85,11.5278,0.31
2402000,19,95.8986,-9117.98,8.68959,0.318
2404000,21,99.0569,-9106.84,14.9786,0.31
2406000,22,101.101,-9103.87,11.5821,0.306
2408000,19,95.119,-9133.31,8.92262,0.3186
2410000,18,92.095,-9125.18,9.08976,0.3125
2412000,18,75.1587,-9126.06,9.56131,0.318333
2414000,24,117.451,-9112.31,10.3611,0.338
2416000,21,107.615,-9125.27,11.1192,0.3226
2418000,24,120.785,-9111.23,9.46811,0.319667
2420000,22,104.903,-9125.93,12.3577,0.342
2422000,21,96.5293,-9126.46,10.0899,0.3271
2424000,23,109.291,-9131.14,10.0531,0.37
2426000,18,82.9159,-9128.37,7.35815,0.328
2428000,16,78.619,-9160.41,7.00281,0.305929
2430000,18,87.4366,-9137.66,7.07111,0.30625
2432000,21,100.793,-9103.56,8.73137,0.323692
2434000,22,103.702,-9113.39,9.35176,0.304
2436000,21,97.77,-9106.59,11.9607,0.35
2438000,26,123.672,-9111,12.9694,0.34
2440000,26,129.052,-9114,8.12513,0.369
2442000,23,101.09,-9107.52,17.5649,0.333
2444000,22,113.695,-9118.89,8.62168,0.308
2446000,25,118.192,-9114.62,16.3261,0.338
2448000,16,84.1157,-9168.91,6.80836,0.311105
2450000,23,111.552,-9113.8,10.1837,0.349
2452000,21,100.985,-9131.57,17.8501,0.333524
2454000,18,84.9691,-9183.63,11.1903,0.311333
2456000,25,117.601,-9104.41,11.8988,0.36
2458000,28,135.904,-9120.02,21.0444,0.333
2460000,26,125.973,-9114.3,14.3084,0.343
2462000,20,102.631,-9125.6,11.8178,0.342444
2464000,31,147.748,-9113.93,16.9383,0.355333
2466000,34,168.649,-9098.87,16.4978,0.4
2468000,29,149.636,-9098.38,12.4764,0.377
2470000,27,130.368,-9103.43,18.7953,0.367
2472000,26,124.362,-9101.33,12.734,0.361
2474000,25,129.745,-9105.07,11.7153,0.316
2476000,17,75.189,-9167.52,8.42789,0.318818
2478000,24,119.07,-9124.09,16.2435,0.35875
2480000,21,111.177,-9125.06,9.52506,0.358
2482000,21,107.375,-9138.04,8.37673,0.342
2484000,31,137.9,-9096.72,18.519,0.325
2486000,27,135.728,-9104.73,9.7022,0.34725
2488000,25,116.757,-9109.83,14.2211,0.327
2490000,26,122.752,-9104.17,12.2551,0.304
2492000,27,128.546,-9121.59,19.3093,0.355
2494000,24,121.901,-9137.71,9.13736,0.38
2496000,26,128.909,-9111.64,11.868,0.33
2498000,14,67.5469,-9167.46,6.94968,0.297571
2500000,15,78.2541,-9175.41,7.61328,0.292
2502000,16,82.9826,-9171.38,7.00351,0.255
2504000,26,136.638,-9110.31,12.4423,0.34
2506000,24,127.005,-9128.62,9.83534,0.351
2508000,23,109.407,-9126.38,15.749,0.332071
2510000,20,97.9395,-9116.97,10.6612,0.319
2512000,20,97.0436,-9115.87,13.107,0.3
2514000,22,110.921,-9113.87,9.74446,0.313
2516000,20,108.454,-9119.27,8.9261,0.322
2518000,18,88.8151,-9127.29,7.04345,0.318
2520000,17,88.0927,-9130.19,6.58114,0.3
2522000,17,81.0575,-9172.19,11.3406,0.331
2524000,17,86.494,-9175.78,10.2218,0.352
2526000,16,76.8261,-9164.93,7.09316,0.332
2528000,16,81.835,-9162.7,7.83834,0.283
2530000,23,105.641,-9126.57,8.10181,0.350385
2532000,21,105.949,-9132.78,8.40771,0.351
2534000,23,112.197,-9129.83,11.9694,0.352
2536000,25,121.022,-9120.31,12.9785,0.358
2538000,21,96.2813,-9131.83,11.5344,0.306
2540000,19,94.2381,-9129.07,8.85934,0.32875
2542000,18,86.4662,-9134.26,9.33442,0.297
2544000,19,90.9304,-9130.94,9.7979,0.3135
2546000,20,91.6225,-9132.74,13.2102,0.292
2548000,20,105.164,-9131.81,12.1092,0.334
2550000,17,80.8251,-9152.02,7.70266,0.318
2552000,18,86.7602,-9137.45,7.39794,0.297
2554000,19,86.0984,-9127.29,9.52202,0.314667
2556000,22,106.975,-9117.35,10.8479,0.349
2558000,20,91.2479,-9119.17,12.6712,0.353
2560000,19,89.1957,-9122.66,7.35893,0.328
2562000,19,91.978,-9151.6,9.94385,0.317
2564000,18,85.1559,-9146.86,8.46758,0.288
2566000,21,96.0439,-9127.99,10.3212,0.331909
2568000,20,92.2044,-9135.03,9.55869,0.329
2570000,24,110.465,-9123.24,12.08,0.316
2572000,23,112.857,-9129.71,10.3874,0.319
2574000,24,116.268,-9124.34,10.0179,0.312
2576000,25,107.823,-9131.22,17.1578,0.308
2578000,23,120.506,-9120.62,7.85542,0.353
2580000,20,100.009,-9124.9,8.27381,0.335
2582000,26,128.478,-9147.78,18.222,0.338278
2584000,23,113.4,-9135.75,14.1183,0.334
2586000,24,119.548,-9123.55,9.72433,0.33
2588000,19,89.4355,-9127.16,10.9663,0.346
2590000,26,137.875,-9136.22,11.5738,0.349
2592000,21,104.111,-9119.72,12.0122,0.32
2594000,22,109.843,-9126.73,8.80363,0.3342
2596000,22,104.942,-9126.99,18.7815,0.34
2598000,22,110.857,-9129.29,12.4881,0.335
2600000,25,121.191,-9124.99,11.542,0.3551
2602000,27,133.862,-9140.47,8.42327,0.38
2604000,23,111.829,-9147.42,10.0112,0.382
2606000,21,104.952,-9127.44,10.2977,0.348923
2608000,22,104.827,-9123.94,11.057,0.335
2610000,19,92.6056,-9116.74,7.30127,0.315
2612000,21,106.025,-9117.52,11.6333,0.345
2614000,19,99.678,-9114.06,7.5433,0.337
2616000,18,85.9145,-9125.32,9.79276,0.317
2618000,21,103.454,-9141.51,14.4904,0.340214
2620000,18,86.8667,-9142.04,8.49581,0.346
2622000,20,96.2893,-9121.68,10.0324,0.3238
2624000,24,118.834,-9120.02,13.494,0.365
2626000,19,95.0119,-9140.51,8.9809,0.3598
2628000,22,103.106,-9122.35,7.57227,0.3393
2630000,24,107.363,-9125.83,8.82859,0.325
2632000,23,112.114,-9117.79,10.671,0.33825
2634000,22,98.8047,-9120.31,14.7257,0.317
2636000,21,93.8748,-9112.65,10.1451,0.361
2638000,21,94.7595,-9108.8,11.9668,0.309
2640000,21,97.9514,-9113.31,10.3443,0.349
2642000,22,107.37,-9114.86,9.23311,0.314
2644000,24,103.557,-9113.92,14.8107,0.337
2646000,19,86.7469,-9126.13,7.42881,0.319
2648000,20,91.3482,-9126.24,7.99334,0.332
2650000,20,90.0056,-9134.86,17.1542,0.312
2652000,17,83.5119,-9127.74,10.9416,0.289
2654000,18,77.4701,-9123.9,13.5568,0.288
2656000,22,93.3427,-9130.13,11.8819,0.348455
2658000,22,105.795,-9135.42,10.8867,0.323
2660000,21,107.223,-9117.85,7.36295,0.348
2662000,19,88.0648,-9141.84,7.14511,0.34075
2664000,21,88.3213,-9122.05,17.8596,0.309
2666000,20,86.7989,-9130.31,10.4194,0.316556
2668000,19,85.9257,-9119.04,12.3773,0.333
2670000,22,106.384,-9137.98,11.8072,0.325
2672000,21,96.0092,-9135.44,11.6058,0.342
2674000,20,93.8206,-9129.25,12.3953,0.331
2676000,21,100.679,-9120.78,9.44478,0.3183
2678000,20,82.4604,-9116.98,14.0984,0.328
2680000,21,99.3931,-9115.61,7.76391,0.324
2682000,18,90.4962,-9149.02,7.62235,0.3268
2684000,20,93.2773,-9142.98,7.15921,0.361
2686000,20,89.7768,-9134.51,8.66986,0.316
2688000,23,98.6297,-9134.93,12.2494,0.344
2690000,19,79.2646,-9133.45,13.5938,0.335444
2692000,17,73.4606,-9131.77,6.17682,0.32
2694000,17,88.3929,-9145.23,5.26312,0.329833
2696000,22,102.255,-9147.09,9.09858,0.349333
2698000,19,89.979,-9132.91,6.84858,0.318833
2700000,18,95.0634,-9135.17,5.94109,0.3354
2702000,21,114.974,-9142.18,6.14151,0.339
2704000,20,92.2045,-9136.71,10.6068,0.334733
2706000,20,102.358,-9138.3,12.2162,0.333
2708000,21,94.0946,-9109.15,13.2858,0.297
2710000,23,105.469,-9113.13,10.6748,0.299
2712000,24,109.533,-9111.58,11.0424,0.316
2714000,21,110.777,-9142.42,8.81955,0.345545
2716000,20,98.3156,-9132.16,7.25208,0.323
2718000,18,87.1613,-9138.86,8.41513,0.34075
2720000,20,96.3346,-9134.09,8.40128,0.339
2722000,21,102.819,-9127.66,9.11973,0.3125
2724000,18,88.6401,-9141.94,9.68122,0.327
2726000,19,100.337,-9134.38,9.92116,0.326
2728000,19,89.089,-9129.12,9.66416,0.335714
2730000,17,86.8677,-9145.54,8.18349,0.335333
2732000,21,102.226,-9144.53,14.3669,0.349
2734000,18,77.1382,-9131.74,9.99525,0.338
2736000,21,105.275,-9138.29,13.7343,0.34
2738000,22,102.556,-9125.99,13.3336,0.377
2740000,21,97.0596,-9123.98,9.8317,0.35325
2742000,24,109.734,-9115.89,18.1566,0.355
2744000,25,103.701,-9110.07,16.1968,0.3415
2746000,24,106.252,-9118.33,14.8536,0.36
2748000,20,100.987,-9144.31,8.52165,0.3254
2750000,20,83.3672,-9129.18,14.6586,0.34
2752000,18,81.6626,-9136.57,18.5122,0.335083
2754000,22,109.46,-9131.94,7.0459,0.3315
2756000,21,96.829,-9123.03,11.5348,0.326667
2758000,20,89.7743,-9116.23,11.3647,0.321
2760000,21,98.6355,-9126.64,10.8422,0.326
2762000,23,107.857,-9116.7,11.7009,0.331818
2764000,19,87.5002,-9133.84,8.77992,0.337
2766000,19,87.5782,-9131.06,11.9244,0.322
2768000,20,93.7572,-9119.18,9.00784,0.316143
2770000,20,102.776,-9128.32,9.90382,0.322833
2772000,17,84.4608,-9131.28,7.91356,0.292
2774000,19,92.069,-9128.96,10.9769,0.297
2776000,21,103.512,-9132.52,9.35055,0.304
2778000,20,101.808,-9136.53,8.74964,0.323444
2780000,17,70.2542,-9124.66,7.9545,0.315
2782000,16,72.3886,-9131.65,8.05565,0.302
2784000,19,91.7947,-9116.52,7.37556,0.323
2786000,15,73.8593,-9160.05,6.24971,0.321161
2788000,21,89.6774,-9131.5,12.6233,0.315667
2790000,17,86.2393,-9155.22,8.44769,0.33175
2792000,18,88.9312,-9110.49,8.97137,0.306
2794000,21,98.3397,-9123.62,12.9744,0.358
2796000,22,108.444,-9117.71,11.4581,0.354
2798000,21,104.391,-9119.51,12.0031,0.285
2800000,22,110.492,-9125.05,13.4926,0.336
2802000,21,103.561,-9120.26,11.8005,0.328
2804000,17,85.3496,-9157.08,8.14103,0.325
2806000,19,94.4023,-9150.73,9.01187,0.330474
2808000,15,66.3788,-9145.53,6.7702,0.288333
2810000,18,91.9352,-9132.28,8.98829,0.3
2812000,19,89.8597,-9110.02,11.1231,0.283
2814000,19,88.3444,-9128.49,9.34784,0.32425
2816000,19,91.2674,-9160.17,9.07981,0.345
2818000,18,78.9406,-9145.37,11.1234,0.313
2820000,20,92.2449,-9136.26,10.7269,0.302
2822000,19,90.9565,-9127.31,12.4935,0.33
2824000,23,116.202,-9123.26,14.7333,0.351
2826000,24,119.877,-9132.54,11.8441,0.347583
2828000,21,97.9062,-9130.9,13.6424,0.336
2830000,22,112.846,-9122.91,14.189,0.331
2832000,20,105.365,-9131.55,9.35168,0.301
2834000,15,74.0921,-9144.9,5.86578,0.288
2836000,20,91.7838,-9139.15,8.43107,0.323222
2838000,19,87.0895,-9132.87,10.1451,0.289
2840000,16,74.5176,-9144.59,9.5415,0.3084
2842000,18,86.0229,-9127.68,9.62794,0.308
2844000,19,91.1652,-9108.48,11.0765,0.303
2846000,20,102.013,-9110.5,6.97794,0.31
2848000,22,110.234,-9115.39,11.6931,0.297
2850000,23,111.226,-9111.14,10.4665,0.336
2852000,21,104.594,-9115.91,11.4466,0.335
2854000,21,94.0436,-9114.72,13.5456,0.296
2856000,17,88.8359,-9151.77,7.01306,0.327389
2858000,20,100.239,-9129.55,11.0896,0.368333
2860000,21,104.693,-9127.13,10.4193,0.33
2862000,21,93.7438,-9121.49,13.5595,0.318667
2864000,20,94.3017,-9128.55,9.68386,0.331
2866000,20,100.021,-9122.3,9.1452,0.314333
2868000,22,107.644,-9112.78,9.01312,0.314
2870000,24,115.562,-9114.98,13.4724,0.302
2872000,19,98.131,-9128.43,6.65018,0.334667
2874000,21,92.2337,-9132.51,15.3862,0.317
2876000,22,114.3,-9120.12,13.1084,0.348
2878000,23,113.247,-9107.97,10.5093,0.329857
2880000,22,107.026,-9115.25,12.6997,0.351
2882000,23,106.444,-9115.18,13.284,0.345
2884000,19,93.8642,-9139.8,8.06849,0.33265
2886000,18,90.7972,-9129.49,9.98218,0.306
2888000,20,90.7925,-9123.21,12.284,0.3418
2890000,21,98.5242,-9121.35,8.78208,0.317
2892000,19,89.8952,-9127.49,9.73224,0.337
2894000,20,99.2815,-9135.65,11.6642,0.296
2896000,18,80.2069,-9132.26,10.5747,0.313778
2898000,18,79.6545,-9133.02,11.0018,0.327375
2900000,20,91.9752,-9141.99,13.3766,0.323
2902000,17,76.7124,-9113.67,8.41655,0.313667
2904000,18,88.1486,-9126.54,12.1806,0.320875
2906000,18,84.2476,-9121.18,7.84888,0.280667
2908000,20,100.813,-9139.13,6.08341,0.338
2910000,22,98.1287,-9142.72,11.7009,0.362
2912000,20,91.946,-9145.52,9.99321,0.313
2914000,24,101.482,-9146.05,13.9964,0.343
2916000,22,100.528,-9140.45,12.4868,0.338
2918000,21,99.37,-9128.65,9.16821,0.334
2920000,20,96.5025,-9130.62,11.4429,0.320667
2922000,23,104.497,-9135.69,15.2717,0.354
2924000,24,106.439,-9117.82,11.2473,0.334944
2926000,26,113.045,-9108.81,15.4381,0.352
2928000,21,98.2416,-9134.8,12.7764,0.334333
2930000,23,109.687,-9134.29,10.7379,0.338
2932000,20,100.096,-9134.31,8.17481,0.330778
2934000,16,86.9085,-9150.23,6.66987,0.34075
2936000,18,86.4189,-9122.88,6.80812,0.326444
2938000,21,104.226,-9137.02,11.1338,0.32
2940000,20,79.8305,-9118.57,11.9491,0.305
2942000,18,91.3346,-9127.35,7.40064,0.317889
2944000,19,94.3706,-9158.92,9.4547,0.292
2946000,21,111.517,-9154.89,8.86297,0.353
2948000,18,90.4052,-9143.05,10.8508,0.302143
2950000,18,95.3415,-9132.01,8.73389,0.304375
2952000,19,85.696,-9120.46,11.0345,0.303
2954000,20,104.464,-9129.49,8.41603,0.321
2956000,21,100.636,-9109.52,10.4241,0.319
2958000,20,95.2126,-9115.63,12.2275,0.303
2960000,22,107.215,-9128.34,13.4438,0.31
2962000,26,131.996,-9126.24,10.0277,0.36
2964000,22,99.6805,-9117.71,13.0563,0.318
2966000,25,121.188,-9119.22,14.3938,0.371
2968000,24,127.906,-9118.73,12.9745,0.383
2970000,23,120.154,-9125.4,9.9883,0.364
2972000,24,129.303,-9123.33,10.2006,0.345
2974000,24,129.578,-9125.94,10.8775,0.327
2976000,21,100.374,-9126.74,11.605,0.337
2978000,23,120.211,-9131.32,7.15731,0.356
2980000,18,86.5261,-9129.02,10.9169,0.303
2982000,22,102.215,-9119.28,11.1951,0.326
2984000,19,89.1444,-9114.19,9.66284,0.3165
2986000,20,99.5284,-9121.44,6.79919,0.306333
2988000,19,93.6427,-9138.99,7.66064,0.334
2990000,21,102.429,-9118.06,9.41929,0.300833
2992000,17,80.5611,-9119.4,9.02713,0.324714
2994000,22,102.311,-9134.78,6.67256,0.327
2996000,21,97.0994,-9124.41,9.012,0.327
2998000,24,107.36,-9109.82,13.4249,0.335
3000000,17,80.2116,-9134.76,10.9969,0.3206
3002000,19,97.4259,-9137.25,12.3815,0.33
3004000,21,97.9479,-9123.69,10.0081,0.323105
3006000,21,105.604,-9142.44,9.1648,0.322
3008000,22,93.8073,-9122.4,10.9689,0.319
3010000,21,91.4037,-9128.22,9.53497,0.324
3012000,25,111.363,-9136,13.9442,0.339125
3014000,20,98.2877,-9142.11,10.3218,0.32068
3016000,19,101.426,-9143.55,6.69166,0.35
3018000,20,91.908,-9116.81,10.398,0.335
3020000,20,94.0132,-9130.02,11.4556,0.369
3022000,17,89.1939,-9143.14,6.79014,0.289
3024000,19,91.2941,-9144.37,9.60053,0.32075
3026000,19,97.0766,-9141.05,9.8717,0.32
3028000,19,89.3066,-9127.17,14.1007,0.331
3030000,18,94.7131,-9129.07,7.7079,0.302
3032000,21,108.587,-9116.73,9.69827,0.316
3034000,21,93.5944,-9127.2,12.844,0.320167
3036000,24,118.083,-9139.48,13.2159,0.357
3038000,24,123.87,-9119.03,11.1948,0.382
3040000,23,110.635,-9125.39,16.5222,0.357
3042000,26,126.172,-9126.24,16.2997,0.363
3044000,23,117.697,-9126.99,14.32,0.354
3046000,23,115.296,-9128.23,11.4713,0.364
3048000,19,94.7767,-9129.28,9.49253,0.319091
3050000,18,83.1431,-9135.33,9.19817,0.314
3052000,19,92.7054,-9121.19,9.78419,0.3184
3054000,19,96.1673,-9123.46,10.5599,0.313
3056000,17,83.4175,-9128.07,11.8238,0.309
3058000,17,85.804,-9120.47,8.15736,0.266
3060000,17,82.5126,-9124.11,8.89812,0.308
3062000,18,90.2584,-9115.76,5.34546,0.3015
3064000,20,92.8322,-9127.93,14.8725,0.318111
3066000,18,83.3564,-9121.76,10.5096,0.313
3068000,18,87.9601,-9136.84,11.2993,0.296
3070000,22,112.77,-9116.86,11.0958,0.327
3072000,20,94.4916,-9118.43,15.0702,0.323
3074000,20,96.4734,-9105.16,9.79837,0.309
3076000,18,76.9742,-9134.71,7.44597,0.3126
3078000,21,103.917,-9115.89,7.6582,0.332333
3080000,22,99.9269,-9104.79,18.3236,0.344
3082000,23,113.043,-9119.34,17.0601,0.333
3084000,20,91.3849,-9106.38,8.73701,0.29
3086000,22,104.986,-9119.59,7.27948,0.324
3088000,24,104.08,-9108.95,16.3788,0.328
3090000,23,109.668,-9125.57,11.9436,0.311
3092000,19,90.0754,-9139.15,11.6538,0.308667
3094000,17,84.543,-9141.11,10.1162,0.317
3096000,18,85.7247,-9148.66,13.8505,0.344
3098000,16,78.8059,-9150.4,7.26142,0.296
3100000,17,79.6744,-9147.05,8.85132,0.342
3102000,19,91.3799,-9126.11,6.71803,0.3285
3104000,20,99.8493,-9126.94,8.75044,0.321455
3106000,17,82.5303,-9135.11,12.5939,0.316
3108000,21,105.624,-9131.91,13.1298,0.33
3110000,23,117.255,-9120.95,10.6601,0.352
3112000,20,97.5387,-9115.34,11.0258,0.335
3114000,21,103.318,-9115.52,9.79816,0.35
3116000,24,122.228,-9125.43,13.6818,0.355167
3118000,22,102.035,-9131.49,12.0331,0.332
3120000,19,90.3159,-9140.34,10.0865,0.33
3122000,24,110.549,-9135.57,11.2938,0.33275
3124000,19,82.7027,-9120.44,9.30823,0.297
3126000,20,94.7801,-9131.09,9.22498,0.298
3128000,19,86.5394,-9122.5,7.57412,0.304
3130000,18,86.436,-9126.35,8.36847,0.334
3132000,20,90.5799,-9137.66,13.3359,0.32
3134000,22,101.861,-9119.91,17.1223,0.329316
3136000,24,127.309,-9134.37,12.9546,0.3217
3138000,22,104.621,-9116.54,11.5828,0.338
3140000,22,106.816,-9117.57,7.83015,0.319
3142000,23,113.825,-9115.74,11.9808,0.331
3144000,23,113.226,-9117.18,12.8447,0.341571
3146000,26,127.667,-9120.02,12.3082,0.335
3148000,23,111.945,-9141.39,5.96291,0.334067
3150000,24,125.063,-9124.07,11.404,0.338
3152000,22,112.141,-9129.73,8.44534,0.3335
3154000,20,102.501,-9132.61,10.3275,0.332
3156000,21,109.112,-9139.59,10.1904,0.319
3158000,19,96.8824,-9131.03,8.02023,0.319
3160000,18,92.3964,-9135.54,6.78734,0.341
3162000,21,109.771,-9130.64,9.66248,0.349833
3164000,26,128.771,-9115.73,11.768,0.33219
3166000,19,99.1988,-9135.08,6.47491,0.322
3168000,18,90.6486,-9134.79,12.1839,0.3275
3170000,24,112.331,-9108.47,11.741,0.334
3172000,24,109.835,-9111.84,16.8255,0.319
3174000,20,105.888,-9129.73,10.7013,0.354
3176000,22,107.382,-9136.23,9.9685,0.356
3178000,21,104.631,-9135.9,8.21576,0.297
3180000,20,105.017,-9141.59,9.784,0.314538
3182000,19,87.1899,-9152.9,12.1017,0.320774
3184000,18,89.1257,-9152.91,11.7559,0.329
3186000,26,131.673,-9134.69,11.8396,0.324143
3188000,20,104.965,-9117.95,9.00928,0.349857
3190000,24,120.468,-9127.52,14.309,0.359
3192000,26,128.967,-9131.06,13.2955,0.355
3194000,20,95.6678,-9146.02,14.3382,0.352333
3196000,27,125.469,-9118.48,12.8157,0.338
3198000,25,132.699,-9143.76,12.5639,0.3375
3200000,23,120.112,-9128.91,10.4902,0.342
3202000,20,98.684,-9121.12,11.9801,0.314
3204000,29,142.928,-9135.26,20.1993,0.369
3206000,25,130.113,-9135.24,8.15483,0.342
3208000,24,113.676,-9134.15,16.6198,0.34
3210000,19,105.998,-9137.82,7.45352,0.334
3212000,20,101.793,-9126.15,11.2503,0.3134
3214000,18,93.3843,-9124.3,7.3564,0.322667
3216000,18,86.6041,-9132.26,10.3185,0.315
3218000,17,82.0543,-9137.35,6.99614,0.285
3220000,17,71.0518,-9132.73,13.3934,0.281
3222000,20,93.1817,-9126.45,9.73839,0.312
3224000,24,114.386,-9135.16,13.5575,0.325
3226000,23,111.447,-9132.43,10.2265,0.341
3228000,19,85.7935,-9143.04,8.28854,0.348
3230000,22,107.513,-9151.15,11.3069,0.330182
3232000,18,77.3365,-9149.38,9.05397,0.3235
3234000,17,82.703,-9129.25,10.2377,0.277
3236000,19,92.5292,-9155.04,8.72803,0.305
3238000,24,111.767,-9125.67,13.3806,0.338
3240000,24,120.497,-9126.12,14.684,0.33
3242000,23,112.83,-9126.57,10.0169,0.363
3244000,19,85.2448,-9150.11,12.1167,0.346
3246000,21,112.615,-9152.21,6.25697,0.305833
3248000,20,97.3138,-9153.95,8.3056,0.306563
3250000,28,130.018,-9107.05,15.0615,0.355
3252000,19,80.8971,-9147.98,10.5478,0.328
3254000,19,74.5037,-9134.26,12.4784,0.298
3256000,16,78.599,-9160.52,8.87459,0.321364
3258000,23,105.047,-9149.96,14.1854,0.3441
3260000,20,98.036,-9153.8,10.9139,0.347
3262000,17,79.9606,-9157.85,6.88766,0.308
3264000,18,85.896,-9137,8.85201,0.326111
3266000,17,69.8744,-9152.47,12.7079,0.297
3268000,15,74.507,-9146.59,10.4157,0.299
3270000,17,75.032,-9146.35,9.59384,0.285
3272000,18,89.8265,-9133.36,11.7881,0.354
3274000,20,96.167,-9115.29,7.76073,0.301
3276000,20,89.7882,-9122.2,11.9203,0.308
3278000,21,100.802,-9126.59,9.8248,0.312
3280000,20,101.804,-9134.63,10.6097,0.31875
3282000,19,98.5372,-9121.09,7.84759,0.319
3284000,20,97.5632,-9118.76,11.3213,0.343
3286000,23,122.784,-9128.8,10.7981,0.342
3288000,25,126.245,-9116.51,12.1703,0.332
3290000,22,99.2073,-9125.42,13.7009,0.313
3292000,24,119.41,-9118.53,12.6481,0.345
3294000,23,100.954,-9119.38,10.072,0.328
3296000,18,82.2352,-9138.86,7.98467,0.310464
3298000,17,79.3774,-9149.4,8.7826,0.326778
3300000,22,102.577,-9118.36,13.3811,0.331
3302000,20,92.6863,-9119.35,9.97165,0.36075
3304000,21,93.1393,-9115.56,10.0887,0.328
3306000,18,86.0596,-9138.45,6.63947,0.312
3308000,19,95.0998,-9147.22,9.46296,0.343
3310000,19,94,-9140.02,9.80055,0.341
3312000,21,105.087,-9119.9,10.8951,0.293
3314000,27,132.799,-9126.52,13.2819,0.305
3316000,28,125.971,-9120.62,13.8505,0.349
3318000,26,131.466,-9126.66,12.318,0.3345
3320000,18,98.4762,-9144.09,9.05338,0.342
3322000,18,92.8794,-9153.13,8.1912,0.36
3324000,20,102.539,-9136.49,8.10475,0.364
3326000,19,87.3278,-9127.08,10.3879,0.294
3328000,18,88.2891,-9152.45,11.499,0.346
3330000,24,106.246,-9143.33,11.0286,0.325
3332000,20,100.781,-9148.56,6.19143,0.37
3334000,26,123.745,-9110.18,10.2053,0.31575
3336000,23,103.003,-9107.23,10.8873,0.33
3338000,22,100.921,-9111.95,11.9827,0.328
3340000,22,94.7993,-9107.32,12.6461,0.312
3342000,24,111.167,-9104.28,13.1656,0.341
3344000,26,123.196,-9117.74,13.6246,0.3361
3346000,25,117.104,-9114.29,17.3827,0.3325
3348000,22,107.202,-9124.83,13.3672,0.356
3350000,24,118.012,-9126.82,12.6644,0.328
3352000,26,107.735,-9103.4,18.158,0.333143
3354000,25,110.105,-9101.4,12.9867,0.333
3356000,23,116.692,-9121.72,10.0753,0.358
3358000,26,112.929,-9106.18,13.465,0.3285
3360000,25,109.957,-9111.59,8.48731,0.319
3362000,20,87.557,-9118.52,13.9874,0.3536
3364000,25,108.363,-9092.97,16.0349,0.358
3366000,23,101.475,-9109.95,13.0472,0.325
3368000,28,131.002,-9124.84,15.3016,0.346
3370000,25,113.934,-9115.69,12.7714,0.348
3372000,25,93.9934,-9101.8,10.0541,0.3335
3374000,17,80.8644,-9132.1,9.37317,0.325154
3376000,21,98.9554,-9129.65,13.2983,0.283
3378000,18,75.9746,-9130.18,15.3672,0.332393
3380000,22,110.349,-9133.32,14.5474,0.335333
3382000,22,108.122,-9126.84,13.2604,0.347091
3384000,23,121.675,-9132.34,8.38345,0.351
3386000,25,115.444,-9140.53,15.7113,0.386
3388000,19,101.027,-9129.68,9.12306,0.346833
3390000,22,101.4,-9121.06,7.4544,0.346
3392000,22,103.416,-9120.58,13.5733,0.338
3394000,21,102.788,-9136.68,12.3182,0.344
3396000,22,110.737,-9145.23,11.1684,0.322
3398000,23,112.098,-9110.03,8.64608,0.330333
3400000,23,109.855,-9105.73,12.367,0.332
3402000,26,130.357,-9116.48,15.6517,0.327
3404000,30,158.706,-9118.71,16.0491,0.383
3406000,27,125.799,-9126.21,15.0374,0.336576
3408000,19,91.072,-9127.43,12.4073,0.341
3410000,27,132.225,-9115.75,12.9942,0.357667
3412000,23,111.112,-9116.58,13.5914,0.336
3414000,25,127.574,-9121.53,12.618,0.33
3416000,21,110.592,-9117.65,11.0816,0.3445
3418000,19,96.9883,-9138,9.03878,0.3283
3420000,21,97.7416,-9118.55,11.1227,0.32
3422000,21,97.0132,-9121.59,13.9927,0.3068
3424000,20,95.1779,-9127.22,11.3686,0.311
3426000,19,84.6479,-9137.15,9.44949,0.309
3428000,21,99.0163,-9133.8,10.6912,0.33525
3430000,22,111.342,-9128.5,11.3392,0.345
3432000,22,101.403,-9119.87,8.2905,0.31325
3434000,26,118.781,-9118.4,13.001,0.348
3436000,18,88.9219,-9123.29,9.64974,0.3306
3438000,18,87.5594,-9121.59,11.6924,0.319
3440000,21,91.7295,-9115.85,11.7541,0.316
3442000,20,88.2708,-9128.35,11.2174,0.310238
3444000,20,78.6547,-9127.88,13.2978,0.334
3446000,19,98.5006,-9137.25,7.69081,0.319
3448000,20,94.1529,-9136.24,10.3162,0.268
3450000,20,102.861,-9139.19,8.23562,0.309
3452000,19,97.3583,-9145.21,7.45461,0.326
3454000,18,83.122,-9144.52,9.06883,0.318111
3456000,19,94.343,-9140.92,7.11741,0.346
3458000,22,100.851,-9120.66,13.6721,0.334643
3460000,22,103.67,-9128.78,9.45599,0.361
3462000,27,129.295,-9114.93,18.4138,0.36
3464000,21,106.828,-9137.94,11.75,0.340273
3466000,21,106.769,-9142.8,8.6826,0.337
3468000,19,96.4639,-9127.02,9.99428,0.299
3470000,25,121.019,-9124.33,11.431,0.337714
3472000,19,91.0683,-9126.03,5.56478,0.286
3474000,22,98.9177,-9110.94,15.1016,0.33625
3476000,21,94.1905,-9125.71,13.5074,0.31
3478000,25,110.477,-9122.28,14.207,0.362
3480000,19,88.5423,-9130.28,9.76422,0.339
3482000,23,114.478,-9117.54,7.08125,0.322
3484000,26,116.453,-9123.2,11.7561,0.346167
3486000,26,126.137,-9113.32,18.682,0.3665
3488000,25,120.103,-9123.12,15.1995,0.349667
3490000,23,120.642,-9130.56,10.2391,0.350333
3492000,23,114.597,-9133.36,11.6455,0.37
3494000,22,110.984,-9126.73,9.97061,0.3274
3496000,22,115.57,-9119.51,9.44246,0.352
3498000,23,115.644,-9131.38,16.1748,0.375
3500000,20,100.69,-9126.87,11.0941,0.311
3502000,21,105.431,-9115.42,8.54462,0.341687
3504000,19,85.5325,-9120.52,7.45468,0.292
3506000,19,80.8545,-9127.29,12.6287,0.32
3508000,19,92.8273,-9122.32,8.04462,0.307
3510000,21,95.2159,-9115.83,12.1835,0.3245
3512000,20,99.3337,-9140.11,8.94321,0.31825
3514000,20,92.7821,-9121.76,8.52076,0.3324
3516000,23,107.439,-9134.67,12.8642,0.3314
3518000,20,100.431,-9106.44,10.0684,0.333125
3520000,22,106.731,-9120.6,8.33537,0.348
3522000,19,93.8697,-9132.97,8.92929,0.311
3524000,19,95.3492,-9118.2,6.56625,0.323556
3526000,22,99.8793,-9112.08,11.6329,0.358
3528000,19,87.5232,-9132.75,8.61047,0.342
3530000,19,91.9955,-9134.75,12.7309,0.344
3532000,21,106.451,-9121.12,11.1515,0.338
3534000,23,115.102,-9123.15,10.2675,0.322
3536000,26,132.773,-9120.06,10.3649,0.358
3538000,19,92.7909,-9143.28,6.14984,0.326
3540000,21,105.242,-9138.35,7.94462,0.33
3542000,19,83.349,-9127.46,12.9356,0.322368
3544000,24,119.719,-9114.46,13.3608,0.338625
3546000,22,107.007,-9116.01,11.7729,0.337769
3548000,25,127.762,-9130.79,14.6603,0.35
3550000,18,97.22,-9130.31,8.79199,0.3405
3552000,20,97.0977,-9131.83,13.0728,0.336
3554000,22,112.553,-9128.28,8.91794,0.3375
3556000,27,124.603,-9117.47,10.9567,0.336455
3558000,21,109.365,-9119.58,11.4207,0.3482
3560000,22,115.865,-9123.4,7.68249,0.327
3562000,25,116.292,-9103.37,12.2948,0.3515
3564000,26,113.328,-9092.4,18.6282,0.353
3566000,27,122.06,-9091.21,19.6392,0.314
3568000,25,121.413,-9104.09,11.8397,0.347
3570000,26,130.787,-9099.37,12.4607,0.329
3572000,26,136.337,-9102.79,8.52003,0.322
3574000,27,137.48,-9104.21,10.4446,0.34
3576000,23,113.89,-9119.87,12.1815,0.332912
3578000,22,113.29,-9117.18,10.1819,0.352
3580000,24,115.457,-9121.43,12.2361,0.336
3582000,25,115.487,-9115.72,13.3275,0.338
3584000,26,113.25,-9108.19,14.1721,0.346
3586000,25,120.897,-9115.36,16.1881,0.362
3588000,25,117.965,-9123.09,13.7332,0.365
3590000,26,122.447,-9115.54,12.6287,0.38
3592000,25,118.246,-9122.17,11.7376,0.328903
3594000,18,92.1627,-9127.66,8.99994,0.31
3596000,24,112.221,-9103.47,13.6225,0.327667
3598000,26,121.424,-9115.72,17.8606,0.357
3600000,25,117.117,-9128.47,17.0746,0.376
3602000,28,146.191,-9109.82,13.4363,0.375
3604000,27,144.422,-9118.69,13.7453,0.359
3606000,26,136.645,-9111.69,12.5822,0.363
3608000,20,97.5474,-9130.03,6.33997,0.353563
3610000,21,95.9028,-9122.37,11.9898,0.330333
3612000,24,116.564,-9122.83,9.83646,0.36
3614000,18,80.784,-9119.22,13.7696,0.3225
3616000,25,123.635,-9128.97,9.71405,0.295
3618000,29,140.159,-9118.83,12.1655,0.369
3620000,25,120.88,-9108.53,22.0997,0.333
3622000,23,108.251,-9106.75,15.3702,0.348
3624000,20,88.1214,-9126.23,11.8302,0.331138
3626000,25,132.562,-9106.98,11.7598,0.35
3628000,19,94.402,-9131.05,8.30425,0.320105
3630000,22,98.9019,-9134.45,11.8686,0.326167
3632000,26,132.4,-9103.76,10.7074,0.338
3634000,24,117.11,-9122.58,12.0898,0.328
3636000,18,82.8338,-9127.95,9.39393,0.322
3638000,23,110.042,-9130.45,15.9373,0.330333
3640000,24,120.956,-9132.24,14.4259,0.321
3642000,23,100.386,-9123.54,11.5617,0.3565
3644000,24,118.424,-9133.8,9.26767,0.296
3646000,23,111.179,-9129.99,11.921,0.337
3648000,23,111.686,-9120.79,13.0911,0.328
3650000,23,115.843,-9125.61,13.9375,0.316
3652000,21,107.168,-9128.6,9.55229,0.345636
3654000,23,110.351,-9115.17,16.8198,0.319
3656000,27,137.366,-9114.33,10.9624,0.3388
3658000,27,143.596,-9123.09,11.515,0.371
3660000,26,131.14,-9121.48,12.2939,0.363
3662000,25,114.674,-9122.28,16.6582,0.346714
3664000,21,100.909,-9121.73,9.61191,0.331
3666000,20,92.5768,-9121.74,9.74872,0.339
3668000,21,104.408,-9127.52,7.77196,0.3
3670000,20,84.6131,-9136.09,13.3691,0.323
3672000,22,100.975,-9112.22,8.17025,0.344
3674000,24,112.057,-9116.68,11.5578,0.348
3676000,22,99.8476,-9115.02,12.7018,0.341062
3678000,23,111.563,-9126,12.6073,0.334437
3680000,23,121.264,-9109.92,8.21517,0.329
3682000,27,123.653,-9126.17,14.8617,0.36475
3684000,27,130.966,-9131.74,11.3959,0.395
3686000,21,103.247,-9117.76,12.2994,0.343
3688000,19,90.2811,-9136.74,7.98287,0.325381
3690000,22,101.986,-9129.04,12.1374,0.325
3692000,20,87.1884,-9132.79,11.3325,0.313
3694000,28,131.197,-9136.33,14.699,0.369333
3696000,20,91.4808,-9131.97,4.7256,0.322
3698000,23,105.497,-9127.16,14.955,0.3376
3700000,28,137.435,-9121.76,13.182,0.351
3702000,26,122.798,-9118.23,16.3888,0.39
3704000,20,100.754,-9126.79,12.7842,0.31
3706000,17,87.3556,-9118.44,7.92879,0.332
3708000,21,102.855,-9133.4,8.14672,0.35
3710000,20,94.9265,-9120.76,13.7614,0.294
3712000,20,98.6748,-9119.31,13.7609,0.33
3714000,27,131.654,-9112.46,10.6176,0.329375
3716000,21,102.913,-9141.4,9.12689,0.345375
3718000,22,108.489,-9114.31,11.6662,0.341
3720000,21,99.7226,-9127.33,10.9111,0.331
3722000,22,100.666,-9130.89,10.6919,0.341
3724000,22,101.566,-9125.23,12.4262,0.341
3726000,21,98.4215,-9128.03,12.3258,0.3285
3728000,25,121.014,-9145.33,13.2865,0.354
3730000,24,120.533,-9128.29,11.0245,0.352
3732000,22,101.783,-9123.46,13.9992,0.326333
3734000,22,108.894,-9133.43,11.0842,0.332526
3736000,24,116.578,-9121.99,16.5668,0.329667
3738000,24,112.303,-9133.43,14.7361,0.334
3740000,20,93.1211,-9135.98,14.0741,0.324
3742000,28,140.722,-9141.92,16.4645,0.375
3744000,24,119.646,-9132.32,12.3489,0.338
3746000,22,114.369,-9127.63,14.2701,0.3483
3748000,22,111.256,-9127.12,12.0216,0.335
3750000,18,83.1909,-9130.42,10.8821,0.3136
3752000,17,82.4707,-9130.37,8.9062,0.32
3754000,17,71.5795,-9123.67,8.41387,0.2946
3756000,25,122.727,-9124.4,8.64138,0.335125
3758000,23,116.193,-9124.21,10.6262,0.326
3760000,22,86.3211,-9135.08,10.7758,0.3078
3762000,19,89.11,-9133.16,16.9856,0.332704
3764000,18,76.9655,-9142.31,8.36954,0.32075
3766000,16,77.0482,-9132.99,6.23153,0.294
3768000,16,62.1295,-9133.4,13.1826,0.2955
3770000,19,94.6036,-9134.94,6.49938,0.31
3772000,17,79.1163,-9127.4,8.26383,0.305
3774000,19,74.8233,-9135.28,9.73771,0.311571
3776000,23,96.9901,-9119.66,10.1809,0.335
3778000,24,110.802,-9131.56,8.3752,0.333
3780000,24,110.888,-9122.38,13.3202,0.31
3782000,20,101.296,-9127.82,8.67063,0.316
3784000,23,111.913,-9124.23,12.5671,0.3155
3786000,24,117.943,-9116.92,13.2487,0.361
3788000,22,108.846,-9118.12,11.6366,0.325
3790000,22,104.617,-9114.76,11.0348,0.282
3792000,20,93.363,-9120.86,9.03045,0.324643
3794000,19,85.3509,-9117.23,9.96369,0.308
3796000,23,110.884,-9116.27,10.6896,0.3074
3798000,17,76.7485,-9129.36,6.31301,0.309708
3800000,20,95.802,-9122,7.74393,0.328333
3802000,22,111.387,-9120.89,12.542,0.319
3804000,19,87.626,-9123.09,12.0708,0.298
3806000,19,95.9453,-9127.62,10.8896,0.32
3808000,20,103.95,-9122.18,6.2323,0.3245
3810000,17,81.6537,-9134.22,7.05964,0.332481
3812000,17,74.9224,-9141.01,6.09915,0.27
3814000,18,82.3711,-9138.32,12.1101,0.313
3816000,22,106.246,-9138.11,11.5911,0.307
3818000,22,95.4816,-9108,11.361,0.326
3820000,22,106.266,-9135.03,12.2924,0.342
3822000,20,96.2,-9126.42,16.8013,0.3432
3824000,19,88.422,-9135.89,9.75126,0.354
3826000,21,105.551,-9113.24,11.4446,0.355667
3828000,21,97.0628,-9108.73,10.8935,0.341667
3830000,21,87.4891,-9099.11,13.1184,0.356
3832000,23,92.7029,-9110.17,11.2554,0.37
3834000,18,87.7309,-9136.38,7.21701,0.325
3836000,22,97.1455,-9097.94,12.9208,0.329
3838000,23,87.2272,-9111.92,16.9444,0.311
3840000,22,92.4964,-9118.73,10.9737,0.282
3842000,24,99.8669,-9114.37,11.7219,0.3345
3844000,26,116.047,-9119.01,10.4224,0.33
3846000,23,107.531,-9120.08,7.72879,0.33
3848000,20,92.9627,-9119.26,8.20427,0.33
3850000,21,97.7451,-9126.62,11.5224,0.323667
3852000,21,101.145,-9115.63,12.1167,0.318667
3854000,22,107.192,-9121.63,11.7802,0.332526
3856000,23,101.785,-9113.77,8.87295,0.351
3858000,25,113.911,-9110.45,13.5526,0.299
3860000,23,120.059,-9112.55,8.96755,0.323
3862000,24,112.567,-9113.32,13.2858,0.314
3864000,26,125.132,-9105.11,12.3854,0.351833
3866000,25,112.153,-9110.67,9.70377,0.355
3868000,23,114.096,-9105.65,12.0265,0.35
3870000,23,94.4711,-9107.83,11.4008,0.325
3872000,21,91.0521,-9107.15,12.0445,0.337
3874000,23,112.288,-9119.77,10.0182,0.344182
3876000,24,111.527,-9098.96,13.7196,0.3374
3878000,25,121.341,-9103.75,14.0564,0.352
3880000,20,96.2089,-9112.01,10.8161,0.325
3882000,19,90.2652,-9121.67,8.1107,0.323
3884000,25,131.6,-9104.66,10.2579,0.3632
3886000,25,123.232,-9094.93,7.36773,0.336
3888000,29,149.773,-9089.53,10.5989,0.34
3890000,27,126.267,-9121.81,14.4836,0.358333
3892000,22,105.845,-9125.34,11.754,0.315
3894000,26,131.633,-9102.74,13.7008,0.348
3896000,26,118.289,-9114.56,14.7341,0.362833
3898000,20,84.0816,-9114.72,13.6688,0.326
3900000,18,85.278,-9128.49,8.62969,0.307
3902000,24,110.751,-9110.99,18.8902,0.343143
3904000,24,123.786,-9096.36,10.906,0.327
3906000,28,138.128,-9112.88,15.303,0.348
3908000,25,117.247,-9107.03,15.288,0.344
3910000,22,99.638,-9115.08,14.1792,0.336
3912000,24,119.637,-9102.72,10.849,0.336
3914000,23,118.768,-9111.68,9.93925,0.335
3916000,23,104.188,-9109.96,13.8208,0.33
3918000,25,124.926,-9097.53,11.2505,0.365
3920000,25,120.56,-9102.45,16.1111,0.329
3922000,29,144.065,-9093.83,16.8185,0.383
3924000,26,129.956,-9110.75,13.3205,0.351
3926000,21,109.447,-9126.34,7.88914,0.315
3928000,29,141.073,-9113.69,14.2197,0.33975
3930000,24,116.189,-9129.45,9.55408,0.365
3932000,29,137.116,-9121.07,18.0921,0.314
3934000,29,138.645,-9092.18,15.1242,0.351167
3936000,30,148.131,-9095.66,16.0077,0.375
3938000,26,136.49,-9116.99,12.2101,0.332
3940000,28,130.972,-9111.75,14.9473,0.362
3942000,21,95.6646,-9108.52,14.9579,0.336778
3944000,29,146.381,-9120.1,11.1239,0.352
3946000,21,95.341,-9115.03,13.0639,0.31
3948000,25,120.995,-9130.28,13.6484,0.3435
3950000,26,125.229,-9110.84,14.0655,0.346
3952000,27,135.695,-9109.32,12.2189,0.357
3954000,21,100.759,-9122.06,10.3709,0.321
3956000,21,96.4611,-9108.08,15.0912,0.32425
3958000,20,98.618,-9114.84,7.41713,0.32
3960000,21,94.5764,-9120.4,17.6365,0.331
3962000,23,107.422,-9118.68,12.0113,0.3125
3964000,25,131.477,-9117.41,10.0799,0.343
3966000,22,107.923,-9116.32,10.7989,0.333
3968000,22,103.255,-9116.48,17.8077,0.323
3970000,23,122.751,-9109.42,7.89466,0.332
3972000,22,114.457,-9106.37,8.6213,0.343
3974000,24,124.451,-9116.45,8.20156,0.332
3976000,22,103.249,-9126.75,11.0823,0.33
3978000,21,98.4444,-9119.4,13.3414,0.3415
3980000,18,93.0398,-9136.84,9.10083,0.318
3982000,20,95.7221,-9114.22,13.327,0.333
3984000,25,121.651,-9123.85,14.3323,0.328
3986000,24,121.608,-9129.41,10.3069,0.286
3988000,23,113.163,-9119.87,12.6583,0.371
3990000,25,119.142,-9118.53,14.589,0.3295
3992000,24,116.548,-9114.42,16.1881,0.31
3994000,24,100.039,-9113.14,14.9881,0.329
3996000,20,104.738,-9112.25,7.79055,0.331
3998000,19,92.2955,-9114.48,9.72105,0.328056
4000000,17,82.9358,-9126.17,13.59,0.304
4002000,23,96.6569,-9112.64,11.1256,0.335
4004000,26,114.827,-9118.24,19.3007,0.334
4006000,22,110.991,-9125.36,13.5407,0.353
4008000,19,99.6102,-9125.9,8.17352,0.321
4010000,23,110.527,-9120.71,10.7431,0.330429
4012000,21,99.3641,-9115.04,13.2006,0.367
4014000,24,114.907,-9122.25,8.54307,0.344
4016000,24,112.399,-9106.53,12.3833,0.327864
4018000,21,104.633,-9121.92,12.0688,0.325667
4020000,28,137.81,-9102.75,15.4773,0.337
4022000,26,121.748,-9106.42,15.6097,0.342
4024000,23,108.054,-9111.68,11.1646,0.342
4026000,21,90.8901,-9115.31,13.5084,0.312
4028000,20,96.7131,-9128.32,8.85999,0.357
4030000,19,94.2918,-9132.95,13.2618,0.368
4032000,17,81.3248,-9129.34,9.67709,0.346529
4034000,20,92.3372,-9126.6,12.9145,0.333
4036000,23,107.589,-9117.99,16.2143,0.3168
4038000,19,89.5703,-9125.08,11.5729,0.316571
4040000,24,120.258,-9110.02,14.0964,0.343667
4042000,22,106.593,-9115.71,16.3917,0.332
4044000,21,106.649,-9110.02,7.80757,0.337
4046000,16,76.8617,-9140.38,7.22189,0.314
4048000,22,112.239,-9136.4,11.0991,0.3176
4050000,20,93.779,-9119.91,11.2708,0.317
4052000,21,106.018,-9129.3,13.799,0.32675
4054000,18,90.4712,-9138.56,13.6662,0.317867
4056000,18,82.5192,-9130.73,9.76426,0.314
4058000,25,123.796,-9112.02,13.7539,0.336143
4060000,24,120.042,-9109.9,13.7097,0.352
4062000,17,82.1887,-9129.39,10.6337,0.3105
4064000,18,88.2597,-9130.64,8.76249,0.285
4066000,24,116.284,-9111.84,12.7802,0.347
4068000,20,95.4372,-9107.54,12.9342,0.325
4070000,18,84.2343,-9130.13,12.1187,0.328111
4072000,20,106.714,-9141.48,9.24834,0.318
4074000,25,129.111,-9122.92,11.7087,0.352
4076000,21,101.221,-9130.83,11.2291,0.322684
4078000,23,117.892,-9122.64,11.9566,0.352
4080000,23,114.767,-9113.49,10.9054,0.352
4082000,30,148.155,-9142.76,14.1215,0.3728
4084000,28,140.779,-9119.51,12.9687,0.362667
4086000,24,118.154,-9128.29,11.7819,0.35
4088000,20,90.3676,-9124.1,13.2128,0.3344
4090000,20,95.7472,-9113.77,11.2631,0.325
4092000,25,118.773,-9126.44,12.5877,0.336
4094000,26,129.825,-9132.83,14.6347,0.366
4096000,17,89.4039,-9126.06,11.7425,0.352846
4098000,20,99.3645,-9122.14,9.57979,0.335
4100000,20,95.7027,-9126.36,14.3616,0.3225
4102000,26,110.326,-9128.12,13.3461,0.354714
4104000,22,103.502,-9132.14,10.4904,0.347
4106000,21,100.964,-9120.85,8.58638,0.325
4108000,20,104.237,-9126.9,7.35764,0.316875
4110000,21,107.454,-9128.19,8.45323,0.318
4112000,23,115.885,-9123.24,9.67438,0.343091
4114000,21,109.5,-9132.38,9.18203,0.328167
4116000,23,110.442,-9120.47,11.3048,0.359
4118000,20,96.9669,-9113.97,9.37714,0.321
4120000,23,107.852,-9109.35,9.06482,0.324
4122000,23,109.975,-9117.97,13.1565,0.3475
4124000,26,116.561,-9121.01,14.6844,0.367
4126000,24,113.775,-9119.96,10.9662,0.344
4128000,21,97.9984,-9121.62,11.0936,0.35875
4130000,21,102.217,-9120.88,10.996,0.349
4132000,25,112.747,-9122.2,14.5303,0.341
4134000,21,98.5027,-9107.69,9.26046,0.33025
4136000,19,91.0372,-9133.42,7.45957,0.315
4138000,20,90.0773,-9120.85,12.3188,0.331
4140000,18,87.3742,-9114.76,12.9677,0.31495
4142000,21,95.5941,-9113.48,10.8126,0.297
4144000,25,128.389,-9111.91,14.2362,0.353455
4146000,24,117.193,-9120.37,12.7119,0.335105
4148000,23,118.062,-9121,11.4525,0.318
4150000,24,120.813,-9113.91,14.0866,0.3276
4152000,23,107.058,-9123.04,15.6695,0.341
4154000,22,101.561,-9112.39,13.9598,0.3461
4156000,22,109.625,-9106.17,9.64436,0.342
4158000,23,116.275,-9109.02,15.3358,0.336353
4160000,24,112.363,-9116.43,13.1718,0.344
4162000,22,96.1556,-9101.87,13.8633,0.283
4164000,22,114.874,-9114.27,11.8604,0.318
4166000,23,105.787,-9122.97,12.7225,0.326333
4168000,22,109.578,-9130.17,8.78609,0.31
4170000,25,130.413,-9114.23,10.5908,0.356
4172000,23,104.866,-9115.19,11.9771,0.33875
4174000,20,88.1712,-9117.62,15.4271,0.318
4176000,27,140.744,-9107.24,12.7546,0.355
4178000,21,103.735,-9128.5,15.0543,0.361
4180000,18,84.389,-9126.12,10.864,0.314167
4182000,24,128.006,-9099.47,11.0669,0.323
4184000,25,126.632,-9114.5,10.0114,0.339
4186000,23,119.406,-9103.12,10.4029,0.335
4188000,26,135.161,-9112.28,8.40816,0.34
4190000,28,128.936,-9120.52,16.0558,0.351
4192000,23,112.153,-9121.38,15.4212,0.35
4194000,21,111.891,-9119.7,8.1039,0.319
4196000,17,83.0799,-9130.65,5.38041,0.309
4198000,18,92.4857,-9115.68,9.53209,0.33
4200000,21,106.724,-9128.9,9.396,0.309
4202000,17,87.6899,-9123.89,6.71857,0.32975
4204000,17,79.603,-9144.47,14.5711,0.313
4206000,17,91.0176,-9134.51,6.22208,0.322
4208000,19,92.7619,-9136.02,13.0216,0.311143
4210000,20,101.952,-9143.46,8.22431,0.362
4212000,16,82.2322,-9131.05,9.62441,0.3188
4214000,20,102.492,-9115.25,7.19174,0.318676
4216000,21,115.613,-9108.24,5.25368,0.35
4218000,22,107.579,-9120.72,14.1556,0.339
4220000,21,109.867,-9119.96,10.0932,0.329
4222000,18,87.7394,-9132.64,11.6105,0.336364
4224000,18,92.746,-9135.25,8.53057,0.329
4226000,20,88.7795,-9127.79,11.4158,0.365
4228000,20,100.805,-9131.62,9.0852,0.339
4230000,22,111.707,-9142.44,8.18698,0.336
4232000,25,126.436,-9136.07,12.1146,0.368
4234000,18,97.4698,-9125.38,9.45362,0.333
4236000,24,121.647,-9125.7,9.78265,0.366
4238000,24,111.637,-9122.69,18.326,0.341
4240000,22,109.97,-9114.95,9.22532,0.359
4242000,22,107.077,-9116.95,11.9919,0.322
4244000,22,111.205,-9129.49,10.8651,0.304
4246000,16,79.5227,-9136.03,10.0029,0.308333
4248000,17,84.4653,-9131.65,6.36174,0.317
4250000,20,101.149,-9108.09,7.03049,0.334
4252000,23,114.755,-9112.49,11.4341,0.364
4254000,23,120.919,-9124.53,12.3361,0.33
4256000,20,102.726,-9126.52,9.68296,0.33325
4258000,19,96.4602,-9138.35,9.23379,0.276
4260000,17,85.432,-9133.24,6.56469,0.322
4262000,20,100.876,-9131.09,9.89682,0.345
4264000,19,90.9607,-9123.9,11.9677,0.293
4266000,17,83.1163,-9126.83,7.57074,0.311
4268000,16,80.2712,-9142.59,12.4345,0.324261
4270000,18,86.1667,-9129.06,9.86137,0.328
4272000,19,87.483,-9134.01,11.0035,0.302
4274000,19,92.7118,-9128.78,11.3391,0.316
4276000,23,118.511,-9128.86,9.85048,0.332
4278000,23,107.442,-9124.31,11.8116,0.361
4280000,25,110.184,-9126.16,15.1593,0.357
4282000,18,87.9213,-9127.62,10.096,0.322429
4284000,17,94.179,-9142.13,5.81552,0.318
4286000,19,96.8237,-9131.68,8.4837,0.314
4288000,23,116.958,-9120.11,12.8802,0.341714
4290000,22,104.616,-9124.71,12.1295,0.339
4292000,23,99.6011,-9111.96,13.2257,0.311
4294000,26,124.397,-9113.26,10.5318,0.375
4296000,25,123.506,-9111.55,10.9632,0.39
4298000,25,116.809,-9120.39,13.9585,0.345
4300000,17,89.7621,-9137.26,7.22569,0.324231
4302000,23,102.69,-9119.4,13.4241,0.3545
4304000,21,106.56,-9119.39,8.90084,0.347
4306000,25,116.678,-9122.31,14.6725,0.331
4308000,24,114.322,-9114.68,10.1607,0.323111
4310000,22,114.539,-9119.24,12.4665,0.322
4312000,28,131.413,-9108.03,16.2438,0.358
4314000,27,139.373,-9106.29,13.9769,0.329
4316000,24,115.996,-9115.83,12.8459,0.331
4318000,19,96.1867,-9139.67,10.6417,0.297
4320000,23,108.474,-9106.41,13.0437,0.328
4322000,19,103.995,-9144.5,6.4647,0.335381
4324000,24,113.948,-9102.31,13.2489,0.339
4326000,25,121.131,-9115.27,13.0714,0.3502
4328000,19,90.277,-9122.46,11.7974,0.322
4330000,19,88.4927,-9121.09,9.95152,0.307
4332000,19,89.38,-9129.26,9.262,0.321929
4334000,19,91.6016,-9128.55,8.13879,0.309
4336000,22,109.528,-9134.77,8.82685,0.378
4338000,18,92.3634,-9146.68,5.8965,0.322125
4340000,25,115.2,-9108.89,9.82428,0.352
4342000,18,91.5387,-9146.2,6.48927,0.337
4344000,25,125.604,-9122.25,10.6169,0.336
4346000,24,114.782,-9115.37,13.5128,0.331
4348000,23,117.241,-9139.02,13.4693,0.348667
4350000,24,119.094,-9115.44,10.2932,0.354333
4352000,23,110.127,-9110.58,12.4639,0.333
4354000,24,114.78,-9109.18,15.3791,0.352
4356000,24,116.258,-9110.68,13.5627,0.329
4358000,23,113.255,-9107,14.5622,0.294
4360000,23,117.066,-9108.24,11.5517,0.33
4362000,23,120.136,-9114.19,8.43737,0.356
4364000,26,128.872,-9116.48,13.8133,0.345
4366000,26,130.897,-9116.83,16.0513,0.36
4368000,25,122.843,-9105.82,10.1689,0.298
4370000,23,104.914,-9112.21,11.5082,0.307
4372000,23,118.125,-9122.71,12.6705,0.339
4374000,22,110.325,-9142.54,11.6061,0.349769
4376000,26,118.665,-9107.68,11.471,0.322333
4378000,27,125.67,-9101.95,10.677,0.373
4380000,21,116.427,-9133.65,9.16538,0.352
4382000,22,100.108,-9130.14,12.7037,0.372
4384000,26,132.557,-9124.18,14.2829,0.37
4386000,31,143.532,-9127.65,17.4637,0.341714
4388000,26,129.726,-9131.8,9.20354,0.39
4390000,23,99.6095,-9130.37,16.7206,0.352875
4392000,19,96.2167,-9134.14,9.58092,0.322
4394000,23,119.072,-9132.76,12.4146,0.3665
4396000,21,115.685,-9126.34,7.26234,0.349
4398000,22,110.416,-9128.28,10.5193,0.357
4400000,18,83.6259,-9123.62,12.2153,0.297
4402000,16,79.6829,-9127.8,11.1841,0.328231
4404000,18,91.4041,-9137.64,13.0797,0.316
4406000,18,98.0772,-9134.67,8.54842,0.342
4408000,18,84.1737,-9110.14,8.7331,0.341
4410000,19,97.9691,-9116.42,9.1802,0.322
4412000,19,89.9157,-9117.11,12.5831,0.296
4414000,19,94.8087,-9123.89,15.8249,0.321818
4416000,21,100.672,-9138.45,12.6219,0.34
4418000,19,89.897,-9125.35,8.58621,0.287667
4420000,21,102.366,-9135.26,8.41147,0.337
4422000,21,92.1752,-9125.13,9.5407,0.366
4424000,21,97.1171,-9122.28,11.1735,0.329
4426000,22,113.714,-9124.9,9.05848,0.352
4428000,18,92.9805,-9131.83,8.07559,0.3265
4430000,22,101.655,-9122.79,16.8491,0.364
4432000,21,100.992,-9126.52,13.2781,0.344
4434000,21,94.6747,-9117.44,10.2068,0.334
4436000,21,100.681,-9130.4,9.11512,0.326
4438000,19,87.1173,-9121.72,13.2637,0.338167
4440000,20,102.608,-9113.11,7.21411,0.335
4442000,18,87.3363,-9118.58,10.5522,0.334643
4444000,18,81.3931,-9134.85,10.4693,0.3
4446000,21,110.071,-9114.81,6.79475,0.32925
4448000,23,109.59,-9123.54,9.45769,0.322
4450000,18,84.0983,-9121.66,6.41344,0.3205
4452000,25,113.526,-9115.16,12.2645,0.33
4454000,25,120.8,-9110.48,12.9492,0.341
4456000,22,99.4308,-9109.66,14.1335,0.311
4458000,19,88.5659,-9106.95,14.1525,0.32
4460000,20,101.949,-9125.13,9.7261,0.340273
4462000,20,102.964,-9128.51,9.36736,0.307
4464000,24,113.816,-9127.57,14.952,0.350222
4466000,21,95.6534,-9122.4,14.231,0.3384
4468000,22,96.3157,-9126.36,13.6641,0.338
4470000,18,89.5247,-9128.25,9.31311,0.311
4472000,20,98.7438,-9128.51,11.9593,0.327
4474000,21,99.6598,-9110.76,11.5,0.3315
4476000,23,106.161,-9104.39,16.1088,0.3085
4478000,23,100.664,-9113.1,14.5703,0.313
4480000,26,128.724,-9101.96,9.79899,0.337
4482000,25,127.046,-9113.53,14.2343,0.35
4484000,23,106.142,-9110.25,16.1795,0.35
4486000,24,116.977,-9117.49,7.67603,0.332
4488000,19,86.9469,-9102.6,9.69034,0.315
4490000,23,107.19,-9106.99,11.0771,0.351
4492000,24,114.57,-9105.45,12.4673,0.38
4494000,22,92.446,-9115.51,11.4218,0.346034
4496000,22,108.758,-9116.46,13.156,0.326
4498000,20,93.195,-9130.8,11.6464,0.3418
4500000,20,94.1017,-9131.74,11.8565,0.367
4502000,25,129.345,-9130.86,14.2281,0.344
4504000,22,99.8467,-9109.85,17.5497,0.333448
4506000,18,93.685,-9123.93,9.38154,0.334444
4508000,25,127.189,-9126.41,13.908,0.3706
4510000,23,112.445,-9125.82,9.97724,0.344
4512000,21,97.22,-9111.89,15.9242,0.337
4514000,25,116.838,-9130.22,15.7925,0.347
4516000,27,135.648,-9118.32,9.895,0.403
4518000,22,112.262,-9130.34,13.9033,0.341
4520000,22,119.297,-9127.16,9.14906,0.357
4522000,22,119.392,-9126.44,5.84108,0.351
4524000,22,107.185,-9125.84,8.05975,0.345857
4526000,21,97.6669,-9118.94,12.0735,0.3195
4528000,17,83.176,-9122.52,9.31672,0.296333
4530000,19,89.9295,-9126.93,10.5535,0.319
4532000,18,88.9445,-9123.45,12.0078,0.318
4534000,21,90.6918,-9127.63,17.3175,0.326
4536000,21,101.346,-9116.15,11.4778,0.326333
4538000,20,92.5767,-9127.75,13.1865,0.303
4540000,23,109.226,-9120.25,15.2173,0.31425
4542000,24,118.251,-9114.02,14.0323,0.34
4544000,24,115.412,-9112.86,13.7164,0.347
4546000,25,122.245,-9119.26,11.492,0.353
4548000,14,68.7506,-9152.69,9.18791,0.294
4550000,15,65.7169,-9148.66,12.1961,0.263
4552000,15,73.5446,-9148.9,9.6417,0.307
4554000,24,103.606,-9101.89,14.7862,0.304
4556000,26,130.911,-9115.17,13.3212,0.343
4558000,27,126.975,-9108.97,20.7564,0.314
4560000,28,141.157,-9102.67,13.8634,0.365
4562000,28,141.363,-9117.63,21.0908,0.369
4564000,23,114.623,-9118.49,12.1077,0.343
4566000,21,109.772,-9124.59,9.17579,0.354
4568000,23,114.246,-9125.15,10.4184,0.342
4570000,26,129.539,-9123.45,14.5372,0.325
4572000,25,140.701,-9121.78,8.66856,0.305
4574000,26,123.571,-9134.24,11.159,0.325
4576000,26,133.001,-9130.27,12.8549,0.365
4578000,26,133.786,-9121.77,11.9478,0.364
4580000,24,120.753,-9125.78,12.4063,0.362
4582000,23,110.4,-9110.81,8.62861,0.346
4584000,17,82.765,-9145.39,11.5085,0.33
4586000,20,98.4681,-9122.63,10.0187,0.329
4588000,20,83.1719,-9147.39,12.0369,0.3365
4590000,18,93.3039,-9127.09,7.20256,0.333333
4592000,22,106.723,-9135.61,11.041,0.336
4594000,28,139.44,-9113.8,17.1995,0.329667
4596000,27,133.343,-9114.86,15.8246,0.356
4598000,24,115.077,-9107.62,10.3123,0.327
4600000,18,86.9066,-9152.35,8.47294,0.3326
4602000,23,107.739,-9129.83,11.5485,0.338333
4604000,23,110.599,-9119.62,15.6398,0.3496
4606000,21,104.342,-9137.73,12.1139,0.343
4608000,20,95.8708,-9109.95,8.61372,0.338
4610000,20,95.9188,-9106.95,11.3597,0.307
4612000,18,85.3619,-9117.28,12.1173,0.336
4614000,19,102.395,-9133.59,9.19773,0.311714
4616000,18,90.199,-9131.3,8.4323,0.322
4618000,24,114.067,-9107.91,12.879,0.312875
4620000,26,131.893,-9106.59,14.3372,0.344
4622000,27,128.56,-9107.53,10.6206,0.3535
4624000,25,116.109,-9099.12,13.5221,0.363
4626000,19,86.643,-9136.82,13.8537,0.314615
4628000,23,112.735,-9131.63,14.2738,0.332
4630000,20,106.09,-9140.77,8.5823,0.345692
4632000,18,89.0667,-9115.1,7.00491,0.294
4634000,19,90.2746,-9108.84,10.3473,0.318
4636000,20,92.7577,-9113.56,10.193,0.321
4638000,18,93.472,-9118.8,7.33961,0.329
4640000,21,100.052,-9127.54,11.7481,0.331
4642000,20,97.9246,-9130.17,6.86151,0.331
4644000,18,78.9379,-9129.57,13.13,0.322
4646000,22,103.135,-9127.63,11.09,0.335
4648000,17,88.447,-9137.85,10.1825,0.289
4650000,16,89.5789,-9155.37,6.6927,0.325
4652000,15,75.6611,-9146.63,7.46674,0.293
4654000,18,97.7044,-9142.57,9.71919,0.2945
4656000,21,104.958,-9146.66,12.1876,0.359
4658000,17,79.2359,-9145.39,11.1274,0.336
4660000,20,89.2639,-9140.3,16.5075,0.318688
4662000,20,90.0335,-9139.94,10.9024,0.331
4664000,26,117.868,-9096.59,14.5383,0.334727
4666000,26,117.962,-9108.64,13.8647,0.368
4668000,26,119.6,-9125.27,13.8782,0.3485
4670000,19,85.7667,-9140.63,13.8395,0.326375
4672000,26,125.82,-9119.68,13.1975,0.358
4674000,22,107.99,-9139.06,10.1606,0.337286
4676000,21,104.193,-9139.18,7.0731,0.3325
4678000,19,86.3308,-9137.84,7.36651,0.329
4680000,18,80.9833,-9147.09,7.72261,0.297
4682000,19,89.3855,-9139.57,6.97329,0.334
4684000,17,73.8337,-9145.02,7.52973,0.33
4686000,26,119.661,-9137.19,19.4669,0.357
4688000,22,96.8891,-9138.36,10.7828,0.358
4690000,20,98.2419,-9145.31,9.9173,0.341
4692000,18,82.9392,-9143.41,13.4804,0.321
4694000,18,93.3485,-9123.17,8.15042,0.326381
4696000,18,87.2297,-9129.59,8.51114,0.316
4698000,18,86.6461,-9130.14,13.206,0.351
4700000,23,101.21,-9120.19,10.6686,0.3355
4702000,21,98.2323,-9138.31,16.4396,0.319
4704000,21,100.632,-9130.66,14.0564,0.347
4706000,19,91.6407,-9123.44,9.67943,0.3383
4708000,23,108.051,-9113.31,12.9241,0.313
4710000,26,128.487,-9118.37,11.9174,0.329
4712000,20,106.486,-9128.2,9.81777,0.350333
4714000,26,129.978,-9116.44,16.1289,0.349625
4716000,27,129.639,-9115.01,19.4022,0.352
4718000,19,94.0584,-9134.83,9.70048,0.3455
4720000,27,136.629,-9112.91,13.0045,0.336
4722000,25,126.589,-9108.98,9.73862,0.32
4724000,22,112.83,-9140.12,11.1636,0.319875
4726000,26,122.105,-9123.11,13.9071,0.345
4728000,17,85.6079,-9123.94,8.7776,0.3024
4730000,23,99.3776,-9099.83,16.6592,0.317125
4732000,25,131.429,-9106.47,8.24762,0.3486
4734000,22,107.908,-9121.66,6.6368,0.323
4736000,22,109.981,-9113.54,7.69002,0.340333
4738000,22,104.696,-9124.81,14.8796,0.334
4740000,21,104.398,-9123.55,10.0887,0.333
4742000,21,103.194,-9136.05,9.35287,0.327
4744000,26,127.403,-9109.96,13.5493,0.350385
4746000,24,116.907,-9102.78,11.2023,0.332
4748000,23,118.035,-9092.49,10.9347,0.337
4750000,28,141.828,-9097.61,8.78988,0.34
4752000,27,138.322,-9105.22,10.3101,0.348
4754000,21,101.334,-9117.88,12.394,0.289
4756000,19,84.38,-9121.43,12.4733,0.339
4758000,19,96.2953,-9123.38,9.86904,0.3105
4760000,25,118.142,-9114.26,12.0381,0.325
4762000,24,121.614,-9111.3,10.6364,0.34
4764000,21,93.5032,-9106.21,11.6935,0.3332
4766000,22,105.456,-9119.12,12.2883,0.311875
4768000,21,95.1933,-9119.31,9.97879,0.329
4770000,22,104.017,-9108.05,12.0968,0.3365
4772000,23,108.258,-9101.55,11.4861,0.338333
4774000,23,101.476,-9119.77,19.4654,0.340556
4776000,23,98.6138,-9110.7,13.4576,0.346
4778000,20,93.6689,-9110.35,17.9072,0.33275
4780000,24,102.761,-9111.61,11.9476,0.338
4782000,20,100.653,-9118.29,10.5518,0.3394
4784000,20,93.6266,-9111.99,9.28279,0.306
4786000,24,111.286,-9109.59,13.9648,0.339
4788000,24,114.469,-9113.25,13.9629,0.344
4790000,21,109.121,-9105.51,9.10128,0.313
4792000,24,119.184,-9121.39,11.5096,0.361
4794000,23,120.569,-9114.46,12.6999,0.342
4796000,29,152.221,-9123.79,13.548,0.367
4798000,21,105.148,-9127.22,10.5366,0.31375
4800000,24,117.309,-9127.17,15.2108,0.324
4802000,25,130.419,-9125.97,12.6395,0.315
4804000,21,108.508,-9113.65,11.1316,0.3505
4806000,25,109.352,-9110,14.8799,0.32
4808000,23,100.681,-9127.89,16.9561,0.354
4810000,26,131.964,-9114.53,13.1216,0.325385
4812000,21,89.7281,-9131.44,12.2645,0.320333
4814000,25,124.923,-9109.82,14.4716,0.349333
4816000,27,132.703,-9106.79,17.9305,0.347
4818000,25,119.909,-9096.53,18.0927,0.328
4820000,20,102.252,-9124.15,11.6483,0.323875
4822000,21,93.6499,-9113.43,10.7044,0.331375
4824000,21,99.8642,-9114.05,10.0026,0.306
4826000,19,88.6616,-9112.65,12.4216,0.319
4828000,26,116.043,-9113.17,11.5431,0.3364
4830000,30,138.293,-9107.03,17.739,0.354
4832000,34,155.438,-9105.93,18.1707,0.397
4834000,29,137.897,-9107.4,17.3021,0.35
4836000,20,94.2085,-9114.35,11.2602,0.319
4838000,22,109.353,-9099.56,10.783,0.352
4840000,26,121.966,-9106.64,18.2911,0.362286
4842000,24,116.794,-9102.98,10,0.358
4844000,24,117.23,-9113.75,9.12189,0.361
4846000,26,132.081,-9101.21,14.2648,0.337429
4848000,24,111.27,-9116.53,11.501,0.334
4850000,25,117.862,-9120.45,11.9604,0.345
4852000,25,123.947,-9110.45,15.5024,0.3575
4854000,21,106.905,-9131.55,7.97579,0.318
4856000,24,116.755,-9102.57,14.832,0.306
4858000,20,92.0451,-9119.84,10.0428,0.331
4860000,21,101.096,-9110.15,8.59284,0.314
4862000,24,107.953,-9127.97,11.1017,0.359
4864000,21,98.3569,-9127.94,11.8404,0.299
4866000,20,89.9795,-9120.41,7.97055,0.314
4868000,20,82.7522,-9128.11,11.0522,0.3298
4870000,23,113.958,-9101.24,13.8589,0.296
4872000,24,111.169,-9132.06,10.9155,0.3222
4874000,31,132.898,-9108.25,13.4488,0.405
4876000,30,136.688,-9115.19,17.9634,0.358
4878000,27,130.227,-9101.72,12.8644,0.33
4880000,30,139.642,-9099.31,16.1176,0.368
4882000,17,81.1765,-9123.39,8.76571,0.336929
4884000,22,98.6665,-9118.59,9.7157,0.322333
4886000,19,87.6574,-9126.22,9.3744,0.272
4888000,28,136.982,-9118.91,14.4019,0.370714
4890000,20,93.2406,-9113.99,9.77926,0.334
4892000,20,101.842,-9127.46,12.7941,0.326333
4894000,23,112.556,-9099.32,10.6633,0.32
4896000,24,121.279,-9103.85,13.6137,0.347
4898000,19,87.5943,-9117.08,9.45748,0.2995
4900000,23,108.531,-9111.21,12.4321,0.304
4902000,23,106.848,-9112.34,10.5908,0.339
4904000,22,100.088,-9116.69,12.3742,0.322923
4906000,21,104.493,-9103.3,6.62855,0.337
4908000,22,109.106,-9117.7,12.3447,0.338
4910000,21,98.6412,-9112.23,11.9154,0.3095
4912000,21,95.6889,-9121.23,10.1705,0.313786
4914000,19,90.4746,-9114.71,11.8235,0.299667
4916000,20,93.6135,-9120.69,9.14876,0.305
4918000,20,99.5395,-9125.92,8.38762,0.308
4920000,22,103.503,-9126.68,11.671,0.3285
4922000,22,109.724,-9125.38,10.3657,0.334
4924000,23,106.645,-9117.21,14.0922,0.34
4926000,22,110.763,-9126.65,10.204,0.34
4928000,22,102.043,-9116.6,12.4186,0.319
4930000,20,97.3902,-9122.05,10.9841,0.3265
4932000,20,104.125,-9113.28,7.10322,0.316
4934000,20,103.079,-9130.25,10.6068,0.342
4936000,21,104.78,-9121.18,8.53481,0.361
4938000,18,89.9932,-9127.55,7.36246,0.311
4940000,21,101.228,-9126.88,11.4945,0.313
4942000,21,98.4462,-9118.38,10.2154,0.305083
4944000,19,96.5829,-9122.24,9.84123,0.314
4946000,20,94.5277,-9114.8,10.7277,0.319
4948000,21,108.475,-9128.32,7.18531,0.321143
4950000,20,104.408,-9122.06,8.57171,0.328
4952000,22,99.1728,-9131.18,9.30957,0.319
4954000,23,101.631,-9129.54,17.2375,0.318812
4956000,20,82.0034,-9131.87,12.7744,0.35075
4958000,19,91.9789,-9126.17,11.7585,0.337
4960000,22,108.967,-9113.24,10.62,0.352333
4962000,18,83.4412,-9128.55,9.57409,0.313
4964000,23,113.892,-9115.61,8.37204,0.342
4966000,20,92.342,-9122.65,10.8157,0.309667
4968000,21,99.7784,-9131.35,9.63613,0.302
4970000,23,105.997,-9124.38,10.858,0.342
4972000,21,90.8056,-9126,15.6856,0.303
4974000,16,75.0487,-9133.62,7.91992,0.324
4976000,24,118.852,-9120.52,14.1714,0.359
4978000,25,124.041,-9124.7,12.0571,0.389
4980000,26,135.281,-9122.14,10.878,0.39
4982000,24,125.543,-9130.23,9.78851,0.379
4984000,25,124.247,-9105.44,13.8567,0.355
4986000,22,117.64,-9117.04,11.6922,0.344
4988000,22,113.562,-9110.66,11.2807,0.326
4990000,22,95.7331,-9144.96,16.9388,0.365
4992000,19,92.6989,-9139.94,12.1612,0.349
4994000,21,100.581,-9106.77,17.5053,0.33
4996000,22,106.225,-9105.06,11.386,0.339
4998000,18,96.6159,-9137.37,8.61777,0.313
5000000,25,128.348,-9112.82,7.72123,0.329
5002000,23,115.304,-9117.39,11.8041,0.319
5004000,19,94.9894,-9129.87,10.165,0.3385
5006000,20,95.6452,-9128.79,12.5243,0.314
5008000,21,103.962,-9129.87,11.7922,0.337083
5010000,22,111.582,-9121,9.17057,0.337
5012000,27,135.62,-9128.72,16.7444,0.358
5014000,23,121.032,-9122.2,11.3879,0.347
5016000,22,119.356,-9114.32,8.4982,0.342
5018000,24,106.05,-9112.97,14.0764,0.344
5020000,23,119.34,-9115.45,9.3947,0.366
5022000,21,105.09,-9107.91,8.49112,0.312
5024000,17,88.3269,-9151.22,9.64491,0.329
5026000,22,108.184,-9113.79,11.533,0.309
5028000,22,107.502,-9125.19,14.9029,0.3045
5030000,18,92.4084,-9117.39,8.61232,0.299
5032000,22,104.213,-9114.67,11.6187,0.323
5034000,23,113.796,-9109.03,13.2948,0.335
5036000,25,128.448,-9106.06,11.6741,0.336
5038000,24,123.1,-9108.33,12.675,0.317
5040000,17,87.9642,-9132.1,9.80488,0.295
5042000,18,84.4231,-9132.43,11.1684,0.323
5044000,22,107.871,-9121.43,16.3779,0.346
5046000,18,92.0779,-9136.03,8.92023,0.325
5048000,22,105.789,-9121.04,14.0582,0.33
5050000,23,110.94,-9121.55,12.9446,0.329917
5052000,23,120.454,-9118.1,11.7411,0.331714
5054000,21,108.045,-9123.91,10.9185,0.307
5056000,24,109.446,-9110.85,11.813,0.325
5058000,19,88.8389,-9130.35,10.0391,0.319
5060000,20,96.6722,-9129.96,8.44358,0.344
5062000,26,120.546,-9117.18,9.0582,0.354
5064000,21,94.476,-9122.8,15.5073,0.347
5066000,19,92.5775,-9129.26,8.06628,0.286
5068000,30,143.889,-9114.12,15.428,0.365
5070000,25,118.27,-9115.2,11.3911,0.342
5072000,25,129.076,-9115.55,10.9829,0.378
5074000,23,109.138,-9119.02,16.5345,0.304
5076000,21,104.223,-9131.29,7.75092,0.332
5078000,22,105.563,-9145.52,10.9584,0.3355
5080000,26,125.813,-9124.8,16.4433,0.366
5082000,27,130.219,-9124.46,15.6175,0.37
5084000,18,79.4353,-9134.96,11.3923,0.325029
5086000,25,118.008,-9122.85,15.7516,0.344333
5088000,26,132.174,-9136.21,16.7173,0.402
5090000,23,112.849,-9127.3,9.67105,0.349
5092000,27,131.214,-9120.52,7.79848,0.369
5094000,31,152.679,-9120.05,11.7126,0.387
5096000,30,155.661,-9125.1,12.093,0.383
5098000,25,120.546,-9114.17,11.9229,0.377
5100000,22,116.199,-9122.89,8.95648,0.371
5102000,21,103.862,-9123.5,10.2072,0.328133
5104000,20,95.3454,-9119.65,12.9047,0.339789
5106000,19,98.8753,-9125.45,11.1275,0.338
5108000,19,101.527,-9138.97,8.48479,0.321333
5110000,18,87.1012,-9132.6,7.45751,0.339
5112000,17,81.4633,-9131.23,5.87063,0.34
5114000,22,107.842,-9123.22,13.4621,0.332667
5116000,24,124.001,-9115.06,9.26286,0.38
5118000,21,107.9,-9125.85,8.41946,0.366
5120000,20,94.6542,-9129.72,10.0515,0.338
5122000,19,91.7155,-9116.26,8.24182,0.3148
5124000,21,97.6947,-9119.03,14.6554,0.317
5126000,18,90.5694,-9122.3,6.77841,0.322
5128000,21,100.196,-9126.44,12.6121,0.325
5130000,27,124.021,-9124.25,15.4369,0.321
5132000,25,120.03,-9129.58,8.57721,0.329842
5134000,20,87.702,-9118.57,7.77233,0.365667
5136000,25,103.087,-9117.39,15.9028,0.353
5138000,26,107.261,-9111.86,13.7008,0.356
5140000,29,121.46,-9122.42,20.7388,0.341
5142000,25,110.491,-9113.69,11.9968,0.345
5144000,24,118.032,-9118.57,9.68519,0.348
5146000,25,117.548,-9120.44,13.1643,0.337
5148000,24,118.996,-9124.99,11.7195,0.354
5150000,25,121.837,-9122.42,13.6745,0.3635
5152000,25,121.385,-9120.01,10.5477,0.349
5154000,22,108.391,-9117.91,11.6718,0.34
5156000,21,104.188,-9126.46,9.5361,0.348
5158000,20,80.688,-9136.38,14.5487,0.318222
5160000,26,116.85,-9126.26,13.2274,0.344
5162000,23,98.558,-9136.86,14.4603,0.32575
5164000,19,88.7353,-9115.44,9.81862,0.305
5166000,23,95.8738,-9109.08,17.9456,0.319
5168000,19,75.5483,-9111.93,9.20339,0.301667
5170000,22,89.224,-9115.57,12.5074,0.313
5172000,22,101.224,-9108.86,12.5219,0.3265
5174000,21,85.2099,-9115.95,12.3032,0.3
5176000,21,94.756,-9123.96,10.8835,0.3312
5178000,22,98.8922,-9122.5,9.32171,0.327
5180000,27,132.408,-9110.47,12.1024,0.3458
5182000,24,106.402,-9133.29,12.3128,0.331533
5184000,21,85.9318,-9118.98,10.2519,0.306
5186000,26,117.863,-9113.82,15.2349,0.3394
5188000,22,107.378,-9114.65,9.25326,0.3207
5190000,27,135.147,-9112.57,13.6169,0.351
5192000,23,108.337,-9115.86,11.3796,0.344
5194000,24,112.187,-9107.11,14.4358,0.362
5196000,20,93.2363,-9115.05,9.03999,0.317
5198000,19,79.2254,-9119.41,10.5248,0.317579
5200000,21,93.3501,-9119.52,12.2961,0.333857
5202000,24,112.097,-9113.34,10.7705,0.350909
5204000,26,123.494,-9111.28,10.885,0.355
5206000,25,128.398,-9100,7.97825,0.307
5208000,27,138.791,-9110.12,14.1355,0.36
5210000,29,137.178,-9102.77,17.5012,0.359
5212000,22,103.34,-9115.94,13.5062,0.347636
5214000,30,142.217,-9110.89,16.7062,0.342118
5216000,25,121.955,-9094.24,12.8083,0.3466
5218000,33,154.796,-9093.99,16.2359,0.352
5220000,31,144.428,-9099.43,19.6202,0.385
5222000,29,140.738,-9111.72,16.0622,0.342
5224000,21,92.8082,-9112.72,11.1447,0.346333
5226000,22,104.783,-9121.73,10.318,0.332
5228000,26,128.275,-9104.21,12.9879,0.34
5230000,25,120.445,-9102.63,12.6306,0.306
5232000,26,119.827,-9107.73,17.5002,0.366
5234000,31,158.896,-9098.49,14.7356,0.356
5236000,33,166.94,-9116.89,14.6312,0.387
5238000,27,142.117,-9116.15,8.86495,0.338
5240000,27,130.879,-9114.17,15.123,0.355
5242000,24,113.713,-9105.58,11.8569,0.329
5244000,29,143.519,-9116.47,11.3911,0.358
5246000,25,110.249,-9120.09,16.5423,0.3599
5248000,26,128.903,-9127.83,14.0557,0.379
5250000,29,141.124,-9119.94,16.557,0.372
5252000,22,107.628,-9115.42,10.1066,0.352237
5254000,21,98.6773,-9120.55,12.6217,0.340333
5256000,25,129.976,-9115.05,9.62917,0.369182
5258000,21,101.664,-9111.6,13.453,0.318
5260000,22,108.05,-9116.54,8.82692,0.347
5262000,20,92.7218,-9118.48,11.3188,0.298
5264000,24,117.322,-9112.77,10.2165,0.346
5266000,23,112.263,-9112.36,10.5232,0.328
5268000,24,115.917,-9116.68,11.8002,0.355
5270000,25,117.019,-9119.07,12.3728,0.305
5272000,19,93.4075,-9130.51,9.7763,0.315
5274000,23,116.491,-9116.63,9.74281,0.341
5276000,25,120.137,-9119.15,12.6926,0.295
5278000,23,127.125,-9123.58,7.22143,0.334
5280000,20,96.118,-9114.5,11.6236,0.311
5282000,24,121.567,-9107.49,12.3305,0.345
5284000,23,118.05,-9110.14,9.05771,0.351
5286000,26,124.242,-9107.37,18.8217,0.366
5288000,19,92.5821,-9121.12,14.0052,0.338
5290000,25,125.786,-9117.28,10.8473,0.3515
5292000,26,126.594,-9117.96,13.4553,0.342
5294000,26,121.674,-9115.38,15.8793,0.33
5296000,29,149.426,-9116.9,12.4501,0.368
5298000,23,111.187,-9111.22,12.824,0.354
5300000,25,107.611,-9107.06,17.2513,0.324
5302000,23,107.709,-9113.65,11.41,0.318
5304000,24,115.117,-9115.08,15.6955,0.32525
5306000,26,119.342,-9123.87,19.4883,0.325588
5308000,27,126.534,-9109.04,13.0509,0.349
5310000,24,120.709,-9118.04,8.84876,0.334286
5312000,26,137.638,-9110.02,11.0669,0.37
5314000,27,146.263,-9109.77,9.57939,0.371
5316000,22,102.813,-9112.37,14.9274,0.3301
5318000,31,156.047,-9106.21,15.9608,0.372
5320000,32,172.883,-9114.62,14.1695,0.3638
5322000,30,146.232,-9123.61,16.9578,0.370333
5324000,24,111.691,-9114.24,12.088,0.359348
5326000,25,117.176,-9118.48,14.1524,0.322
5328000,30,142.383,-9104.03,14.7433,0.357571
5330000,28,134.22,-9098.81,21.0095,0.345
5332000,29,130.847,-9094.05,16.7107,0.349
5334000,31,152.016,-9097.08,12.6557,0.341
5336000,30,138.556,-9096.94,16.6134,0.341
5338000,29,130.559,-9100.82,15.7274,0.359
5340000,29,146.967,-9097.53,13.9473,0.339
5342000,33,161.294,-9095.86,19.6051,0.348
5344000,26,131.512,-9102.82,12.5167,0.327
5346000,22,102.652,-9123.74,11.8595,0.324233
5348000,26,132.642,-9103.37,16.0042,0.31
5350000,27,131.208,-9102.44,16.116,0.371
5352000,19,91.4765,-9122.18,6.14177,0.342393
5354000,26,124.787,-9133.51,14.8858,0.346889
5356000,23,116.642,-9127.15,13.4036,0.35
5358000,24,120.214,-9130.17,14.6338,0.339
5360000,18,90.4423,-9124.06,8.39245,0.323
5362000,23,109.546,-9099.28,12.6361,0.33975
5364000,23,108.645,-9101.01,10.3643,0.308
5366000,20,94.1605,-9104.7,13.4516,0.305
5368000,22,120.654,-9122.33,8.08973,0.339143
5370000,24,118.926,-9121.04,11.1774,0.334
5372000,21,109.676,-9123.24,7.27947,0.337263
5374000,22,108.484,-9130.03,9.20062,0.3375
5376000,24,116.149,-9114.69,13.078,0.3238
5378000,24,119.807,-9115.2,10.6497,0.33
5380000,23,106.545,-9115.09,10.7714,0.33
5382000,23,116.612,-9123.81,12.2988,0.324
5384000,26,130.878,-9109.94,6.90269,0.372
5386000,28,127.206,-9105.34,12.5254,0.369
5388000,27,129.654,-9104,13.0565,0.328
5390000,31,143.577,-9102.4,18.9164,0.372
5392000,24,115.953,-9127.7,13.9606,0.32
5394000,28,128.459,-9101.7,16.9647,0.318
5396000,28,132.036,-9099.9,17.2073,0.341
5398000,26,115.57,-9099.52,15.4114,0.301
5400000,30,140.456,-9115.61,17.8668,0.344
5402000,26,126.42,-9088.57,12.3607,0.315
5404000,28,127.525,-9094.33,11.2173,0.362
5406000,27,119.61,-9096.48,12.9814,0.321
5408000,22,98.4961,-9110.13,10.4195,0.311
5410000,26,124.323,-9107.33,15.5442,0.3252
5412000,29,145.299,-9100.46,15.5665,0.338
5414000,31,159.145,-9113.49,19.5685,0.366
5416000,29,152.233,-9104.05,11.1147,0.363
5418000,26,129.169,-9105.22,15.9978,0.335
5420000,27,124.03,-9103.7,19.5269,0.342909
5422000,27,121.623,-9102.35,12.3361,0.34
5424000,28,126.826,-9096.37,21.1037,0.3326
5426000,32,151.851,-9087.58,16.3334,0.349
5428000,29,148.381,-9089.99,10.3682,0.333
5430000,23,102.64,-9107.83,12.599,0.331
5432000,26,122.121,-9111.78,17.2102,0.327
5434000,26,122.087,-9104.6,16.3474,0.335
5436000,23,106.776,-9119.54,12.6726,0.322
5438000,22,108.994,-9116.44,10.154,0.331
5440000,32,151.725,-9099.34,20.9578,0.312
5442000,31,146.545,-9099.28,16.5588,0.338
5444000,29,127.312,-9086.89,15.6111,0.349
5446000,30,141.534,-9110.28,17.4387,0.334167
5448000,28,136.69,-9100.24,12.7807,0.347
5450000,30,150.454,-9093.66,12.1526,0.34825
5452000,29,139.459,-9080.85,15.2681,0.329
5454000,29,141.988,-9091.64,12.4826,0.331
5456000,26,131.582,-9094.93,14.3135,0.339
5458000,25,121.862,-9091.42,13.0857,0.327
5460000,26,131.972,-9102.34,12.0513,0.322
5462000,27,137.137,-9107.72,14.3489,0.334
5464000,26,129.908,-9112.72,16.7974,0.352
5466000,23,118.451,-9132.38,10.8127,0.333139
5468000,24,115.248,-9100.78,10.5467,0.311
5470000,23,109.333,-9105.26,10.2828,0.317
5472000,21,92.241,-9110.49,12.5749,0.313
5474000,19,84.0216,-9123.47,13.4843,0.311
5476000,21,101.739,-9125.25,11.2955,0.357
5478000,20,95.1052,-9122.71,12.2691,0.3455
5480000,21,99.0778,-9125.41,8.60952,0.31375
5482000,19,79.1458,-9113.68,13.4691,0.325
5484000,21,95.8183,-9130.52,12.5064,0.319
5486000,19,95.714,-9125.45,7.05347,0.339146
5488000,22,100.026,-9115.63,13.1882,0.348333
5490000,20,93.3274,-9121.35,14.0378,0.34
5492000,18,87.01,-9129.83,9.49055,0.32
5494000,18,84.6084,-9128.87,12.5913,0.2965
5496000,24,111.58,-9114.71,9.42768,0.326
5498000,23,103.673,-9114.21,10.0606,0.333
5500000,24,110.753,-9121.79,17.7661,0.334333
5502000,21,101.819,-9126.94,9.39884,0.329
5504000,25,126.474,-9116.75,9.94781,0.338
5506000,19,97.663,-9132.29,10.8926,0.32275
5508000,20,93.6147,-9134.33,11.8987,0.34
5510000,29,150.737,-9114.51,13.7958,0.375
5512000,21,98.3935,-9127.46,12.57,0.309476
5514000,20,103.179,-9133.25,9.16368,0.323833
5516000,22,110.561,-9120.66,12.3975,0.324
5518000,25,123.404,-9121.26,13.3254,0.307
5520000,25,130.409,-9112.11,13.5459,0.329
5522000,20,92.9337,-9136.57,12.2917,0.328
5524000,22,106.372,-9117.25,10.4037,0.33675
5526000,20,89.4491,-9125.09,9.95194,0.344
5528000,19,90.3626,-9112.7,10.7264,0.314
5530000,20,94.6783,-9119.97,8.56353,0.305
5532000,20,96.1595,-9115.55,9.6727,0.353
5534000,23,111.597,-9125.41,13.1241,0.318937
5536000,18,100.35,-9139.84,6.92697,0.323714
5538000,20,99.4275,-9129.18,8.92664,0.332
5540000,20,102.932,-9148.1,10.1689,0.352
5542000,19,90.4385,-9144.55,13.1502,0.306
5544000,19,92.6313,-9126.45,9.33538,0.334167
5546000,24,115.538,-9121.48,13.41,0.325
5548000,27,132.047,-9115.48,9.61771,0.336
5550000,23,116.828,-9126.8,10.6019,0.324571
5552000,24,113.619,-9127.74,15.2525,0.338
5554000,25,122.06,-9114.66,11.4053,0.321
5556000,22,109.373,-9113.75,11.5693,0.34175
5558000,27,134.38,-9117.96,8.96029,0.334667
5560000,27,109.973,-9110.41,16.0695,0.3525
5562000,26,114.453,-9104.19,12.7012,0.358
5564000,26,117.424,-9116.04,14.9606,0.338
5566000,24,104.225,-9112.81,7.41588,0.32
5568000,22,93.7801,-9113.7,9.73871,0.327
5570000,21,95.7524,-9110.12,9.20399,0.301
5572000,19,94.9896,-9117.4,7.94538,0.318125
5574000,20,97.1203,-9117.49,8.12101,0.313
5576000,20,96.1285,-9110.79,8.90166,0.326929
5578000,22,99.7736,-9106.19,9.88823,0.337
5580000,21,95.278,-9109.15,12.4484,0.319
5582000,21,102.863,-9108.61,11.6975,0.3265
5584000,22,103.908,-9117.16,14.3269,0.346
5586000,23,112.326,-9113.24,10.7849,0.324429
5588000,22,108.074,-9114.63,9.31769,0.337
5590000,19,88.8829,-9130.62,11.1052,0.316111
5592000,21,97.6175,-9132.39,10.9063,0.342
5594000,26,131.948,-9111.71,9.86642,0.3368
5596000,23,113.79,-9111.08,12.429,0.355
5598000,22,103.479,-9108.24,12.3398,0.338
5600000,24,118.951,-9128.48,10.2921,0.3654
5602000,23,113.375,-9121.57,14.1971,0.32578
5604000,22,94.5729,-9116.55,11.0128,0.335684
5606000,21,93.5073,-9123.04,11.9799,0.33
5608000,21,101.908,-9130.37,12.9237,0.361
5610000,21,100.678,-9136.57,7.31906,0.341
5612000,23,98.1718,-9124.53,10.713,0.349
5614000,20,98.6842,-9113.61,6.50114,0.326143
5616000,24,95.5565,-9123.08,14.5575,0.339
5618000,20,92.1255,-9115.91,13.8514,0.344667
5620000,19,85.2339,-9109.75,11.128,0.317
5622000,21,91.6352,-9124.58,17.6825,0.334
5624000,21,88.0352,-9135.63,13.8118,0.318714
5626000,20,91.7927,-9113.03,6.78516,0.315333
5628000,21,94.0638,-9122.94,10.4532,0.326182
5630000,21,82.8889,-9109.51,9.00223,0.332
5632000,18,91.8014,-9138.07,9.35319,0.33
5634000,20,100.543,-9121.63,8.39954,0.321
5636000,21,103.042,-9113.74,8.80445,0.288
5638000,21,102.74,-9120.17,12.4463,0.329
5640000,17,76.2892,-9128.17,9.47453,0.3055
5642000,17,80.4113,-9132.85,9.63445,0.284
5644000,21,95.2548,-9128.07,14.0144,0.322
5646000,21,98.356,-9121.65,12.064,0.320357
5648000,22,101.386,-9135.05,12.1173,0.355
5650000,20,100.29,-9127.91,10.2352,0.309
5652000,20,96.9854,-9132.24,9.36284,0.331
5654000,15,68.7787,-9129.78,6.33603,0.328
5656000,23,106.523,-9136.33,11.9221,0.363
5658000,20,92.8933,-9127.85,9.32047,0.327071
5660000,17,78.2241,-9128.54,9.22797,0.2905
5662000,16,73.983,-9133.9,8.55852,0.316
5664000,16,70.8473,-9130.72,8.52805,0.3066
5666000,17,79.4519,-9128.96,7.95944,0.296
5668000,20,97.4773,-9123.21,11.0227,0.364
5670000,20,100.119,-9140.26,11.4747,0.331
5672000,19,89.1058,-9120.4,7.266,0.294
5674000,17,87.3155,-9123.52,8.49183,0.299
5676000,19,81.42,-9120.2,5.48153,0.333
5678000,19,83.239,-9127.88,15.0562,0.311
5680000,21,106.387,-9122.57,10.1273,0.301
5682000,20,96.2912,-9107.09,11.3814,0.327
5684000,20,101.814,-9126.64,8.72164,0.319
5686000,19,90.4637,-9121.09,12.5266,0.315913
5688000,20,100.643,-9120.87,8.24281,0.318
5690000,16,80.2972,-9129.24,10.0757,0.292
5692000,21,100.968,-9133.61,11.5638,0.329
5694000,20,103.5,-9126.87,8.66914,0.313
5696000,25,116.71,-9135.22,18.359,0.361
5698000,20,103.116,-9132.82,10.9123,0.337
5700000,21,100.776,-9133.41,12.9789,0.306667
5702000,17,84.5658,-9124.19,8.47234,0.315
5704000,17,89.2334,-9134.31,5.71717,0.325
5706000,20,89.3773,-9143.66,15.4557,0.315
5708000,18,89.667,-9120.82,8.78016,0.344714
5710000,16,70.3362,-9129.65,10.0325,0.326
5712000,19,91.4863,-9133.32,12.9039,0.306
5714000,17,73.4823,-9138.13,10.6287,0.30375
5716000,18,92.7245,-9125.13,7.47932,0.333
5718000,19,97.4404,-9126.04,9.22173,0.324
5720000,21,101.251,-9120.66,10.0698,0.294
5722000,19,89.1213,-9129.45,8.06502,0.32225
5724000,21,100.011,-9130.73,11.3403,0.324
5726000,23,115.212,-9139.91,11.6209,0.344
5728000,21,103.997,-9116.26,13.3192,0.312
5730000,22,99.2867,-9116.03,13.1447,0.343167
5732000,19,95.8399,-9116.89,9.98058,0.328
5734000,19,72.2277,-9120.21,15.4364,0.304
5736000,21,107.153,-9125.43,10.9919,0.33175
5738000,19,98.083,-9114.96,9.15576,0.321
5740000,18,92.0564,-9121.81,9.40154,0.313
5742000,19,90.8215,-9116.36,11.3875,0.336286
5744000,17,74.2407,-9135.78,10.1164,0.32087
5746000,20,99.7524,-9118.03,11.0116,0.3355
5748000,16,73.4967,-9145.51,9.39012,0.308
5750000,19,83.1787,-9136.89,7.28689,0.29
5752000,18,87.0583,-9141.69,4.31475,0.299
5754000,21,90.2752,-9113.74,10.5112,0.320857
5756000,21,106.305,-9119.03,9.51697,0.35
5758000,18,82.3614,-9135.05,10.2778,0.322
5760000,19,98.6859,-9124.58,12.3066,0.32075
5762000,19,94.2565,-9119.62,10.8604,0.306
5764000,19,84.7141,-9112.34,9.2314,0.315
5766000,21,92.5336,-9108.94,8.03578,0.329
5768000,19,96.4431,-9126.58,8.5614,0.305556
5770000,19,92.6279,-9116.01,9.8154,0.298
5772000,21,103.334,-9121.6,8.81356,0.332
5774000,22,101.722,-9116.95,12.209,0.3475
5776000,19,94.8835,-9133.46,8.46784,0.327
5778000,23,103.538,-9114,11.6011,0.337
5780000,18,91.1569,-9134.34,9.05165,0.297
5782000,19,96.3703,-9128.57,13.3729,0.354
5784000,21,84.1288,-9120.93,11.622,0.315
5786000,22,100.605,-9118.42,8.03452,0.333
5788000,20,93.9546,-9134.1,10.8945,0.316909
5790000,18,75.0522,-9124.49,10.1502,0.34075
5792000,21,91.3098,-9121.29,7.74025,0.3032
5794000,18,74.7151,-9117.09,10.288,0.32475
5796000,19,91.9057,-9141.06,9.4388,0.319
5798000,17,76.5106,-9136.6,11.2886,0.334
5800000,19,91.7283,-9129.88,11.693,0.327429
5802000,20,93.0264,-9119.49,11.6971,0.299
5804000,23,95.7454,-9120.55,11.6479,0.317231
5806000,22,102.028,-9118.6,11.8173,0.339
5808000,21,98.4532,-9121.13,11.1862,0.337
5810000,22,105.653,-9125,10.6101,0.33675
5812000,18,93.8918,-9131.24,6.05304,0.326
5814000,19,92.2252,-9123.43,10.4544,0.311
5816000,24,111.117,-9123.16,10.6491,0.331
5818000,27,123.837,-9122.3,13.6559,0.339
5820000,24,113.335,-9113.39,12.6819,0.315
5822000,20,91.9856,-9123.39,11.2842,0.324375
5824000,26,126.281,-9111.45,14.8785,0.323
5826000,27,134.12,-9120.71,14.0581,0.3416
5828000,24,108.706,-9115.36,15.9214,0.32275
5830000,22,112.617,-9119.67,11.062,0.345
5832000,24,118.129,-9115.08,13.0876,0.31725
5834000,27,118.979,-9111.96,13.4688,0.344
5836000,20,94.0997,-9128.25,11.8051,0.346
5838000,23,101.709,-9119.52,10.2105,0.342
5840000,20,96.222,-9116.46,9.52085,0.316
5842000,24,114.347,-9101.1,10.3434,0.333
5844000,23,121.603,-9126.86,10.4715,0.328333
5846000,26,124.344,-9105.43,16.159,0.3465
5848000,25,108.01,-9108.02,17.1478,0.315
5850000,27,136.78,-9118.58,10.3035,0.352
5852000,20,89.0706,-9133.4,12.9673,0.323333
5854000,25,122.613,-9113.13,13.0521,0.320556
5856000,23,112.046,-9110,8.2078,0.346
5858000,23,114.292,-9103.39,12.2998,0.296
5860000,23,109.751,-9109.81,15.0987,0.325
5862000,21,106.628,-9103.87,9.87829,0.305
5864000,22,111.716,-9105.3,8.99753,0.317
5866000,24,114.296,-9116.11,14.8162,0.36
5868000,25,129.324,-9116.13,12.3903,0.35
5870000,21,111.558,-9125.38,9.33944,0.342
5872000,22,115.172,-9109.38,8.68624,0.341
5874000,23,110.181,-9127.16,10.1144,0.3421
5876000,20,102.302,-9118.02,6.88432,0.345
5878000,20,86.1312,-9120.05,11.6594,0.315
5880000,23,115.027,-9124.7,10.3312,0.334705
5882000,24,109.584,-9125.3,13.6296,0.348
5884000,29,134.56,-9137.16,12.3833,0.352
5886000,21,94.2216,-9109.21,12.9663,0.324833
5888000,26,120.088,-9114.91,20.9413,0.329333
5890000,20,102.527,-9146.48,9.13273,0.338875
5892000,21,103.479,-9107.5,7.11741,0.3134
5894000,23,113.235,-9116.17,12.9194,0.323
5896000,21,102.841,-9099.14,10.9043,0.335882
5898000,21,100.755,-9113.62,11.5451,0.322
5900000,23,106.446,-9108.7,14.4382,0.328
5902000,28,133.279,-9103.31,15.1379,0.337
5904000,26,123.602,-9114.46,14.1514,0.349
5906000,22,91.4795,-9130.9,11.3996,0.3226
5908000,23,116.315,-9118.68,11.9122,0.338308
5910000,22,106.961,-9104.58,10.8022,0.335778
5912000,22,110.706,-9115.91,9.30911,0.346
5914000,25,134.328,-9115.6,8.0058,0.331
5916000,24,122.269,-9122.6,13.8465,0.321
5918000,22,101.562,-9107.86,9.23864,0.3405
5920000,22,111.95,-9121.89,6.66597,0.343
5922000,21,94.8221,-9106.81,8.81544,0.338182
5924000,24,116.12,-9098.74,9.91257,0.343
5926000,23,112.139,-9115.15,10.3214,0.337667
5928000,23,109.951,-9128.58,13.1676,0.319667
5930000,20,90.4824,-9123.57,10.0109,0.336
5932000,20,93.3189,-9126.37,8.94212,0.329
5934000,22,99.9045,-9097.59,12.9855,0.338
5936000,22,106.329,-9110.7,10.0793,0.327
5938000,21,114.834,-9117.52,4.93336,0.31
5940000,21,104.775,-9129.51,9.54144,0.375
5942000,23,108.335,-9124.74,14.1353,0.342
5944000,21,103.874,-9119.27,9.11395,0.34
5946000,22,102.682,-9122.66,10.1612,0.341
5948000,23,111.983,-9122.14,14.6871,0.339125
5950000,25,125.73,-9125.27,15.4509,0.363
5952000,27,133.794,-9112.93,13.6827,0.3328
5954000,24,101.355,-9121.35,14.7453,0.306
5956000,23,104.96,-9112.41,8.97385,0.308
5958000,23,116.833,-9118.4,12.1451,0.353375
5960000,22,103.672,-9121.91,13.7761,0.35
5962000,24,120.86,-9110.4,11.9694,0.3607
5964000,25,115.39,-9107.3,9.66202,0.324
5966000,26,109.106,-9118.9,19.2447,0.356
5968000,22,102.596,-9110.4,9.36043,0.338
5970000,23,113.826,-9109.89,7.0698,0.323
5972000,19,85.7325,-9120.57,11.324,0.341
5974000,20,102.225,-9110.98,8.77448,0.278
5976000,23,110.81,-9126.81,14.7765,0.342263
5978000,22,100.133,-9126.96,10.7864,0.338
5980000,18,82.4396,-9133.9,8.80124,0.307
5982000,24,113.723,-9136.03,12.1349,0.341
5984000,22,96.4733,-9102.14,12.5482,0.328
5986000,23,102.756,-9102.94,9.29545,0.304
5988000,23,97.6118,-9100.44,17.0367,0.296
5990000,23,104.529,-9107.98,13.4801,0.328
5992000,24,114.552,-9109.16,9.80181,0.324
5994000,28,125.485,-9109.14,12.4392,0.345
5996000,23,109.232,-9116.6,8.55929,0.33
5998000,25,116.368,-9120.19,9.67734,0.34
6000000,22,104.828,-9119.16,9.16389,0.335789
6002000,21,94.4989,-9129.6,14.0219,0.353
6004000,20,96.2362,-9119.75,10.5546,0.334571
6006000,21,102.531,-9125.04,11.4515,0.361
6008000,22,100.857,-9127.84,12.6142,0.317
6010000,23,116.429,-9129.4,12.3776,0.324
6012000,20,88.2714,-9137.43,13.225,0.323444
6014000,23,110.592,-9126.4,9.41873,0.3336
6016000,24,104.911,-9113.17,12.4207,0.32
6018000,19,84.2891,-9129.34,8.82712,0.323472
6020000,18,92.4674,-9143.22,7.62938,0.330111
6022000,21,96.7771,-9119.4,13.071,0.331
6024000,21,99.5358,-9124.71,11.4254,0.348
6026000,21,93.6629,-9122.65,10.1241,0.358
6028000,17,82.7339,-9138.17,10.7707,0.326
6030000,22,100.951,-9121.08,11.5589,0.35225
6032000,17,87.5587,-9122.98,5.95079,0.301
6034000,21,92.7447,-9123.36,9.8706,0.381
6036000,27,127.572,-9121.3,17.5875,0.319333
6038000,28,131.74,-9110.96,14.3995,0.337
6040000,28,127.776,-9117.47,14.7537,0.398
6042000,16,76.3008,-9125.05,7.83939,0.338857
6044000,23,117.004,-9116.24,9.74082,0.334167
6046000,18,98.3067,-9118.73,6.33033,0.343
6048000,20,108.897,-9124.27,5.99265,0.318
6050000,17,72.5283,-9121.84,9.25053,0.329
6052000,19,85.4194,-9116.49,11.391,0.3235
6054000,22,106.041,-9126.65,9.81708,0.359
6056000,26,132.371,-9105.08,9.68793,0.349467
6058000,26,125.59,-9110.6,12.8192,0.335
6060000,22,103.815,-9123.92,13.7927,0.328059
6062000,20,102.964,-9108.18,9.83142,0.303
6064000,22,115.943,-9094.31,8.39906,0.348
6066000,18,85.5089,-9126.69,10.3692,0.324
6068000,20,96.3834,-9112.23,12.1867,0.324
6070000,22,113.654,-9108.21,12.3295,0.304
6072000,23,112.363,-9095.4,13.1171,0.296
6074000,26,119.476,-9094.68,19.4925,0.338
6076000,24,110.737,-9111.22,17.8017,0.3365
6078000,26,121.667,-9111.63,17.0457,0.335
6080000,24,123.657,-9114.18,12.3763,0.334
6082000,20,102.439,-9112.3,7.83225,0.332
6084000,18,82.627,-9131.45,5.57075,0.312
6086000,20,95.514,-9132.79,7.6082,0.343
6088000,17,87.7801,-9132.29,5.37713,0.332
6090000,20,89.1688,-9131.43,9.85379,0.331
6092000,22,102.168,-9127.95,9.86478,0.319
6094000,24,104.473,-9118.56,17.7007,0.323692
6096000,21,105.304,-9119.18,10.2903,0.303
6098000,18,89.6268,-9117.29,10.6521,0.314
6100000,21,99.9501,-9107.25,11.2466,0.32
6102000,20,106.369,-9108.02,6.78736,0.341
6104000,19,93.3457,-9103.42,9.53926,0.293
6106000,23,117.967,-9117.56,9.51043,0.33
6108000,24,116.531,-9105.43,10.4172,0.319
6110000,22,109.878,-9110.56,9.24333,0.325625
6112000,19,88.5073,-9118.92,11.1174,0.31925
6114000,21,93.8286,-9118.28,16.5331,0.348
6116000,23,108.892,-9110.29,9.80842,0.317143
6118000,19,86.7984,-9127.14,11.135,0.305333
6120000,24,123.283,-9107.9,10.1303,0.324667
6122000,26,131.811,-9137.34,14.5159,0.366
6124000,24,115.474,-9133.72,11.9967,0.375
6126000,22,105.533,-9143.54,11.8672,0.342
6128000,22,106.764,-9110.18,10.2157,0.335375
6130000,23,103.661,-9116.99,14.1661,0.3326
6132000,24,108.135,-9124.47,12.5728,0.333
6134000,20,88.3222,-9111.67,8.15882,0.355
6136000,19,87.4687,-9113.72,11.8013,0.348
6138000,19,92.1745,-9128.6,8.24925,0.324091
6140000,20,92.5992,-9116.7,9.04384,0.32575
6142000,20,91.6349,-9101.86,8.18055,0.315
6144000,18,82.8062,-9109.86,11.6689,0.306
6146000,18,82.4221,-9110.88,8.35566,0.315
6148000,19,93.3656,-9122.19,10.3482,0.333111
6150000,18,91.0739,-9122.33,9.33419,0.329
6152000,20,90.2483,-9113.39,10.8968,0.3384
6154000,24,105.281,-9114.57,13.9466,0.332
6156000,25,130.015,-9123.67,12.2858,0.352
6158000,25,126.198,-9137.46,14.1046,0.391
6160000,20,103.209,-9127.59,6.50918,0.330222
6162000,21,104.285,-9127.45,15.4575,0.32775
6164000,18,86.6824,-9116.96,6.74544,0.3354
6166000,17,75.7384,-9127.22,7.04224,0.328
6168000,18,88.346,-9140.77,11.1184,0.330667
6170000,19,86.9379,-9121.16,8.14037,0.327429
6172000,22,109.1,-9125.69,8.7837,0.375
6174000,22,102.063,-9132.91,10.145,0.335
6176000,20,87.8766,-9116.01,12.6258,0.319167
6178000,26,136.902,-9123.67,10.0737,0.355667
6180000,16,70.0316,-9125.96,12.8343,0.3074
6182000,22,102.135,-9108.76,10.6899,0.3172
6184000,21,103.316,-9127.61,9.63269,0.3212
6186000,18,78.8101,-9132.05,9.06624,0.334
6188000,20,101.683,-9116.57,9.04412,0.34
6190000,20,103.832,-9118.3,8.68432,0.315
6192000,17,85.149,-9121.37,11.1913,0.329182
6194000,19,96.5833,-9130.84,9.15211,0.325
6196000,21,94.8398,-9121.47,12.018,0.313563
6198000,23,109.571,-9136.62,11.9904,0.34
6200000,27,125.511,-9117.43,21.2466,0.3516
6202000,25,126.037,-9129.57,11.5666,0.391
6204000,22,111.858,-9125.04,6.48659,0.299
6206000,18,89.152,-9124.7,9.2273,0.304571
6208000,17,85.4659,-9132.21,9.19552,0.328429
6210000,22,111.182,-9122.27,9.49128,0.307
6212000,21,103.838,-9110.56,10.2592,0.331
6214000,23,111.418,-9119.53,14.1004,0.35
6216000,25,116.572,-9121.22,12.1453,0.344
6218000,23,122.751,-9155.15,8.69895,0.314625
6220000,24,118.698,-9151.84,18.2711,0.372
6222000,20,95.0454,-9123.87,11.9822,0.347
6224000,19,99.4613,-9128.16,10.3022,0.326
6226000,17,89.6008,-9143.25,11.1144,0.323
6228000,20,91.262,-9115.15,9.54824,0.333818
6230000,19,87.8587,-9122.69,8.4019,0.297
6232000,18,87.3002,-9116.04,8.82697,0.297
6234000,20,99.7558,-9110.35,10.2752,0.33825
6236000,26,127.427,-9106.52,10.5249,0.3365
6238000,23,114.305,-9103.99,10.6272,0.332
6240000,25,121.459,-9109.36,11.8761,0.309
6242000,23,110.127,-9120.71,9.73246,0.332
6244000,22,107.721,-9120.61,12.1584,0.346455
6246000,22,109.465,-9114.75,11.4282,0.336333
6248000,19,97.0307,-9133.3,10.9245,0.321905
6250000,24,117.255,-9118.16,12.3449,0.352
6252000,25,109.961,-9111.53,15.5602,0.35
6254000,24,107.787,-9107.5,8.74629,0.358
6256000,22,100.872,-9126,12.6975,0.364
6258000,20,85.4878,-9106.62,13.9332,0.32
6260000,17,84.5696,-9136.27,11.1841,0.307583
6262000,19,97.246,-9126.32,5.88556,0.328154
6264000,19,91.1948,-9116.59,10.7186,0.33
6266000,22,91.2486,-9113.89,18.8628,0.342571
6268000,20,82.0312,-9130.61,12.1737,0.331
6270000,23,116.634,-9122.01,12.9025,0.328
6272000,22,97.555,-9128.05,8.24067,0.32875
6274000,20,95.8548,-9121.5,9.14436,0.316
6276000,22,102.819,-9126.84,16.4879,0.35
6278000,27,111.687,-9120.32,18.3701,0.3605
6280000,19,86.0618,-9122.83,12.9705,0.3258
6282000,25,127.283,-9122.54,11.5929,0.337
6284000,25,115.49,-9130.65,14.4945,0.358
6286000,24,111.256,-9135.43,17.7288,0.345111
6288000,24,121.136,-9146.22,12.3979,0.33
6290000,20,99.6679,-9130.41,8.90057,0.322
6292000,21,111.688,-9144.81,7.37577,0.313
6294000,19,97.5182,-9148.02,9.37659,0.289
6296000,22,98.6799,-9119.06,17.0346,0.32225
6298000,20,93.5361,-9123.15,10.8358,0.3505
6300000,20,100.996,-9130.24,9.41328,0.32
6302000,22,106.51,-9131.26,11.4002,0.326
6304000,20,96.5627,-9117.92,10.0285,0.309
6306000,22,115.039,-9133.03,12.9456,0.355
6308000,25,112.637,-9122.18,10.8027,0.368
6310000,22,100.632,-9117.3,10.2992,0.31475
6312000,20,96.2384,-9126.98,10.126,0.33075
6314000,23,102.368,-9135.81,13.9382,0.331
6316000,23,108.287,-9130.84,14.4782,0.3393
6318000,21,94.1834,-9125.24,9.99137,0.332143
6320000,22,106.344,-9115.99,11.6408,0.313667
6322000,24,116.907,-9111.51,11.8539,0.361
6324000,23,108.045,-9121.6,12.3915,0.355
6326000,19,93.4904,-9124.94,8.09798,0.3339
6328000,19,92.597,-9127.77,8.17208,0.337
6330000,22,106.24,-9135.79,14.9551,0.357
6332000,19,94.5542,-9122.19,11.7561,0.331
6334000,20,95.3947,-9129.61,8.1413,0.321833
6336000,25,116.222,-9126.15,14.9145,0.322
6338000,25,119.998,-9123.28,13.2291,0.376
6340000,20,97.3492,-9130.59,11.4994,0.353
6342000,19,97.2023,-9134.47,10.0913,0.3605
6344000,27,131.425,-9114.3,9.72172,0.364
6346000,27,127.49,-9115.88,12.7237,0.3436
6348000,27,132.169,-9124.77,15.8972,0.346
6350000,24,117.145,-9125.16,13.0914,0.352
6352000,21,106.273,-9105.49,10.1013,0.339714
6354000,22,105.768,-9116.23,12.1676,0.313
6356000,23,114.951,-9099.92,8.67229,0.366
6358000,18,85.1043,-9137.31,12.8834,0.32375
6360000,18,86.9145,-9126.73,7.791,0.335333
6362000,20,95.6119,-9113.19,9.23461,0.315
6364000,22,115.622,-9115.69,9.38688,0.284
6366000,20,96.9188,-9129.22,12.1642,0.327667
6368000,24,123.684,-9112.82,10.8653,0.360333
6370000,27,136.795,-9108.51,10.8216,0.375
6372000,26,120.109,-9106.78,16.3464,0.347
6374000,28,131.645,-9121.83,13.7248,0.363
6376000,26,125.058,-9120.54,15.3655,0.343929
6378000,22,115.846,-9117.71,12.7994,0.328
6380000,23,115.047,-9129.69,13.169,0.325
6382000,21,101.61,-9115.93,8.70131,0.3245
6384000,19,95.7983,-9119.19,9.26909,0.354222
6386000,22,101.697,-9120.28,13.18,0.3444
6388000,26,118.711,-9126.09,14.2582,0.344
6390000,24,111.496,-9120.24,12.8988,0.335
6392000,25,134.848,-9144.23,9.90941,0.346
6394000,22,110.937,-9135.4,10.9414,0.328229
6396000,23,112.329,-9136.44,13.4754,0.322
6398000,22,105.336,-9133.92,13.2875,0.344375
6400000,22,108.184,-9114.67,9.83313,0.347
6402000,20,100.324,-9129.29,8.61285,0.324
6404000,20,90.5042,-9128.87,14.6491,0.32
6406000,23,111.171,-9113.31,8.12641,0.349333
6408000,20,92.6704,-9110.69,13.4735,0.309
6410000,19,88.9896,-9132.32,8.94457,0.3235
6412000,18,80.842,-9134.88,5.955,0.335
6414000,19,93.7442,-9136.73,11.1356,0.323
6416000,17,80.9432,-9128.91,9.60272,0.307
6418000,23,111.298,-9120.81,12.8313,0.325111
6420000,24,118.253,-9124.35,12.6241,0.353
6422000,26,112.043,-9122.47,14.0059,0.361
6424000,28,138.017,-9116.26,13.0859,0.346
6426000,26,127.496,-9112.35,18.2236,0.343
6428000,24,111.443,-9100.23,13.9976,0.352
6430000,20,90.6333,-9124.32,11.3519,0.328
6432000,19,92.4194,-9125.39,8.08833,0.323
6434000,19,101.743,-9140.86,8.16387,0.317345
6436000,23,127.428,-9130.33,9.20203,0.364
6438000,22,104.96,-9141.65,16.7986,0.3308
6440000,22,110.547,-9134.34,9.79134,0.333783
6442000,22,102.656,-9129.65,19.259,0.322
6444000,21,105.752,-9133.44,11.4131,0.305
6446000,23,111.554,-9120.8,13.0383,0.339
6448000,22,111.105,-9120.55,11.2092,0.335909
6450000,22,97.1623,-9125.29,11.4738,0.338
6452000,18,91.6201,-9116.98,9.99696,0.304
6454000,20,93.153,-9125.84,11.8637,0.33
6456000,18,81.6992,-9118.09,11.6259,0.291
6458000,16,78.7586,-9140.54,8.36751,0.333737
6460000,17,83.0246,-9136.32,7.28711,0.316
6462000,20,96.1283,-9110.21,12.3307,0.318
6464000,24,120.595,-9123.84,12.5598,0.363
6466000,18,81.4942,-9138.23,9.05724,0.306833
6468000,18,92.5494,-9143.82,4.20259,0.345
6470000,18,76.5777,-9125.03,7.94198,0.3235
6472000,19,82.1328,-9132.02,12.369,0.322
6474000,25,124.613,-9115.57,14.8779,0.342667
6476000,24,117.557,-9119.42,12.1336,0.341
6478000,24,124.045,-9111.93,11.8383,0.365
6480000,21,88.7131,-9117.92,14.9973,0.338308
6482000,25,112.928,-9127.38,12.5065,0.323
6484000,22,107.627,-9123.83,10.6313,0.3566
6486000,26,114.709,-9135.49,15.5726,0.378
6488000,19,90.0987,-9133.62,9.01918,0.312867
6490000,21,99.9112,-9141.02,10.8365,0.3345
6492000,24,107.263,-9132.67,12.3779,0.33
6494000,19,92.0793,-9138.99,6.60677,0.333143
6496000,18,89.4607,-9127.4,8.70505,0.3275
6498000,23,100.612,-9124.46,14.0537,0.348
6500000,19,85.5003,-9121.03,11.7946,0.328062
6502000,17,81.175,-9139.49,7.56609,0.328
6504000,19,93.01,-9118.56,13.3247,0.314
6506000,19,92.0034,-9121.03,7.5972,0.312
6508000,15,68.3018,-9150.88,7.0576,0.319333
6510000,16,74.6534,-9126.44,7.14476,0.314
6512000,18,91.3318,-9138.73,12.3385,0.3324
6514000,18,94.6636,-9129.3,5.23405,0.331
6516000,24,109.185,-9118.28,13.1272,0.326
6518000,22,102.361,-9117.86,9.34268,0.3485
6520000,20,96.0875,-9120.67,7.76786,0.327
6522000,17,87.7297,-9132.73,5.08689,0.296
6524000,18,90.7347,-9130.71,9.28416,0.318
6526000,22,120.616,-9128.45,9.40568,0.363
6528000,23,108.264,-9136.41,14.5423,0.35
6530000,21,106.666,-9133.32,10.8958,0.316
6532000,19,93.7595,-9133.15,7.82241,0.334
6534000,24,112.064,-9122.56,18.1961,0.332929
6536000,17,85.3833,-9133.06,9.06384,0.33
6538000,22,103.278,-9115.71,11.8734,0.328
6540000,20,97.2724,-9133.24,9.8238,0.356
6542000,21,107.069,-9132.7,8.15217,0.3485
6544000,20,103.972,-9132.63,7.20028,0.282
6546000,23,99.6451,-9138.42,15.147,0.321727
6548000,22,110.109,-9120.61,9.36435,0.33
6550000,21,101.161,-9119.71,9.63979,0.353
6552000,20,96.9771,-9124.2,13.22,0.295
6554000,21,100.203,-9133.94,13.4413,0.343
6556000,24,123.752,-9133.43,11.6115,0.341
6558000,22,112.584,-9127.29,10.5287,0.331
6560000,22,118.204,-9132.78,9.1075,0.344
6562000,17,79.3937,-9144.55,10.7328,0.313
6564000,17,84.8332,-9146.79,9.36792,0.277
6566000,25,117.823,-9121.19,14.6849,0.333375
6568000,25,114.69,-9116.59,11.0282,0.346
6570000,21,100.017,-9135.05,11.8172,0.301
6572000,22,106.484,-9118.53,4.98679,0.315
6574000,23,99.9814,-9131.86,10.6702,0.296
6576000,23,120.32,-9121.37,9.18976,0.333
6578000,21,100.999,-9112.15,10.0612,0.319
6580000,23,104.72,-9124.74,10.297,0.289
6582000,18,78.9966,-9134.24,5.58029,0.326529
6584000,20,100.837,-9131.62,8.5721,0.327
6586000,21,95.1993,-9134.24,11.5521,0.316
6588000,17,80.705,-9134.45,8.80537,0.326
6590000,19,92.9524,-9127.01,7.99722,0.312
6592000,19,87.8472,-9126,12.3885,0.321
6594000,22,111.799,-9120.97,9.18696,0.328
6596000,22,112.382,-9139.33,9.19698,0.321933
6598000,19,86.4282,-9114.08,9.5201,0.277
6600000,19,89.4221,-9143.1,7.29883,0.296
6602000,16,73.6239,-9126.97,9.73866,0.3
6604000,20,93.1296,-9141.35,7.05567,0.334
6606000,20,96.0951,-9121.45,9.6572,0.303
6608000,23,114.087,-9120.01,8.75859,0.291
6610000,24,110.973,-9135.57,14.9443,0.325
6612000,18,88.9913,-9132.39,8.80508,0.32675
6614000,21,101.01,-9127,11.9875,0.309667
6616000,19,85.3803,-9141.19,10.6675,0.338
6618000,22,108.895,-9130.06,11.4219,0.32305
6620000,22,112.192,-9132.74,10.2022,0.32
6622000,23,112.786,-9131.96,14.5209,0.335
6624000,19,100.563,-9151.32,9.61982,0.325
6626000,23,117.347,-9134.73,11.6528,0.314667
6628000,21,115.794,-9139.53,8.22302,0.298
6630000,18,94.578,-9125.75,10.1606,0.314
6632000,20,107.326,-9116.83,9.53603,0.3015
6634000,22,97.9432,-9120.64,16.9707,0.343
6636000,20,98.1237,-9128.45,15.2894,0.324
6638000,20,95.1807,-9123.42,15.1623,0.288
6640000,19,80.2804,-9121.69,11.2434,0.334
6642000,20,98.1336,-9135.39,12.9451,0.332
6644000,20,99.6176,-9139.66,11.9235,0.318
6646000,18,83.4685,-9123.34,10.083,0.314
6648000,17,83.7029,-9128.94,8.40746,0.304
6650000,20,103.529,-9138.21,10.1649,0.331
6652000,15,82.1186,-9137.61,3.81367,0.320629
6654000,17,78.3452,-9135.8,11.5212,0.304
6656000,20,111.568,-9128.77,8.03387,0.320833
6658000,21,104.219,-9136.32,11.9535,0.335
6660000,16,74.5982,-9131.04,9.16699,0.323667
6662000,17,85.4499,-9138.02,5.937,0.313
6664000,20,110.825,-9135.03,6.708,0.331
6666000,19,89.4607,-9143.36,10.3698,0.33325
6668000,21,107,-9135.26,10.0851,0.365
6670000,16,82.9402,-9139.53,7.0971,0.305
6672000,18,100.567,-9147.24,7.56013,0.313
6674000,20,98.2857,-9112.02,9.05433,0.320111
6676000,21,108.827,-9143.81,7.95489,0.328
6678000,19,98.8963,-9144.97,10.5041,0.339
6680000,22,104.474,-9103.28,10.762,0.324333
6682000,23,110.76,-9111.31,16.9245,0.3345
6684000,24,120.53,-9116.87,10.2035,0.337
6686000,22,109.926,-9106.36,9.28569,0.309
6688000,19,96.4668,-9106.17,8.74572,0.327
6690000,22,109.098,-9105.27,10.9806,0.328
6692000,17,92.4455,-9140.45,8.08681,0.33
6694000,16,83.1747,-9140.18,6.48894,0.3185
6696000,21,113.676,-9131.21,6.89576,0.338
6698000,22,111.948,-9101.94,10.9046,0.3358
6700000,17,80.1827,-9141.86,13.4554,0.322
6702000,25,121.733,-9116.42,12.9085,0.346
6704000,23,109.322,-9114.23,11.5366,0.341
6706000,22,103.271,-9106.85,13.447,0.332
6708000,23,117.595,-9122.65,8.56201,0.331583
6710000,23,115.89,-9122.32,6.33047,0.369
6712000,26,124.915,-9097.17,12.4411,0.31
6714000,15,81.1805,-9139.55,6.54413,0.345706
6716000,24,110.176,-9110.47,13.8504,0.327333
6718000,24,116.829,-9098.63,11.5543,0.339
6720000,29,139.598,-9096.33,11.7998,0.328
6722000,19,91.2805,-9140.51,11.5977,0.341
6724000,29,140.13,-9098.65,14.3813,0.326
6726000,20,101.431,-9135.01,12.1926,0.356
6728000,18,87.8896,-9132.96,9.72925,0.313
6730000,16,70.7688,-9129.7,9.30594,0.319
6732000,19,92.1921,-9140.59,9.31375,0.313
6734000,16,72.062,-9132.48,10.7515,0.308
6736000,23,102.482,-9109.8,14.524,0.32575
6738000,26,122.945,-9099.11,15.7401,0.378
6740000,18,85.2087,-9132.25,8.21638,0.339
6742000,21,100.42,-9129.09,10.3751,0.3095
6744000,17,86.1046,-9134.77,14.5389,0.334
6746000,17,76.2914,-9130.94,6.68447,0.3236
6748000,17,85.7132,-9133,8.08023,0.315
6750000,22,111.593,-9114.72,11.3719,0.333
6752000,19,96.4759,-9120.19,9.36036,0.3205
6754000,16,80.7451,-9126.08,10.0032,0.31
6756000,19,106.02,-9118.32,6.09166,0.30975
6758000,18,87.0366,-9116.82,11.9503,0.306
6760000,23,120.624,-9116.47,12.4959,0.324
6762000,23,118.182,-9133,10.0957,0.34225
6764000,19,95.8156,-9132.43,5.80728,0.323
6766000,19,94.9332,-9116.12,9.32242,0.291
6768000,19,86.5353,-9120.36,11.5785,0.309
6770000,19,88.3287,-9132.39,9.04046,0.324867
6772000,19,97.2171,-9117.36,12.406,0.325
6774000,22,117.537,-9124.91,8.70776,0.336
6776000,24,108.77,-9131.95,10.5845,0.388
6778000,23,113.262,-9117.4,9.58407,0.3434
6780000,23,106.023,-9125.55,12.5143,0.358
6782000,24,120.643,-9133.63,9.06522,0.3275
6784000,21,99.4358,-9128.09,9.36399,0.329571
6786000,23,99.2793,-9127.25,14.5852,0.3266
6788000,23,101.39,-9124.78,16.5907,0.3345
6790000,22,104.247,-9127.85,13.5818,0.295
6792000,20,105.72,-9127.9,6.44427,0.325
6794000,21,103.512,-9147.88,7.43295,0.347143
6796000,18,77.3539,-9140.69,8.94809,0.281
6798000,21,105.945,-9123.67,11.8215,0.306
6800000,21,99.8604,-9131.53,11.7749,0.339
6802000,23,109.954,-9127.58,7.95682,0.337
6804000,21,101.445,-9120.94,11.9832,0.345
6806000,21,102.32,-9132.18,12.9326,0.337
6808000,22,115.291,-9118.78,8.78417,0.32675
6810000,20,91.3496,-9135.55,12.6486,0.307333
6812000,20,98.9879,-9120.61,12.0976,0.318
6814000,21,104.285,-9119.59,9.28236,0.337
6816000,23,112.944,-9127.33,8.16147,0.323
6818000,20,100.733,-9122.23,9.66584,0.299
6820000,20,105.497,-9133.76,8.58319,0.324042
6822000,24,121.132,-9147.68,11.9019,0.341
6824000,18,87.499,-9144.2,7.57319,0.316
6826000,17,78.5637,-9134.49,9.92297,0.301
6828000,21,104.315,-9131.6,12.2809,0.338643
6830000,16,72.3891,-9136.16,10.9901,0.301667
6832000,20,99.1553,-9127.33,8.43836,0.3284
6834000,19,101.739,-9121.11,7.62978,0.33
6836000,22,113.405,-9126.78,11.4594,0.359
6838000,21,112.338,-9122.26,10.859,0.309
6840000,21,104.382,-9124.4,9.53293,0.332
6842000,23,115.736,-9132.99,9.93763,0.367
6844000,25,116.816,-9118,10.5564,0.3475
6846000,25,114.676,-9118.02,12.5831,0.358
6848000,24,110.663,-9121.38,12.9449,0.371
6850000,22,106.528,-9118.15,12.8733,0.329222
6852000,26,113.607,-9123.41,10.6018,0.375
6854000,26,120.773,-9109.87,14.8056,0.342
6856000,22,97.5911,-9110.13,17.4512,0.303
6858000,22,105.875,-9120.69,10.3538,0.325625
6860000,26,113.841,-9122.16,13.4825,0.35
6862000,23,117.988,-9125.11,10.207,0.334875
6864000,23,119.092,-9129.83,7.57045,0.334
6866000,17,85.0057,-9133.7,9.29051,0.29
6868000,26,120.93,-9128.49,9.79978,0.3425
6870000,18,85.7446,-9128.21,7.26209,0.312923
6872000,26,122.524,-9125.28,12.9485,0.345
6874000,21,98.6031,-9125.45,12.8589,0.311769
6876000,25,126.74,-9124.03,13.4549,0.348
6878000,24,119.856,-9115.14,11.2199,0.353
6880000,24,117.26,-9114.1,16.969,0.356
6882000,23,118.506,-9117.62,11.0558,0.369
6884000,27,123.197,-9124.05,16.8973,0.348
6886000,18,90.8758,-9134.79,9.75211,0.312895
6888000,24,121.106,-9132.54,13.4277,0.356
6890000,24,110.734,-9139.87,13.2245,0.386
6892000,21,107.918,-9143.35,8.01528,0.409
6894000,20,101.159,-9143.73,10.1049,0.357
6896000,19,92.9356,-9138.9,8.5977,0.335
6898000,19,93.8115,-9134.38,6.66838,0.314
6900000,21,100.702,-9148.3,10.7465,0.33875
6902000,20,89.3457,-9131.56,11.9107,0.341
6904000,21,106.929,-9107.98,10.928,0.335842
6906000,22,104.906,-9105.2,14.7416,0.334
6908000,22,97.7066,-9109.75,13.799,0.351
6910000,20,99.5647,-9127.86,9.89429,0.355
6912000,19,98.7038,-9133.34,7.60078,0.333
6914000,20,100.103,-9126.59,10.991,0.3115
6916000,20,103.605,-9133.51,8.13624,0.347
6918000,22,109.764,-9115.74,14.493,0.3294
6920000,24,125.376,-9101.19,10.1899,0.321
6922000,20,99.8199,-9133.85,11.6209,0.343
6924000,21,108.432,-9109.52,10.0911,0.312
6926000,24,112.587,-9116.88,14.2588,0.338
6928000,24,116.468,-9128.03,9.56166,0.353
6930000,22,98.8743,-9130.62,11.5048,0.349
6932000,23,108.991,-9122.59,13.6328,0.303
6934000,28,141.607,-9114.37,12.7323,0.348667
6936000,21,107.82,-9118.23,6.34681,0.364
6938000,22,102.379,-9116.25,12.4843,0.324
6940000,21,96.1373,-9115.12,8.42656,0.333
6942000,20,85.1697,-9104.9,13.0022,0.308
6944000,21,84.0434,-9116.24,11.022,0.335
6946000,25,123.084,-9115.85,14.0246,0.3295
6948000,25,112.393,-9113.83,15.2223,0.344429
6950000,25,126.172,-9121.7,11.9618,0.332
6952000,23,105.875,-9102.42,12.9479,0.365
6954000,26,122.35,-9106.6,10.5589,0.365
6956000,28,125.811,-9109.59,11.5403,0.353
6958000,24,114.426,-9106.59,11.5192,0.33
6960000,24,106.057,-9103.14,14.5925,0.354
6962000,29,124.492,-9104.9,14.7382,0.364
6964000,26,114.187,-9116.06,9.86379,0.349333
6966000,26,115.893,-9102.87,9.96837,0.336
6968000,23,117.218,-9113.45,10.4751,0.353571
6970000,28,132.618,-9098.52,14.2422,0.361286
6972000,27,128.486,-9108.46,11.9187,0.368
6974000,23,108.757,-9121.37,13.6942,0.3314
6976000,27,127.95,-9110.72,14.8716,0.352
6978000,32,147.902,-9114.13,16.0484,0.342
6980000,28,132.076,-9100.29,14.2006,0.335
6982000,24,108.919,-9100.44,14.2898,0.35
6984000,27,125.428,-9096.25,13.8579,0.361
6986000,26,111.168,-9102.26,18.0085,0.362
6988000,29,127.788,-9106.28,18.2895,0.359
6990000,26,137.326,-9121.56,11.1083,0.328154
6992000,29,126.684,-9108.7,17.2903,0.325
6994000,28,134.681,-9114.42,15.2955,0.358
6996000,32,148.152,-9110.43,21.5956,0.3785
6998000,23,97.4635,-9110.39,11.2107,0.334133
7000000,24,110.551,-9117.73,9.21816,0.366
7002000,22,108.105,-9121.63,11.4265,0.349
7004000,22,109.326,-9109.92,9.07866,0.318
7006000,22,101.934,-9111.88,9.52285,0.313
7008000,27,133.982,-9111.23,14.0734,0.3762
7010000,22,105.03,-9103.61,12.0888,0.320667
7012000,19,93.2359,-9117.68,11.2782,0.345795
7014000,21,101.419,-9129.22,10.6895,0.357
7016000,20,97.7973,-9101.14,9.90303,0.333
7018000,21,90.6676,-9117.6,9.37658,0.33
7020000,20,95.8086,-9108.67,10.835,0.31
7022000,21,92.5862,-9112.74,13.2328,0.309
7024000,20,93.921,-9115.97,9.80557,0.320167
7026000,25,128.471,-9118.69,12.1148,0.334
7028000,23,111.671,-9115.32,14.3378,0.346
7030000,22,109.508,-9112.73,10.7868,0.318474
7032000,23,108.524,-9111.54,14.9386,0.3245
7034000,21,98.5154,-9109.97,9.20596,0.341333
7036000,24,113.063,-9110.63,9.79259,0.331
7038000,24,99.4369,-9116.52,16.1841,0.369
7040000,23,109.127,-9123.79,15.0946,0.356
7042000,25,120.237,-9106.16,11.5767,0.337182
7044000,27,119.708,-9104.73,11.6637,0.328
7046000,21,90.8918,-9110.83,9.6613,0.3082
7048000,29,129.212,-9098.59,12.1515,0.346333
7050000,23,108.93,-9118.33,11.1848,0.329952
7052000,26,111.423,-9096.5,14.83,0.337667
7054000,30,122.308,-9100.76,22.0781,0.3495
7056000,28,122.535,-9106.77,19.071,0.364
7058000,26,119.076,-9108.02,11.2871,0.359
7060000,23,111.243,-9122.69,11.7031,0.301
7062000,22,108.42,-9117.8,13.6302,0.305
7064000,21,96.7114,-9126.46,14.9385,0.313
7066000,20,89.9008,-9137.46,10.0323,0.318
7068000,18,93.6506,-9123.99,8.67367,0.323667
7070000,22,101.817,-9103.45,12.9367,0.320417
7072000,23,105.707,-9104.02,17.3065,0.343
7074000,20,104.147,-9117.11,10.3787,0.292083
7076000,22,111.95,-9117.05,11.0724,0.319
7078000,21,111.291,-9119.96,12.1069,0.3315
7080000,24,123.768,-9121.25,14.2218,0.341615
7082000,19,88.6089,-9122.72,8.13951,0.3472
7084000,19,86.0735,-9128.28,11.587,0.323
7086000,23,115.13,-9120.85,17.6244,0.331714
7088000,21,92.4608,-9117.3,14.0973,0.333286
7090000,22,103.826,-9115.36,10.6499,0.301
7092000,24,115.113,-9119.96,13.5481,0.3335
7094000,25,115.658,-9114.69,14.2778,0.3215
7096000,23,113.757,-9114.93,11.6784,0.327167
7098000,26,138.754,-9124.54,9.14454,0.34
7100000,25,129.862,-9118.75,14.1519,0.362
7102000,22,118.065,-9123.04,12.2086,0.333
7104000,26,131.656,-9120.2,11.4942,0.358
7106000,24,110.186,-9127.26,17.8527,0.358
7108000,24,122.478,-9119.47,13.8652,0.371
7110000,24,128.092,-9128.74,10.1337,0.335
7112000,21,110.595,-9122.04,9.63388,0.335
7114000,27,128.004,-9107.35,15.2997,0.38
7116000,24,115.532,-9106.7,11.5982,0.344
7118000,25,117.66,-9114.27,13.2942,0.355
7120000,27,120.762,-9118.21,11.6904,0.356
7122000,21,108.004,-9120.65,10.7936,0.3319
7124000,23,119.565,-9126.98,10.5055,0.347
7126000,23,120.576,-9128.79,11.3678,0.346
7128000,23,115.626,-9110.33,11.9551,0.319
7130000,24,120.915,-9120.94,11.056,0.368
7132000,24,106.556,-9112.96,14.3184,0.338462
7134000,25,121.281,-9118.86,17.3179,0.377
7136000,25,120.753,-9109.21,10.0823,0.364
7138000,22,102.983,-9114.4,10.5995,0.308
7140000,23,112.369,-9121.41,12.7696,0.354
7142000,24,112.89,-9116.52,11.915,0.348
7144000,21,102.772,-9125.27,9.23881,0.295
7146000,19,93.2611,-9135.94,8.95819,0.3
7148000,19,91.9934,-9130.44,10.6657,0.324
7150000,21,92.0493,-9133.8,12.2072,0.334
7152000,27,131.815,-9112.27,16.3013,0.358
7154000,22,90.8132,-9132,11.3356,0.3215
7156000,27,121.506,-9092.28,11.8686,0.353
7158000,25,119.235,-9118.95,11.7338,0.362
7160000,23,118.392,-9146.51,11.6246,0.331091
7162000,21,107.559,-9137.36,12.2849,0.332
7164000,18,90.9879,-9133.89,13.4276,0.304
7166000,21,109.606,-9131.51,11.2817,0.3345
7168000,21,104.834,-9130.79,11.9944,0.335
7170000,25,109.787,-9100.09,15.5171,0.342
7172000,23,106.162,-9106.75,11.6547,0.361
7174000,27,128.747,-9105.91,13.8969,0.352
7176000,25,114.97,-9113.48,15.1812,0.357
7178000,26,118.454,-9108.11,11.7881,0.365
7180000,25,108.842,-9111.62,15.5719,0.34
7182000,27,128.476,-9105.13,11.5808,0.346
7184000,27,131.487,-9108.54,12.0983,0.336
7186000,21,111.723,-9130,9.80171,0.35
7188000,20,95.1147,-9131.85,9.30543,0.332382
7190000,21,111.598,-9127.86,8.02505,0.317
7192000,27,124.898,-9110.2,11.7149,0.34
7194000,28,126.294,-9115.31,12.1686,0.357
7196000,23,103.383,-9114.33,14.2639,0.369
7198000,22,109.379,-9126.07,10.6091,0.340545
7200000,20,95.95,-9119.63,15.2128,0.331
7202000,27,141.376,-9123.59,9.36288,0.338545
7204000,25,122.06,-9112.71,8.87113,0.3655
7206000,26,130.007,-9112.13,13.6451,0.346
7208000,28,144.086,-9135.93,10.7874,0.342857
7210000,28,149.071,-9112.68,8.62137,0.362
7212000,29,143.223,-9109.26,18.0188,0.334
7214000,22,105.054,-9111.14,9.99115,0.335353
7216000,17,77.9491,-9127.93,7.4224,0.3
7218000,25,113.987,-9114.03,9.46578,0.311
7220000,21,101.306,-9127,11.9956,0.33525
7222000,25,118.27,-9101.37,14.0588,0.326
7224000,23,108.469,-9129.77,10.0318,0.331
7226000,23,110.984,-9136.53,13.4131,0.352
7228000,24,116.93,-9121.28,10.8665,0.331
7230000,22,112.596,-9132.44,8.85127,0.3405
7232000,28,139.746,-9095.85,8.71361,0.352889
7234000,23,113.366,-9113.73,9.23594,0.303
7236000,18,92.3401,-9121.02,7.94042,0.319667
7238000,19,83.1324,-9138.79,11.4289,0.298
7240000,22,100.392,-9104.74,9.90372,0.295
7242000,24,111.301,-9097.64,10.0249,0.326222
7244000,24,119.243,-9110.7,8.87076,0.339
7246000,23,106.363,-9099.3,13.8442,0.295
7248000,26,119.521,-9116.9,14.8609,0.325
7250000,17,81.1848,-9137.43,12.2179,0.318455
7252000,25,114.266,-9110.72,12.84,0.3265
7254000,24,116.311,-9103.78,12.8281,0.33
7256000,24,109.202,-9108.97,12.9726,0.317571
7258000,19,96.4398,-9132.33,7.605,0.324667
7260000,21,102.667,-9112.2,10.2327,0.323
7262000,28,130.525,-9103,13.2776,0.341
7264000,26,123.546,-9092.13,15.8446,0.33
7266000,23,110.687,-9090.76,9.67129,0.308
7268000,21,94.4422,-9102.67,12.9858,0.336375
7270000,21,103.826,-9098.12,9.80347,0.321
7272000,21,108.871,-9133.25,10.4571,0.332
7274000,19,99.3456,-9123.37,9.41883,0.34
7276000,22,107.828,-9093.66,8.98028,0.342
7278000,23,112.575,-9108.13,9.34649,0.327
7280000,26,118.264,-9103.7,13.0879,0.352
7282000,28,135.106,-9115.02,12.0665,0.332937
7284000,25,126.818,-9119.71,12.5741,0.3402
7286000,31,151.761,-9097.54,11.4623,0.36
7288000,25,119.751,-9096.04,11.9799,0.307
7290000,27,121.22,-9106.28,14.9846,0.322
7292000,25,109.34,-9100.85,17.4969,0.316
7294000,25,107.138,-9117.69,17.1145,0.313143
7296000,20,98.8261,-9111.29,9.12857,0.322
7298000,20,97.073,-9115.47,8.95817,0.344
7300000,24,112.935,-9118.39,14.878,0.32
7302000,23,106.63,-9113.82,14.2575,0.331
7304000,25,121.484,-9116.91,15.3487,0.339
7306000,22,107.981,-9124.36,13.1852,0.319762
7308000,25,113.956,-9107.77,12.7372,0.311375
7310000,20,98.6112,-9125.89,11.0986,0.294
7312000,19,93.4293,-9128.43,8.58652,0.341
7314000,25,119.723,-9104.68,14.2683,0.329667
7316000,24,119.675,-9096.21,10.8425,0.303
7318000,23,104.678,-9095.59,22.0637,0.327
7320000,18,90.1583,-9134.95,6.46775,0.291
7322000,16,76.8967,-9136.57,10.2821,0.327867
7324000,19,94.6453,-9143.63,11.1505,0.315
7326000,27,134.627,-9113.36,16.004,0.332
7328000,25,124.291,-9122.77,13.379,0.362
7330000,24,120.163,-9119.28,13.5017,0.315
7332000,18,80.9884,-9121.83,10.4817,0.32875
7334000,23,119.572,-9112.49,8.31266,0.327
7336000,22,115.352,-9115.47,10.6684,0.3242
7338000,23,118.501,-9119.85,13.0788,0.327
7340000,23,115.3,-9114.08,10.8074,0.349
7342000,22,105.89,-9115,13.3002,0.305
7344000,24,122.81,-9107.07,11.2806,0.327
7346000,20,101.356,-9121.57,10.5795,0.304
7348000,22,113.175,-9122.37,10.9506,0.345
7350000,18,85.7617,-9147,8.57935,0.321214
7352000,25,128.994,-9118.65,8.34226,0.31745
7354000,27,139.695,-9124.68,14.7441,0.374
7356000,35,169.268,-9098.91,14.2512,0.341
7358000,25,120.508,-9117.44,15.0666,0.332
7360000,26,125.12,-9105.29,16.1788,0.34825
7362000,24,118.267,-9096.28,8.59474,0.331
7364000,27,133.768,-9102.27,14.9269,0.337
7366000,24,120.411,-9104.02,10.9587,0.36
7368000,24,121.776,-9108.28,9.66194,0.29
7370000,26,130.453,-9113.58,12.3883,0.321
7372000,24,123.132,-9115.7,12.5229,0.320667
7374000,23,111.886,-9108.5,14.3821,0.342333
7376000,23,107.573,-9118.21,20.6384,0.302
7378000,20,96.0839,-9136.79,10.199,0.308667
7380000,20,101.242,-9130.26,10.0879,0.327
7382000,17,81.9876,-9132.21,11.1658,0.324043
7384000,20,90.8073,-9130.35,10.8987,0.302545
7386000,20,103.28,-9127.92,10.2381,0.302
7388000,22,107.955,-9130.29,11.4934,0.301
7390000,20,99.633,-9134.13,13.9728,0.316
7392000,20,94.3094,-9130.24,13.4721,0.33275
7394000,22,101.568,-9135.31,15.4271,0.313
7396000,23,111.493,-9133.12,15.2397,0.307
7398000,22,102.942,-9120.03,9.74221,0.32525
7400000,21,96.7699,-9122.09,12.1819,0.315
7402000,26,111.288,-9108.98,15.6647,0.355
7404000,26,122.192,-9111.25,13.143,0.339
7406000,24,115.692,-9118.04,10.4061,0.355
7408000,21,101.696,-9125.87,13.47,0.353
7410000,22,108.369,-9131.92,10.5205,0.351
7412000,26,125.681,-9103.76,10.1673,0.324
7414000,24,105.74,-9119.56,13.5923,0.318
7416000,21,98.1168,-9114.81,9.60571,0.332
7418000,20,89.2717,-9115.89,19.8297,0.321667
7420000,25,105.348,-9113.69,21.3327,0.34
7422000,24,103.978,-9118.6,15.1994,0.353
7424000,21,91.3426,-9110.45,10.8129,0.296
7426000,21,89.3542,-9131.76,11.1705,0.339
7428000,22,103.193,-9132.01,11.3723,0.336
7430000,19,81.0155,-9123.79,11.9604,0.312
7432000,19,96.4249,-9128.16,9.81018,0.319
7434000,25,110.108,-9105.85,10.9146,0.3292
7436000,25,119.588,-9106.78,9.78355,0.348588
7438000,22,94.307,-9115.45,10.6405,0.342
7440000,21,79.7851,-9120.74,13.484,0.322
7442000,25,119.197,-9127.33,13.52,0.3515
7444000,26,116.486,-9130.95,16.3568,0.355
7446000,24,124.014,-9123.33,10.6913,0.337
7448000,30,138.103,-9113.33,15.4255,0.338
7450000,19,89.3765,-9118.83,12.5845,0.298889
7452000,24,107.127,-9133.43,11.9606,0.352
7454000,24,115.941,-9111.21,9.27765,0.318667
7456000,26,115.228,-9097.79,12.792,0.293
7458000,25,101.183,-9093.83,14.7498,0.301
7460000,25,115.22,-9093.11,14.7367,0.328
7462000,24,119.926,-9110.89,10.6352,0.324
7464000,21,96.1369,-9109.56,14.8774,0.3365
7466000,26,122.506,-9102.34,8.30903,0.312167
7468000,22,98.6478,-9118.44,9.28925,0.316
7470000,24,113.285,-9111.8,10.6646,0.317
7472000,26,123.054,-9108.73,13.6189,0.324
7474000,25,118.845,-9105.19,12.4618,0.3125
7476000,25,125.137,-9109.74,12.6402,0.338
7478000,30,139.345,-9103.7,17.2216,0.34925
7480000,26,123.887,-9114.32,16.1454,0.378
7482000,24,110.555,-9106.04,13.4902,0.302
7484000,24,116.641,-9122.75,12.3256,0.3455
7486000,24,107.286,-9108.91,15.951,0.335
7488000,20,88.4736,-9122.89,9.4035,0.32
7490000,24,108.993,-9119.43,12.9182,0.383
7492000,25,118.062,-9119.12,14.7396,0.356
7494000,25,125.137,-9100.56,9.74229,0.353
7496000,21,105.704,-9120.57,9.23635,0.354571
7498000,20,88.7974,-9108.81,12.4749,0.33
7500000,25,124.036,-9103.86,9.1673,0.3384
7502000,24,113.988,-9108.85,10.8912,0.336
7504000,20,86.8834,-9120.75,10.2363,0.3345
7506000,22,92.8644,-9121.79,11.9593,0.323
7508000,20,84.9725,-9125.75,13.2055,0.325
7510000,23,103.981,-9109.74,11.2038,0.333462
7512000,23,112.245,-9132.63,10.0058,0.323
7514000,23,104.048,-9121,11.7988,0.323143
7516000,19,85.885,-9118.01,8.42143,0.327167
7518000,19,92.6481,-9115.72,12.5187,0.313
7520000,19,85.6505,-9125.84,8.50461,0.3055
7522000,20,91.9155,-9128.21,11.8768,0.317667
7524000,18,86.1134,-9115.59,9.59594,0.291
7526000,24,119.669,-9120.69,8.91874,0.340071
7528000,22,99.7315,-9115.59,13.8557,0.31
7530000,20,102.345,-9112.75,8.24022,0.304667
7532000,20,94.8179,-9110.41,11.4329,0.327
7534000,20,91.9746,-9109.06,14.2477,0.29
7536000,22,103.771,-9122.75,13.623,0.325
7538000,22,107.866,-9132.89,14.1346,0.336
7540000,16,75.786,-9150.22,7.52058,0.31965
7542000,19,80.7607,-9119.09,10.2514,0.301
7544000,20,90.8109,-9113.96,10.176,0.289
7546000,17,75.6771,-9127.65,10.247,0.295833
7548000,24,112.728,-9105.81,12.753,0.366
7550000,20,87.4942,-9140.9,11.166,0.3335
7552000,26,128.481,-9103.44,11.7213,0.343
7554000,21,101.75,-9100.59,11.9253,0.307
7556000,20,94.571,-9115.57,10.4387,0.321571
7558000,23,110.394,-9116.83,13.154,0.32
7560000,21,113.329,-9119.08,12.3941,0.3265
7562000,20,111.61,-9124.04,8.77927,0.331
7564000,18,85.4324,-9124.19,12.3359,0.339
7566000,23,107.671,-9129.89,17.284,0.332
7568000,23,122.291,-9115.67,9.39738,0.379
7570000,31,139.194,-9107.71,14.3873,0.353
7572000,29,133.767,-9114.62,14.4403,0.325235
7574000,24,116.118,-9107.84,11.6901,0.332
7576000,27,105.991,-9092.51,14.7529,0.349333
7578000,27,114.272,-9108.66,14.4693,0.3476
7580000,25,124.173,-9112.28,11.9563,0.3285
7582000,23,101.844,-9113.78,10.0075,0.327
7584000,26,127.499,-9119.87,9.31888,0.336667
7586000,20,96.8157,-9118.62,9.22759,0.32
7588000,26,120.604,-9128.24,14.5318,0.354
7590000,20,97.8946,-9109.58,11.0671,0.32625
7592000,23,107.692,-9131.44,12.0235,0.344
7594000,26,120.533,-9110.93,11.8362,0.3606
7596000,27,127.667,-9106.78,13.5708,0.331
7598000,20,80.8579,-9130.86,13.0099,0.3404
7600000,21,97.6497,-9125.72,11.449,0.3345
7602000,27,120.371,-9109.87,13.5141,0.343
7604000,23,108.905,-9119.03,9.30967,0.35275
7606000,20,85.3328,-9113.04,12.651,0.344333
7608000,20,97.5134,-9112.22,11.4002,0.334
7610000,23,111.122,-9127.94,10.5067,0.343
7612000,26,120.061,-9113.07,13.3394,0.342
7614000,22,100.786,-9105.88,12.1165,0.311333
7616000,22,98.6611,-9113.57,13.2346,0.332
7618000,21,105.612,-9119.56,12.1975,0.3088
7620000,25,117.14,-9111.17,12.6064,0.33025
7622000,22,108.696,-9114.97,9.38772,0.344
7624000,25,116.475,-9119.3,10.8449,0.345
7626000,22,107.671,-9137.17,7.4414,0.305
7628000,23,113.328,-9128.1,7.38166,0.3405
7630000,18,83.2008,-9120.4,7.62267,0.32
7632000,23,104.49,-9132.42,12.7852,0.358
7634000,23,115.739,-9134.39,11.5072,0.344
7636000,20,94.6054,-9113.65,12.0106,0.3276
7638000,21,90.6957,-9124.95,10.837,0.322
7640000,20,89.0045,-9129.08,12.4283,0.334167
7642000,25,125.32,-9110.76,11.6334,0.354
7644000,25,122.849,-9115.03,12.3384,0.357
7646000,30,144.622,-9118.21,14.2487,0.34
7648000,31,160.813,-9115.67,15.0386,0.361375
7650000,28,145.321,-9111.44,15.8163,0.329
7652000,25,119.111,-9112.31,17.2792,0.326
7654000,26,127.076,-9109.03,16.1938,0.337
7656000,28,135.323,-9116.63,16.2875,0.362556
7658000,25,126.13,-9099.89,13.6238,0.369
7660000,24,112.185,-9098.97,9.24268,0.339667
7662000,25,119.301,-9096.16,11.2075,0.329
7664000,26,123.452,-9094.17,14.9027,0.32
7666000,27,132.271,-9100.25,9.76802,0.342
7668000,24,109.316,-9101.87,9.98889,0.309
7670000,20,90.8054,-9122.33,12.5593,0.343097
7672000,21,100.437,-9125.92,11.3351,0.344
7674000,25,122.062,-9097.4,10.863,0.344316
7676000,27,131.662,-9095.87,11.8081,0.352
7678000,20,103.149,-9123.89,9.86792,0.319579
7680000,22,99.5558,-9116.11,11.5314,0.331
7682000,24,113.019,-9107.87,12.9252,0.319
7684000,24,117.722,-9102.66,10.5968,0.323
7686000,26,119.804,-9106.15,15.1141,0.337
7688000,22,105.885,-9116,14.8739,0.332
7690000,25,112.179,-9104.95,13.9522,0.343
7692000,23,115.993,-9112.68,9.93609,0.329333
7694000,23,107.928,-9120.09,13.4516,0.366
7696000,22,107.742,-9109.13,13.6643,0.3392
7698000,22,112.446,-9119.62,11.0713,0.344
7700000,23,105.032,-9125.65,11.8281,0.332
7702000,25,114.887,-9136.76,9.68608,0.36
7704000,24,117.809,-9128.38,10.6106,0.379
7706000,20,98.1754,-9118.34,12.8296,0.335833
7708000,21,111.688,-9111.41,9.11029,0.328
7710000,22,110.158,-9116,10.7355,0.321
7712000,21,107.393,-9128.15,9.73823,0.342786
7714000,18,90.8451,-9124.58,9.1709,0.338
7716000,22,112.733,-9122.3,8.23867,0.307
7718000,21,101.83,-9128.25,11.5761,0.322
7720000,19,96.5022,-9122.28,10.2805,0.3265
7722000,17,82.7729,-9116.75,9.07258,0.3265
7724000,17,80.0777,-9113.64,8.77511,0.29
7726000,18,82.7691,-9127.31,11.4823,0.318
7728000,18,76.4762,-9142.57,8.95907,0.333826
7730000,23,81.5181,-9133.53,17.8594,0.315222
7732000,23,111.146,-9112.07,9.63603,0.3238
7734000,25,118.849,-9108.03,19.4244,0.351
7736000,20,94.7113,-9112.35,13.9401,0.352
7738000,21,83.6024,-9118.49,8.50988,0.296
7740000,20,89.04,-9122.47,11.576,0.317
7742000,25,123.465,-9116.32,10.5594,0.347
7744000,27,128.001,-9115.95,15.0892,0.3365
7746000,28,130.088,-9108.99,18.0838,0.356
7748000,27,119.982,-9113.05,9.80896,0.3415
7750000,25,111.238,-9105.63,12.8592,0.36
7752000,20,100.285,-9113.24,10.0305,0.315
7754000,24,117.971,-9096.07,10.6756,0.33
7756000,25,125.248,-9101.86,13.4173,0.351
7758000,21,92.5678,-9111.7,13.5068,0.309167
7760000,21,98.1573,-9111.84,13.224,0.341
7762000,21,100.411,-9120.52,13.8569,0.31525
7764000,24,116.461,-9101.98,11.6883,0.342
7766000,19,92.9622,-9113.52,9.21329,0.337
7768000,20,88.9751,-9117.43,12.3064,0.344
7770000,23,113.045,-9114.36,14.6876,0.334333
7772000,25,130.526,-9106.57,11.9837,0.346
7774000,20,110.76,-9130.91,6.48143,0.315125
7776000,23,121.679,-9126.37,10.2668,0.34
7778000,20,107.271,-9131.09,8.91864,0.343111
7780000,25,132.257,-9131.67,13.6152,0.372
7782000,24,117.523,-9094.87,9.59757,0.328
7784000,17,89.0965,-9142.79,8.8631,0.339833
7786000,23,107.612,-9120.96,17.2086,0.324889
7788000,23,112.931,-9127.89,13.5133,0.364333
7790000,21,102.218,-9114.34,11.7147,0.327
7792000,20,93.5137,-9117.73,7.75263,0.349
7794000,19,79.2485,-9118.99,10.0672,0.336857
7796000,20,94.3755,-9096.85,12.4705,0.330615
7798000,21,104.4,-9105.59,11.0838,0.313
7800000,22,114.494,-9120.72,9.17119,0.312875
7802000,22,104.689,-9124.52,11.4782,0.318125
7804000,22,110.079,-9126.48,11.172,0.319333
7806000,23,97.5941,-9119.79,13.4588,0.326333
7808000,25,109.297,-9116.23,13.7424,0.348
7810000,21,88.8659,-9110.38,11.8188,0.303
7812000,23,108.218,-9121.38,10.815,0.302
7814000,25,120.346,-9114.76,17.0366,0.353
7816000,23,104.936,-9124.48,10.8404,0.341
7818000,20,94.7785,-9113.33,10.3915,0.305
7820000,19,93.5313,-9115.04,9.5044,0.336
7822000,20,102.996,-9130.6,11.028,0.322
7824000,23,110.163,-9124.75,11.7836,0.302
7826000,19,93.8918,-9118.31,6.0255,0.348
7828000,22,105.448,-9117.62,15.0182,0.327
7830000,27,129.188,-9102.73,13.4138,0.336867
7832000,25,129.549,-9113.32,11.293,0.361
7834000,17,88.3552,-9145.94,7.03159,0.314
7836000,18,80.1932,-9135.35,13.0183,0.328
7838000,22,106.288,-9120.96,11.6347,0.361111
7840000,18,86.7132,-9119.99,13.9657,0.279
7842000,17,80.9292,-9136.58,10.3089,0.3176
7844000,26,126.277,-9102.73,12.0545,0.313
7846000,30,158.722,-9096.62,10.3789,0.355
7848000,28,144.38,-9103.44,13.1214,0.34
7850000,28,143.96,-9109.33,15.4196,0.367
7852000,22,109.105,-9122.09,6.78506,0.321545
7854000,17,89.6885,-9145.03,6.1795,0.350833
7856000,17,74.7804,-9141.28,14.1255,0.301
7858000,25,116.717,-9097.8,14.4924,0.315
7860000,22,99.9686,-9118.15,12.3735,0.339773
7862000,25,121.607,-9106.5,13.32,0.354
7864000,27,131.657,-9109.28,9.87998,0.346
7866000,28,127.359,-9106.47,12.7226,0.377
7868000,22,102.258,-9096.7,13.2024,0.313
7870000,22,105.886,-9097.1,7.95727,0.321125
7872000,24,109.008,-9100.77,11.3252,0.314
7874000,25,114.829,-9091.57,14.7549,0.301
7876000,26,128.364,-9110.61,9.99599,0.368
7878000,27,131.151,-9108.13,12.7566,0.344
7880000,19,91.1779,-9140.32,10.4284,0.330792
7882000,20,104.433,-9138.58,9.69787,0.322
7884000,31,157.07,-9105.92,16.8705,0.39
7886000,27,127.175,-9102.01,18.4364,0.3425
7888000,25,118.288,-9104.79,14.946,0.31
7890000,23,107.649,-9108.68,12.9055,0.320278
7892000,25,124.189,-9107.58,12.1885,0.319
7894000,24,113.916,-9106.35,15.3876,0.33
7896000,25,126.791,-9105.95,10.3964,0.358
7898000,20,92.1424,-9137.45,11.6325,0.352
7900000,21,91.5887,-9130.6,10.2578,0.313
7902000,24,114.495,-9111.5,14.5203,0.331
7904000,28,136.764,-9122.06,16.9516,0.322
7906000,31,144.822,-9115.07,19.2338,0.345
7908000,28,142.312,-9122.3,15.351,0.339
7910000,26,119.227,-9095.21,11.6272,0.338933
7912000,21,101.631,-9120.66,14.1207,0.328
7914000,29,141.566,-9097.27,16.6781,0.317
7916000,28,136.805,-9113.42,16.1892,0.363
7918000,26,128.199,-9099.73,11.158,0.359
7920000,27,128.323,-9097.52,16.0434,0.352
7922000,24,112.815,-9107.05,14.8333,0.352
7924000,23,105.381,-9107.8,15.2645,0.335
7926000,25,127.606,-9108.08,11.9864,0.346
7928000,25,130.912,-9109.09,11.9826,0.367
7930000,27,140.549,-9105.23,13.6877,0.334
7932000,23,110.236,-9104.54,10.1764,0.341
7934000,19,88.0196,-9132.2,6.63484,0.309
7936000,18,89.9577,-9138.02,11.7637,0.357
7938000,21,97.659,-9095.72,14.7274,0.32
7940000,25,127.945,-9104.99,12.6945,0.334
7942000,24,114.77,-9105.13,11.4637,0.311
7944000,25,117.769,-9084.87,16.1827,0.323
7946000,23,105.047,-9087.06,13.9725,0.306
7948000,20,97.3839,-9117.72,13.3846,0.3341
7950000,23,112.234,-9114.09,10.8023,0.318
7952000,25,118.87,-9112.3,16.8775,0.357
7954000,29,142.594,-9107.65,9.90937,0.382
7956000,29,147.983,-9118.4,14.3184,0.352
7958000,23,116.064,-9121.36,13.6443,0.382
7960000,27,134.855,-9114.07,13.1009,0.354
7962000,23,114.488,-9118.09,14.5977,0.38
7964000,25,124.406,-9154.21,10.8805,0.333286
7966000,28,137.154,-9110.11,12.5264,0.346
7968000,21,105.423,-9126.23,11.3357,0.296
7970000,22,106.595,-9133.02,12.9739,0.31
7972000,24,117.209,-9138.29,14.6631,0.321
7974000,22,108.966,-9124.16,9.59693,0.341813
7976000,19,79.9072,-9146.74,14.1672,0.314909
7978000,20,96.2859,-9151,10.8412,0.319
7980000,22,101.429,-9116.68,14.4135,0.3376
7982000,21,99.0422,-9142.67,8.20786,0.3385
7984000,22,100.729,-9126.53,14.2477,0.323636
7986000,21,104.791,-9134.94,11.1035,0.303
7988000,21,102.044,-9135.09,11.7517,0.32
7990000,22,95.7789,-9132.38,7.61789,0.368
7992000,25,127.166,-9114.09,15.0183,0.334615
7994000,28,150.6,-9108.56,13.165,0.366
7996000,27,137.501,-9119.31,11.8841,0.368
7998000,26,133.069,-9114.71,13.4766,0.337
8000000,27,134.783,-9110.23,13.7591,0.345
8002000,26,128.724,-9104.3,12.2293,0.333
8004000,25,108.204,-9134.19,17.0731,0.321524
8006000,21,82.1881,-9130.11,15.302,0.35
8008000,20,97.624,-9152.42,9.36791,0.328231
8010000,17,80.0597,-9133.53,9.72237,0.332143
8012000,24,112.336,-9103.82,14.9855,0.3417
8014000,20,91.0985,-9130.22,9.55491,0.310333
8016000,19,81.1515,-9153.43,6.71521,0.321571
8018000,17,81.7414,-9141.16,10.3326,0.315333
8020000,23,111.891,-9102.17,12.6828,0.349
8022000,22,102.539,-9106.34,8.97914,0.327
8024000,25,111.461,-9114.29,15.8465,0.339
8026000,27,128.301,-9106.88,16.6704,0.338
8028000,27,130.776,-9096.76,17.0967,0.327
8030000,27,137.976,-9102.5,11.0283,0.381
8032000,16,77.5711,-9160.87,8.09776,0.301
8034000,26,132.557,-9105.45,11.4337,0.347
8036000,27,128.886,-9103.16,11.8157,0.342
8038000,21,106.292,-9154.92,12.5883,0.315333
8040000,23,116.949,-9149.92,9.93097,0.367
8042000,17,82.6498,-9147.31,8.32699,0.327
8044000,21,102.654,-9116.79,13.0849,0.343875
8046000,19,88.946,-9134.67,8.45465,0.339444
8048000,24,127.491,-9127.68,10.1613,0.362
8050000,20,92.6042,-9129.45,11.1398,0.336
8052000,25,120.37,-9117.33,11.3433,0.335
8054000,23,111.663,-9129,10.3262,0.335444
8056000,20,91.1388,-9153.47,8.39877,0.318
8058000,28,145.388,-9114.36,11.7686,0.338
8060000,26,129.166,-9115.7,12.7187,0.354
8062000,26,121.639,-9155.5,11.863,0.3328
8064000,23,98.4882,-9135.36,13.7151,0.366
8066000,18,91.6154,-9143.52,7.3832,0.321
8068000,18,91.2967,-9146.76,7.4398,0.304
8070000,26,120.401,-9111.35,12.0695,0.3495
8072000,26,127.052,-9119.84,19.3258,0.369
8074000,23,113.507,-9139.15,12.9053,0.322
8076000,25,136.596,-9138.73,11.5812,0.359
8078000,20,96.299,-9132.19,11.3355,0.3199
8080000,22,111.864,-9124.46,7.90603,0.318125
8082000,22,117.299,-9120.6,9.24961,0.321
8084000,24,126.848,-9124.67,9.34673,0.37
8086000,19,88.8059,-9138.19,9.62989,0.323471
8088000,18,86.5571,-9142.07,9.9032,0.332
8090000,18,83.0105,-9134.76,10.8054,0.325
8092000,26,128.498,-9139.07,13.1893,0.345615
8094000,26,133.205,-9133.1,10.3457,0.387
8096000,26,120.473,-9112.36,19.7738,0.356
8098000,25,124.936,-9111.66,11.2133,0.334286
8100000,28,146.867,-9127.14,14.6296,0.354067
8102000,35,176.488,-9111.79,20.4467,0.371
8104000,37,186.824,-9117.15,18.0195,0.387
8106000,27,127.432,-9119.04,14.5661,0.364
8108000,28,131.136,-9110.68,21.9956,0.355
8110000,25,127.813,-9112.01,11.9315,0.304
8112000,24,129.169,-9102.35,8.54532,0.354
8114000,24,112.841,-9124.26,12.5499,0.317
8116000,25,118.478,-9120.82,10.6887,0.344
8118000,26,125.83,-9132.65,17.2124,0.343263
8120000,22,111.354,-9133.43,11.5007,0.349923
8122000,22,109.954,-9125.7,11.887,0.316
8124000,20,100.841,-9141.69,10.2633,0.337
8126000,24,118.057,-9131.62,13.8229,0.31925
8128000,20,108.6,-9127.25,8.24807,0.338
8130000,20,88.6812,-9123.66,13.0032,0.347
8132000,21,105.334,-9112.14,6.63497,0.309
8134000,22,113.822,-9117.48,8.95069,0.296
8136000,17,81.2176,-9127.05,11.0311,0.320542
8138000,23,114.036,-9125.69,14.2765,0.33
8140000,20,97.5855,-9128.63,13.3616,0.3244
8142000,20,104.482,-9125.88,10.2816,0.314
8144000,22,108.614,-9129.06,11.6858,0.378
8146000,22,111.743,-9118.36,12.4338,0.316
8148000,24,125.495,-9129.44,7.98644,0.342
8150000,19,87.1949,-9121.71,12.3064,0.310625
8152000,24,121.864,-9126.39,5.62693,0.319667
8154000,24,115.339,-9131.46,16.2754,0.34
8156000,24,125.305,-9130.99,9.70731,0.362
8158000,25,135.268,-9118.17,12.5145,0.352
8160000,18,85.3743,-9127.38,10.2095,0.310286
8162000,17,81.0179,-9134.33,9.01044,0.3075
8164000,19,94.0282,-9141.64,7.40837,0.366
8166000,22,112.342,-9132.96,10.3174,0.334125
8168000,24,122.759,-9126.8,13.3485,0.317
8170000,28,137.164,-9112.71,13.9664,0.343
8172000,24,123.41,-9125.28,12.4247,0.327
8174000,27,145.049,-9124.76,9.2188,0.356
8176000,26,134.404,-9112.77,9.92713,0.355
8178000,26,124.737,-9116.37,9.81145,0.365
8180000,28,125.576,-9126.45,15.4431,0.356
8182000,28,129.508,-9118.4,13.9418,0.343
8184000,28,144.74,-9122.83,16.0577,0.357
8186000,27,130.733,-9112.68,12.0308,0.349
8188000,26,123.471,-9108.29,15.143,0.338
8190000,25,114.219,-9103.26,15.3812,0.336
8192000,23,112.97,-9110.6,11.6217,0.314
8194000,24,125.336,-9105.46,10.3997,0.349
8196000,29,148.087,-9107.39,14.1534,0.345
8198000,24,114.876,-9111.33,11.5739,0.325
8200000,27,131.879,-9115.99,15.2465,0.343231
8202000,22,101.472,-9117.99,13.7931,0.318
8204000,22,101.388,-9130.4,10.5084,0.324
8206000,24,118.318,-9107.63,14.1613,0.31
8208000,25,129.347,-9134.99,8.63793,0.3435
8210000,19,90.3675,-9112.85,9.21355,0.344
8212000,24,128.086,-9100.89,7.95549,0.3318
8214000,25,124.89,-9134.45,10.213,0.356
8216000,22,115.369,-9137.47,10.2261,0.3542
8218000,19,95.982,-9127.24,8.9458,0.304
8220000,19,88.0365,-9128.37,17.5256,0.32
8222000,23,114.838,-9125.65,13.8635,0.361
8224000,23,114.857,-9132.88,11.8382,0.315
8226000,23,111.21,-9112.72,14.8715,0.349
8228000,20,94.1388,-9119.13,13.2758,0.334
8230000,25,137.154,-9110.22,7.99293,0.368
8232000,21,101.788,-9109.53,16.9978,0.332
8234000,24,120.139,-9096.52,11.266,0.319
8236000,23,106.893,-9109.6,17.9678,0.316
8238000,24,124.003,-9119.53,10.0751,0.306
8240000,20,101.345,-9113.76,9.64133,0.308
8242000,22,112.152,-9117.98,10.4269,0.292
8244000,22,115.563,-9139.44,8.26201,0.325125
8246000,23,119.538,-9121.23,11.4765,0.303
8248000,21,91.439,-9135.12,15.4373,0.3494
8250000,16,79.6934,-9145.93,8.1054,0.316
8252000,23,110.372,-9109,15.7044,0.347
8254000,21,103.365,-9133.22,12.1926,0.352
8256000,24,119.728,-9140.54,12.6703,0.3375
8258000,22,106.184,-9133.04,10.6369,0.3535
8260000,22,98.5256,-9119.17,12.3325,0.316
8262000,20,95.8127,-9113.96,9.85575,0.345
8264000,29,142.73,-9115.85,13.1052,0.341
8266000,24,117.606,-9130.12,15.705,0.344625
8268000,20,102.134,-9139.29,8.55383,0.337
8270000,18,81.783,-9131.05,13.7765,0.321
8272000,23,103.113,-9115.05,16.1669,0.353857
8274000,23,117.729,-9139.29,9.0474,0.331
8276000,21,108.605,-9117.65,11.6968,0.325
8278000,24,112.659,-9110.56,15.4698,0.334
8280000,26,134.289,-9112.32,11.4943,0.342
8282000,24,128.242,-9106.92,9.42255,0.344
8284000,21,105.099,-9119.82,8.83692,0.34675
8286000,21,103.867,-9113.87,15.1821,0.367
8288000,24,126.719,-9125.24,15.376,0.3444
8290000,23,109.805,-9127.68,12.1724,0.349
8292000,19,78.5049,-9133.11,12.2242,0.339944
8294000,20,95.5005,-9124.63,7.30026,0.339667
8296000,20,81.473,-9134.44,9.48258,0.348667
8298000,22,95.7216,-9130.9,10.271,0.345
8300000,21,105.264,-9122.22,9.58857,0.316
8302000,19,80.9359,-9123.88,10.4744,0.3395
8304000,21,94.3293,-9125.07,10.2677,0.322333
8306000,20,99.8113,-9152.01,9.62225,0.362
8308000,22,106.774,-9109.25,10.6146,0.313143
8310000,21,102.223,-9137.02,6.88605,0.354333
8312000,21,111.095,-9143.89,11.137,0.326833
8314000,23,119.502,-9118.9,11.091,0.3342
8316000,25,118.408,-9149.75,10.9141,0.305
8318000,20,98.5498,-9139.31,9.76607,0.34
8320000,28,144.141,-9131.58,15.1446,0.334
8322000,24,116.666,-9114.29,12.4478,0.354
8324000,19,89.9323,-9132.78,7.75438,0.350692
8326000,20,101.106,-9129.74,9.54824,0.322
8328000,20,100.275,-9104.05,10.9884,0.327333
8330000,20,101.14,-9120.04,10.8925,0.327
8332000,19,94.3058,-9142.28,9.31388,0.329
8334000,19,95.3171,-9128.12,10.7012,0.34025
8336000,15,78.8835,-9142.78,4.63791,0.304222
8338000,24,109.917,-9107.95,12.7978,0.364
8340000,18,84.9056,-9131.1,10.8653,0.31875
8342000,24,108.406,-9113.87,11.1378,0.37
8344000,19,90.5626,-9131.95,8.69769,0.355
8346000,21,90.6081,-9122.69,13.1279,0.323833
8348000,21,97.1858,-9112.22,12.8164,0.327
8350000,17,85.0115,-9136.79,9.55567,0.33
8352000,23,118.072,-9121.56,11.1001,0.309
8354000,19,86.3753,-9127.47,11.4569,0.324
8356000,21,110.022,-9134.11,11.304,0.318
8358000,18,87.6151,-9137.63,11.0767,0.319
8360000,19,93.0158,-9144.61,10.9213,0.318
8362000,20,101.769,-9151.24,11.2755,0.333
8364000,22,109.161,-9127.21,12.3394,0.334083
8366000,21,98.7315,-9139.02,12.0024,0.366
8368000,21,102.594,-9129.05,14.4439,0.345
8370000,18,91.1047,-9124.2,9.04258,0.329
8372000,18,93.6499,-9125.26,7.84133,0.296
8374000,18,86.138,-9134.94,5.79188,0.327286
8376000,18,83.5256,-9131.85,7.37335,0.3204
8378000,19,87.1954,-9123.21,10.247,0.298
8380000,20,92.0026,-9128.11,9.65894,0.313
8382000,18,94.4924,-9129.93,6.64067,0.335
8384000,22,105.982,-9139.73,15.156,0.366
8386000,23,114.996,-9123.52,10.2011,0.337
8388000,20,105.82,-9130.55,7.77733,0.354333
8390000,17,85.7454,-9134.57,7.3603,0.338167
8392000,18,81.4486,-9137.89,9.98083,0.340588
8394000,17,77.4411,-9141.54,7.49569,0.312
8396000,21,98.8116,-9140.8,7.87328,0.327
8398000,23,109.358,-9131.62,10.0044,0.33
8400000,21,105.307,-9136.77,6.99234,0.33625
8402000,25,119.733,-9152.19,15.653,0.37
8404000,23,121.963,-9154.73,11.4876,0.381
8406000,23,113.823,-9139.32,11.379,0.338
8408000,23,122.297,-9134.7,7.24402,0.336
8410000,23,119.602,-9129.9,12.531,0.324
8412000,19,87.7436,-9132.02,10.3688,0.329
8414000,21,101.567,-9136.58,9.08903,0.340625
8416000,20,101.391,-9125.03,9.28677,0.328875
8418000,26,138.984,-9131.49,7.73463,0.375
8420000,24,117.962,-9127.07,12.1162,0.358
8422000,24,123.877,-9125.1,11.9371,0.343
8424000,23,104.886,-9122.6,11.5823,0.346
8426000,27,137.871,-9110.77,16.1975,0.340438
8428000,28,146.923,-9123.87,11.8968,0.378
8430000,19,84.7364,-9119.19,12.0039,0.302
8432000,28,146.873,-9110.5,11.7139,0.36125
8434000,26,130.166,-9112.08,12.2106,0.34
8436000,23,121.892,-9115.51,6.43054,0.351
8438000,23,112.938,-9105.59,11.6972,0.358
8440000,21,102.431,-9107.41,12.7768,0.321188
8442000,21,94.5839,-9111.88,15.0715,0.323
8444000,22,105.895,-9110.66,8.35807,0.344
8446000,19,94.4871,-9145.03,9.17982,0.319
8448000,20,97.4649,-9137.43,6.51231,0.306
8450000,22,106.277,-9107.26,8.91254,0.339
8452000,21,113.861,-9144.46,9.33475,0.358
8454000,26,118.181,-9099.39,22.1009,0.3409
8456000,24,116.897,-9099.98,14.4045,0.3265
8458000,26,124.182,-9101.51,13.5713,0.336
8460000,27,135.391,-9097.54,13.6754,0.32
8462000,23,112.329,-9110.39,13.6732,0.284
8464000,16,77.5377,-9143.39,6.86332,0.342
8466000,19,105.608,-9132,11.6489,0.371
8468000,17,82.4403,-9128.93,6.37395,0.304
8470000,19,96.5402,-9131.61,9.69803,0.346
8472000,21,102.257,-9112.85,9.3764,0.326
8474000,23,103.209,-9117.52,11.6818,0.309
8476000,21,100.865,-9118.47,11.3294,0.294
8478000,20,96.9454,-9144.98,14.8104,0.329125
8480000,21,98.402,-9142.27,14.2138,0.327
8482000,22,111.179,-9127.68,11.0691,0.349
8484000,23,109.734,-9110.4,12.5083,0.313
8486000,25,116.9,-9112.14,15.6757,0.334
8488000,17,85.6888,-9137.31,5.81219,0.327
8490000,26,130.168,-9112.42,11.8616,0.33275
8492000,24,116.808,-9117.91,11.7101,0.351
8494000,18,93.7902,-9114.43,8.52772,0.319
8496000,23,112.135,-9128.79,9.57161,0.358
8498000,23,108.362,-9114.7,10.7912,0.325
8500000,22,106.96,-9114.85,9.24705,0.348
8502000,22,105.239,-9113.97,11.185,0.338
8504000,19,100.732,-9129.97,8.5727,0.332
8506000,17,83.7043,-9139.23,5.75361,0.314
8508000,16,79.817,-9138.39,8.92604,0.311
8510000,19,84.5678,-9123.91,12.5512,0.309
8512000,17,76.8693,-9126.22,8.42502,0.273
8514000,18,90.1659,-9140.97,8.47711,0.317
8516000,20,100.583,-9131.84,5.89555,0.309833
8518000,21,95.668,-9131.7,11.2058,0.350667
8520000,24,111.86,-9140.29,19.9185,0.353
8522000,22,101.196,-9146.65,12.1297,0.341
8524000,22,104.062,-9134.56,10.1995,0.328
8526000,21,98.0206,-9133.95,13.1992,0.327
8528000,21,99.0127,-9128.11,8.57738,0.353
8530000,17,86.7297,-9120.99,9.45937,0.322308
8532000,17,84.5931,-9129.98,10.7699,0.317
8534000,21,95.5214,-9132.73,16.4246,0.313
8536000,20,91.222,-9126.09,8.66626,0.33225
8538000,23,110.401,-9117.21,11.6723,0.325
8540000,21,105.569,-9139.2,10.0871,0.340333
8542000,20,103.362,-9126.73,6.85784,0.356
8544000,27,139.111,-9155.38,13.3276,0.339
8546000,21,94.3651,-9137.01,14.6083,0.376
8548000,25,123.271,-9138.35,15.7882,0.339
8550000,25,116.65,-9136.67,14.5463,0.344
8552000,27,134.687,-9133.32,16.3251,0.363
8554000,18,78.9839,-9133.13,9.81243,0.355818
8556000,18,86.6178,-9127.08,8.7412,0.342786
8558000,18,85.9431,-9125.25,5.59557,0.297
8560000,18,93.4552,-9133.85,14.7225,0.324
8562000,22,107.172,-9118.32,15.2335,0.329
8564000,18,90.3515,-9127.55,7.12863,0.313
8566000,21,104.568,-9114.43,9.81841,0.335357
8568000,17,80.042,-9132.69,7.99321,0.31
8570000,24,110.466,-9108.85,10.6013,0.328091
8572000,24,120.804,-9129.6,14.0002,0.332
8574000,24,113.382,-9119.52,15.9347,0.339
8576000,26,124.568,-9121.97,16.8607,0.362
8578000,22,107.136,-9133.74,10.105,0.346
8580000,24,114.362,-9124.6,16.807,0.372
8582000,17,77.4416,-9129.09,9.09624,0.295
8584000,22,100.424,-9118.78,13.1136,0.365
8586000,20,95.8171,-9140.68,11.9047,0.319529
8588000,26,133.61,-9141.58,11.027,0.372
8590000,20,105.792,-9128.45,9.49066,0.333667
8592000,22,101.114,-9124.32,15.3907,0.333769
8594000,25,117.265,-9119.92,13.1405,0.3432
8596000,25,126.315,-9122.21,10.9661,0.352
8598000,28,132.295,-9125.2,14.2719,0.345
8600000,31,153.733,-9118.62,18.1519,0.346
8602000,23,108.126,-9129.75,12.4097,0.372
8604000,23,113.454,-9124.16,10.0124,0.319786
8606000,26,117.088,-9128.85,15.3407,0.381
8608000,19,87.846,-9121.29,11.4773,0.32
8610000,21,98.7513,-9118.56,11.0069,0.338
8612000,22,105.33,-9121.95,10.9226,0.329286
8614000,21,104.576,-9124.75,16.5685,0.3335
8616000,21,110.989,-9115.83,9.38767,0.339
8618000,22,108.978,-9123.33,14.0399,0.33
8620000,30,142.934,-9105.15,15.7849,0.36425
8622000,23,116.69,-9119.91,12.8698,0.33
8624000,25,120.742,-9121.3,13.75,0.374
8626000,31,148.623,-9115.02,12.1077,0.3672
8628000,32,149.718,-9100.21,15.1756,0.356
8630000,32,158.241,-9097.67,18.6023,0.36
8632000,36,184.665,-9107.04,17.0295,0.372
8634000,35,179.211,-9119.19,18.3512,0.399
8636000,18,91.7469,-9127.71,8.60107,0.34044
8638000,24,114.948,-9123.67,13.5408,0.334
8640000,21,101.504,-9149.91,8.0872,0.32525
8642000,22,109.014,-9123.23,10.3737,0.326
8644000,17,78.8342,-9129.37,10.5176,0.336333
8646000,20,97.7582,-9123.25,6.21633,0.3135
8648000,24,119.708,-9106.13,9.19968,0.353
8650000,22,100.493,-9114.07,11.6382,0.333
8652000,26,123.255,-9109.91,10.7024,0.3335
8654000,26,115.922,-9102.34,20.8512,0.3495
8656000,24,109.743,-9121.21,15.6231,0.31
8658000,23,107.769,-9118.01,10.4874,0.331
8660000,22,98.321,-9121.34,13.7992,0.33525
8662000,20,88.8745,-9124.86,14.4459,0.315
8664000,20,92.5986,-9121.46,11.4581,0.329
8666000,22,105.06,-9120.9,11.1447,0.34
8668000,21,107.542,-9120.57,7.01652,0.312
8670000,21,100.728,-9122.8,13.3418,0.31675
8672000,21,96.5658,-9120.37,10.5051,0.306
8674000,21,97.7003,-9125.82,10.928,0.328727
8676000,23,113.797,-9110.79,10.3836,0.33325
8678000,20,102.936,-9121.59,6.73118,0.3185
8680000,19,86.9406,-9117.51,7.43662,0.317
8682000,22,101.812,-9147.11,14.5115,0.3248
8684000,22,87.3116,-9110.97,13.8041,0.3208
8686000,21,96.0683,-9144.64,10.1504,0.323909
8688000,19,91.0368,-9142.69,8.48186,0.343
8690000,18,82.5567,-9132.41,9.30012,0.318
8692000,19,86.2745,-9126.39,11.6048,0.317
8694000,22,100.38,-9122.45,11.046,0.327333
8696000,25,132.192,-9115.06,12.1883,0.337
8698000,25,120.513,-9111.21,10.3306,0.342
8700000,24,125.454,-9132.82,8.50641,0.349
8702000,23,116.637,-9118.13,9.87656,0.331
8704000,21,88.4013,-9129.21,12.0188,0.31825
8706000,22,99.108,-9129.02,12.1858,0.341
8708000,22,96.0511,-9119.49,13.0876,0.316
8710000,20,89.494,-9123.1,8.28334,0.309
8712000,18,84.9021,-9118.45,7.99053,0.297
8714000,23,114.652,-9132.38,10.6577,0.354
8716000,19,92.9615,-9129.43,8.85458,0.31225
8718000,21,97.2232,-9126.61,13.224,0.314
8720000,20,93.4678,-9130.95,9.6644,0.295
8722000,26,117.586,-9116.87,13.6251,0.312833
8724000,24,104.778,-9115.97,8.72051,0.317
8726000,23,111.218,-9119.01,9.96318,0.341
8728000,21,91.348,-9123.67,14.4017,0.3355
8730000,19,94.0714,-9125.68,13.2351,0.315889
8732000,18,96.9481,-9132.28,8.49595,0.347
8734000,21,99.2895,-9116.69,7.11456,0.304
8736000,18,92.5932,-9129.27,13.1736,0.32
8738000,21,112.607,-9127.22,8.15167,0.321
8740000,22,111.769,-9119.9,11.2453,0.319
8742000,22,102.126,-9128.87,12.8579,0.315563
8744000,20,95.8335,-9130.74,11.2439,0.3045
8746000,21,99.2756,-9113.58,11.1313,0.323
8748000,18,89.9263,-9118.45,10.3785,0.296
8750000,29,126.994,-9112.61,14.4781,0.37
8752000,29,130.12,-9101.01,15.5592,0.37
8754000,28,132.752,-9102.12,10.6987,0.349
8756000,28,133.522,-9106.7,13.8502,0.337
8758000,28,133.004,-9104.17,12.4309,0.328
8760000,22,96.2574,-9118.61,12.0857,0.330417
8762000,23,118.519,-9115.59,11.9542,0.331
8764000,23,122.29,-9138.92,12.8102,0.331043
8766000,23,122.439,-9129.52,12.621,0.3515
8768000,22,115.791,-9119.1,11.578,0.375
8770000,20,104.021,-9122.89,6.46573,0.3385
8772000,18,94.685,-9124.79,7.41241,0.346
8774000,23,120.201,-9115.02,8.45659,0.3486
8776000,20,101.743,-9125.42,8.16233,0.333
8778000,19,91.9928,-9123.42,9.24073,0.32
8780000,25,116.234,-9110.24,9.3878,0.325667
8782000,28,127.481,-9112.38,15.3273,0.3345
8784000,28,135.901,-9129.86,14.9197,0.335
8786000,23,107.443,-9123.71,11.0858,0.341696
8788000,23,110.742,-9128.52,13.6081,0.339
8790000,21,103.883,-9120.98,10.582,0.332
8792000,21,95.1477,-9112.36,9.50097,0.325
8794000,26,130.006,-9109.07,11.9125,0.348
8796000,25,116.784,-9123.82,13.1027,0.3115
8798000,27,130.123,-9111.58,10.6454,0.337333
8800000,23,105.138,-9112.88,20.0774,0.336625
8802000,23,114.637,-9105.38,9.81555,0.3368
8804000,28,134.408,-9109.7,15.6493,0.344
8806000,27,142.141,-9125.6,14.5636,0.331
8808000,29,137.335,-9114.39,13.4596,0.34225
8810000,31,158.949,-9117.22,12.801,0.347
8812000,31,135.585,-9105.88,12.8078,0.361
8814000,28,121.757,-9110.81,13.272,0.318
8816000,24,116.29,-9114.74,12.1266,0.353444
8818000,26,125.157,-9109.28,12.8418,0.375
8820000,19,84.3417,-9130.73,14.695,0.341474
8822000,25,125.003,-9119.89,7.73632,0.33
8824000,24,112.747,-9118.61,11.508,0.343
8826000,21,100.866,-9119.57,12.4445,0.341429
8828000,21,97.597,-9111.32,17.9025,0.308
8830000,18,86.5398,-9129.69,11.559,0.3122
8832000,26,106.861,-9115.67,17.7148,0.327
8834000,20,91.2365,-9118.79,9.1327,0.33
8836000,23,116.029,-9112.36,13.0909,0.315571
8838000,29,136.491,-9118.23,14.2593,0.367
8840000,26,120.504,-9111.27,11.4075,0.319
8842000,22,110.029,-9118.92,11.39,0.313
8844000,21,95.8322,-9115.26,13.3981,0.355
8846000,24,123.197,-9086.12,10.5463,0.31675
8848000,27,139.04,-9106.48,13.7524,0.31
8850000,25,128.121,-9104.51,10.2663,0.346
8852000,28,128.444,-9096.11,15.1161,0.331
8854000,21,99.5114,-9118.22,11.9933,0.3455
8856000,23,120.3,-9118.29,6.76262,0.34013
8858000,23,114.477,-9125.83,9.35889,0.3364
8860000,23,120.598,-9124.79,13.4047,0.362
8862000,21,94.4248,-9117.02,12.4411,0.314
8864000,19,96.5213,-9113.38,8.89319,0.325
8866000,22,104.348,-9113.86,9.25577,0.315
8868000,24,117.298,-9127.92,12.5276,0.329
8870000,20,102.295,-9121.69,7.62485,0.338
8872000,25,128.469,-9114.69,8.15335,0.342
8874000,20,99.7463,-9150.29,8.34468,0.338
8876000,19,96.2215,-9137.57,10.939,0.315
8878000,21,101.319,-9117.33,11.2016,0.324167
8880000,22,106.249,-9123.09,10.7969,0.363
8882000,22,95.2953,-9111.72,12.667,0.331
8884000,22,106.802,-9106.06,13.7009,0.326571
8886000,19,97.8642,-9138.67,7.48107,0.320111
8888000,22,105.964,-9134.61,13.5395,0.353
8890000,22,109.658,-9123.83,11.5318,0.331
8892000,24,113.067,-9136.1,12.8178,0.36
8894000,26,124.376,-9118.94,9.33284,0.361
8896000,25,124.85,-9124.68,12.9772,0.335
8898000,22,101.949,-9113.46,13.3848,0.329
8900000,22,109.834,-9115.48,11.5237,0.361
8902000,24,114.673,-9106.02,11.4706,0.343882
8904000,18,83.926,-9115.41,10.2876,0.316
8906000,25,125.271,-9102.34,10.4857,0.359
8908000,21,109.227,-9143.88,7.41105,0.34175
8910000,24,129.691,-9141.04,9.66489,0.345
8912000,21,111.085,-9148.01,7.93808,0.326
8914000,19,93.5968,-9141.87,11.1812,0.328
8916000,21,98.9804,-9116.44,6.96491,0.33
8918000,27,138.741,-9128.4,14.1373,0.354091
8920000,22,106.167,-9126.32,11.7654,0.364
8922000,22,111.568,-9124.84,9.87698,0.335
8924000,23,110.702,-9124.41,15.0638,0.324
8926000,27,134.724,-9127.93,10.5414,0.349
8928000,23,108.723,-9115.31,9.62234,0.358
8930000,24,119.625,-9115.29,11.4609,0.3401
8932000,19,89.1616,-9146.69,8.76469,0.337
8934000,23,114.611,-9114.02,11.7779,0.348
8936000,25,125.326,-9109.47,13.7561,0.345947
8938000,27,131.21,-9108.73,16.4926,0.328
8940000,23,124.746,-9104.38,9.57691,0.329
8942000,24,123.638,-9107.42,10.5335,0.317
8944000,28,135.265,-9113.91,13.202,0.351
8946000,30,149.712,-9111.12,14.6218,0.367
8948000,27,129.779,-9122.76,11.757,0.348
8950000,26,141.421,-9117.99,9.71509,0.34075
8952000,25,121.894,-9126,17.6567,0.354783
8954000,23,112.899,-9119.66,12.0985,0.341
8956000,20,86.6583,-9118.11,10.1167,0.370143
8958000,21,104.54,-9129.85,6.6673,0.359
8960000,19,85.7347,-9141.52,12.8473,0.34
8962000,22,102.63,-9115.06,17.444,0.345333
8964000,22,117.682,-9106.36,8.31529,0.3
8966000,22,111.736,-9114.57,8.55644,0.307
8968000,25,121.123,-9125.57,18.4387,0.332
8970000,26,117.771,-9110.13,15.1268,0.358
8972000,28,133.909,-9103.76,15.5377,0.315
8974000,22,108.372,-9104.26,11.3406,0.338
8976000,25,120.566,-9097.68,9.32962,0.33
8978000,25,111.214,-9094.7,9.43434,0.31
8980000,29,128.442,-9101.73,23.2757,0.36
8982000,26,122.058,-9100.43,14.0066,0.336
8984000,25,117.557,-9104.03,11.3628,0.356
8986000,23,108.694,-9103.33,11.589,0.34
8988000,19,92.4766,-9128.37,9.28328,0.330264
8990000,20,102.441,-9140.11,7.78916,0.34
8992000,25,126.794,-9119.39,11.2641,0.378
8994000,22,108.193,-9128.81,14.8985,0.307
8996000,21,103.103,-9126.83,10.0004,0.355
8998000,19,87.0887,-9144.24,8.80773,0.333
9000000,21,107.846,-9108.48,6.74708,0.32775
9002000,21,104.748,-9121.72,10.442,0.33325
9004000,19,85.8548,-9130.75,11.9027,0.343
9006000,21,94.9844,-9113.33,10.2923,0.319
9008000,20,91.4101,-9121.1,8.69336,0.302
9010000,21,104.116,-9123.81,7.3111,0.31
9012000,19,88.1541,-9149.07,9.96717,0.33
9014000,22,102.986,-9140.93,10.8508,0.312
9016000,21,101.011,-9128.81,12.2693,0.343
9018000,19,88.6653,-9130.37,8.00711,0.316
9020000,19,93.017,-9120.43,11.949,0.318
9022000,24,122.756,-9124.04,13.198,0.329
9024000,25,109.488,-9111.5,14.1389,0.348
9026000,26,115.941,-9115.95,14.5629,0.32
9028000,23,111.494,-9120.78,14.2049,0.333
9030000,20,97.6935,-9121.31,10.3591,0.329
9032000,16,80.0835,-9120.75,8.01845,0.25
9034000,24,120.081,-9118.31,17.4418,0.376
9036000,23,119.06,-9123.57,12.0669,0.345
9038000,21,105.613,-9118.72,12.7924,0.316
9040000,20,90.0306,-9138.19,11.718,0.321409
9042000,20,100.204,-9131.49,9.19803,0.3086
9044000,21,104.887,-9116.15,7.82102,0.323
9046000,22,104.033,-9115.75,11.8516,0.338
9048000,23,107.867,-9117.47,9.21899,0.328
9050000,22,111.564,-9121.39,6.39955,0.326182
9052000,22,110.161,-9117.23,9.40885,0.334667
9054000,24,104.644,-9111.83,11.5577,0.345
9056000,19,83.9817,-9125.19,7.47595,0.316
9058000,24,119.171,-9119.75,10.2345,0.32775
9060000,20,90.6861,-9148.25,11.1885,0.34
9062000,23,109.476,-9118.03,10.9676,0.304
9064000,22,108.792,-9121.72,12.04,0.318
9066000,22,109.308,-9127,10.984,0.316
9068000,21,100.305,-9124.76,11.2363,0.340824
9070000,19,97.9081,-9116.42,10.4261,0.34
9072000,20,104.838,-9124.98,8.8249,0.365
9074000,23,113.28,-9124.16,15.8289,0.325071
9076000,25,123.158,-9119.12,13.7192,0.338
9078000,26,129.088,-9118.87,11.8221,0.353
9080000,27,131.358,-9108.57,13.0079,0.339
9082000,25,125.98,-9113.22,9.34518,0.356
9084000,21,97.6578,-9131.14,15.5666,0.352
9086000,20,96.0929,-9127.76,11.6683,0.359
9088000,29,141.989,-9109.41,11.1807,0.357
9090000,26,134.844,-9110.57,11.9448,0.336
9092000,27,135.708,-9117.21,15.5297,0.387
9094000,24,121.808,-9127.39,14.6763,0.3529
9096000,24,110.449,-9099.14,12.1284,0.329
9098000,28,145.012,-9111.95,11.2318,0.348
9100000,28,140.931,-9103.77,13.6731,0.371
9102000,23,101.432,-9113.02,12.3734,0.349857
9104000,20,80.3962,-9110.47,12.8329,0.335
9106000,20,90.3978,-9119.68,9.72542,0.316947
9108000,22,99.4063,-9112.68,12.1098,0.325
9110000,25,122.65,-9109.94,9.77927,0.336
9112000,24,116.79,-9118.63,9.91239,0.342
9114000,24,112.333,-9111.22,10.1313,0.3325
9116000,20,95.505,-9128.15,7.75945,0.3449
9118000,21,95.5055,-9124.43,11.4677,0.332
9120000,23,100.762,-9128.97,12.449,0.328
9122000,23,119.172,-9128.42,11.0609,0.336
9124000,17,85.2357,-9140.77,6.12263,0.313667
9126000,17,83.2913,-9128.85,8.71769,0.313
9128000,19,90.764,-9136.96,10.7331,0.353
9130000,19,96.6055,-9124.1,8.24855,0.336
9132000,22,102.838,-9120.27,11.5466,0.317
9134000,20,99.2866,-9117.44,9.10403,0.347
9136000,17,86.1069,-9133.13,5.57967,0.274
9138000,19,96.643,-9115.93,11.7042,0.322
9140000,20,101.022,-9116.41,9.14566,0.318
9142000,23,117.365,-9137.14,15.39,0.330909
9144000,18,87.2573,-9137.75,10.125,0.331
9146000,17,82.5571,-9127.34,10.4302,0.304556
9148000,18,94.1088,-9135.28,8.46372,0.34
9150000,18,78.435,-9140.43,12.1377,0.3118
9152000,20,88.4988,-9139.32,12.0128,0.323
9154000,20,87.6369,-9127.22,10.7686,0.3485
9156000,26,122.734,-9110.88,17.0004,0.32
9158000,22,112.509,-9117.7,9.49064,0.344
9160000,27,125.208,-9113.28,11.2769,0.352
9162000,24,107.653,-9105.59,16.6857,0.327
9164000,23,109.947,-9113.32,7.86619,0.312
9166000,24,108.356,-9110.86,14.603,0.3035
9168000,23,113.214,-9110.01,13.7865,0.342444
9170000,19,96.5496,-9107.06,7.74827,0.316
9172000,18,80.6594,-9128.83,9.714,0.330889
9174000,18,72.8403,-9130.27,9.651,0.315
9176000,20,102.346,-9106.29,7.80614,0.335667
9178000,23,109.592,-9120.02,12.1317,0.339
9180000,22,104.816,-9119.7,13.4663,0.374
9182000,21,101.534,-9109.53,12.5668,0.344
9184000,23,108.814,-9115.76,10.7851,0.316
9186000,19,92.6523,-9141.01,10.6593,0.341833
9188000,25,109.48,-9088.91,15.9148,0.322846
9190000,23,116.506,-9109.46,11.2157,0.385
9192000,24,124.922,-9124.62,10.5161,0.345
9194000,27,129.403,-9111.04,13.5353,0.324
9196000,24,117.854,-9125.18,11.2168,0.348
9198000,26,134.9,-9092.28,11.479,0.353
9200000,21,97.2236,-9125.11,9.13556,0.323231
9202000,24,118.198,-9109.19,10.8433,0.339333
9204000,25,111.517,-9100.98,21.6543,0.322667
9206000,18,85.6225,-9135.64,6.6013,0.313
9208000,23,106.8,-9112.94,14.2607,0.324
9210000,22,97.8298,-9112.18,15.3641,0.34
9212000,24,107.509,-9096.81,11.7458,0.32
9214000,25,119.238,-9106.57,10.2547,0.338
9216000,29,131.713,-9100.86,22.8736,0.37
9218000,32,156.357,-9097.73,15.7627,0.368
9220000,30,138.497,-9102.83,15.0096,0.349
9222000,25,126.201,-9123.38,11.6106,0.354263
9224000,33,161.734,-9107.24,14.0992,0.36375
9226000,31,160.502,-9097.82,15.2122,0.399
9228000,26,139.131,-9097.57,14.3737,0.351
9230000,25,123.372,-9098.98,12.4319,0.327
9232000,25,126.772,-9104.98,14.6807,0.338
9234000,25,126.837,-9099.99,11.4216,0.323
9236000,25,122.781,-9109.88,15.2379,0.321
9238000,25,118.315,-9109.46,14.8884,0.369
9240000,23,116.507,-9105.8,10.2914,0.324
9242000,22,99.1213,-9103.5,10.1306,0.314
9244000,23,96.236,-9131.24,13.0374,0.35
9246000,22,87.2362,-9138.32,12.2516,0.336
9248000,26,118.174,-9120.88,13.0921,0.338857
9250000,24,115.676,-9114.22,15.5796,0.360536
9252000,23,113.992,-9108.86,13.2909,0.346
9254000,22,105.54,-9108.41,13.9548,0.288
9256000,25,116.226,-9103.26,13.0724,0.34
9258000,27,126.079,-9117.46,18.3433,0.332
9260000,28,120.966,-9111.29,15.2119,0.316833
9262000,23,111.204,-9123.34,12.3097,0.355
9264000,25,113.654,-9113.54,9.90534,0.313
9266000,23,100.756,-9114.75,12.8604,0.323235
9268000,23,112.101,-9125.92,8.74787,0.311
9270000,22,88.4728,-9122.27,13.2541,0.348
9272000,22,102.609,-9109.49,11.5875,0.335
9274000,20,87.0329,-9127.49,11.1258,0.331
9276000,23,116.353,-9134.9,11.1263,0.344091
9278000,20,94.2118,-9129.75,7.67396,0.35
9280000,18,87.7806,-9120.07,7.55475,0.343889
9282000,23,106.431,-9115.71,16.5084,0.346
9284000,19,87.2589,-9128.53,8.85524,0.314444
9286000,19,92.9917,-9138.36,10.246,0.332667
9288000,17,82.0199,-9136.68,10.1002,0.32
9290000,18,89.7122,-9134.54,9.08201,0.297
9292000,24,107.961,-9138.84,15.1869,0.312
9294000,19,87.4714,-9127.6,8.52479,0.344
9296000,23,105.605,-9126.53,13.3693,0.346
9298000,19,83.064,-9124.86,10.7672,0.36
9300000,18,83.9319,-9122.65,7.8643,0.295
9302000,16,70.702,-9129.12,6.18898,0.2975
9304000,20,93.1897,-9119.48,12.861,0.322
9306000,21,102.331,-9115.47,12.3585,0.324
9308000,19,88.2815,-9136.92,13.6569,0.3336
9310000,20,100.838,-9136.06,9.49678,0.3475
9312000,21,105.417,-9118.58,11.1305,0.299
9314000,17,80.5353,-9145.86,12.7896,0.33025
9316000,16,83.5065,-9151.01,6.72399,0.339
9318000,23,115.743,-9123.67,10.9835,0.3342
9320000,18,92.7246,-9140.8,6.92127,0.341
9322000,22,100.19,-9128.86,11.1932,0.332
9324000,23,118.085,-9139.63,8.70381,0.343714
9326000,19,94.7732,-9131.25,10.6959,0.333
9328000,21,97.0116,-9141.76,11.5189,0.301
9330000,21,88.9221,-9121.04,11.9822,0.303
9332000,22,98.5265,-9114.54,12.6097,0.305
9334000,21,93.0704,-9106.1,15.6786,0.345
9336000,24,104.23,-9119.72,13.6427,0.371
9338000,22,102.245,-9116.18,9.13232,0.331
9340000,23,112.69,-9118.67,13.8759,0.352
9342000,26,125.393,-9113.5,14.9903,0.347
9344000,25,116.291,-9111.63,12.8278,0.347
9346000,19,95.3581,-9136.28,9.08484,0.317
9348000,21,108.196,-9129.05,9.55023,0.3331
9350000,24,117.195,-9120.33,11.8193,0.343
9352000,27,133.109,-9117.55,15.6379,0.365
9354000,24,115.158,-9108.46,8.45293,0.333667
9356000,24,106.167,-9112.64,11.035,0.333
9358000,25,114.708,-9103.03,11.4273,0.345
9360000,23,109.464,-9112.28,10.1522,0.369
9362000,23,104.426,-9116.6,10.3293,0.341
9364000,17,86.5044,-9150.19,7.05303,0.329647
9366000,21,106.971,-9139.32,9.07087,0.377
9368000,18,91.35,-9132.88,8.98933,0.342
9370000,18,95.1095,-9130.83,8.76903,0.3165
9372000,18,91.8778,-9120.01,8.6791,0.299
9374000,21,106.916,-9124.32,11.5745,0.323
9376000,25,124.6,-9115.93,12.4836,0.349667
9378000,22,104.394,-9118.6,12.8904,0.319
9380000,17,86.8737,-9124.28,5.73786,0.3238
9382000,20,92.3319,-9109.55,10.7847,0.33675
9384000,20,104.723,-9134.02,9.26867,0.316
9386000,20,97.7395,-9122.95,14.6428,0.328714
9388000,21,106.631,-9136.84,13.3161,0.318333
9390000,24,116.689,-9122.59,13.5673,0.327333
9392000,20,92.4292,-9117.91,12.946,0.338
9394000,21,100.237,-9118.2,9.56678,0.295
9396000,19,90.21,-9116.96,5.81075,0.313
9398000,21,101.455,-9119.35,11.5614,0.335
9400000,23,120.021,-9116.54,10.7914,0.335
9402000,26,134.422,-9120.78,13.861,0.375
9404000,25,126.859,-9124.66,8.39162,0.375
9406000,22,100.51,-9113.41,9.14763,0.321
9408000,21,91.1055,-9137.49,12.5944,0.334
9410000,25,111.497,-9118.33,12.6725,0.349167
9412000,22,106.055,-9110.78,9.43878,0.336
9414000,21,91.2702,-9128.53,18.0706,0.32325
9416000,20,88.535,-9120.62,13.17,0.341
9418000,21,105.764,-9120.39,14.544,0.323
9420000,23,121.172,-9123.3,10.8803,0.356
9422000,21,100.212,-9113.96,11.1397,0.331
9424000,22,108.08,-9125.23,12.9167,0.345
9426000,23,98.6124,-9142.26,17.903,0.329
9428000,19,94.9588,-9120.66,9.74989,0.326143
9430000,19,90.3217,-9129.75,7.10028,0.341
9432000,18,80.3856,-9138.74,12.421,0.328333
9434000,24,117.612,-9119.93,11.2682,0.341556
9436000,19,84.6581,-9139.95,11.7548,0.327667
9438000,22,113.253,-9136.37,12.8418,0.36
9440000,17,87.0882,-9132.3,4.43565,0.344
9442000,22,111.799,-9128.62,11.9345,0.344
9444000,24,123.555,-9132.33,15.9335,0.349
9446000,18,84.8415,-9124.01,7.94914,0.326333
9448000,18,94.056,-9131.31,7.49404,0.338
9450000,20,107.35,-9137.04,9.02063,0.314
9452000,22,111.07,-9132.44,8.42095,0.341
9454000,21,100.097,-9133.73,13.2836,0.3455
9456000,22,104.129,-9120.02,9.39269,0.352
9458000,20,104.797,-9120.02,11.712,0.335231
9460000,22,107.67,-9116.67,8.99803,0.32775
9462000,24,113.137,-9128.58,10.8803,0.37
9464000,23,124.774,-9130.93,10.884,0.333
9466000,22,112.651,-9126.08,6.57977,0.352
9468000,21,103.306,-9125.7,9.64617,0.3335
9470000,19,93.0025,-9116.06,9.00357,0.354
9472000,18,90.1607,-9110.06,10.0592,0.341
9474000,25,123.055,-9124.18,15.4294,0.338571
9476000,18,84.5441,-9137.69,6.6187,0.313636
9478000,20,92.4805,-9143.98,12.2418,0.326
9480000,22,114.989,-9122.34,8.67251,0.33
9482000,20,108.077,-9126.92,8.2979,0.35
9484000,26,129.333,-9119.6,15.0139,0.350667
9486000,22,102.288,-9112.49,14.0952,0.33
9488000,20,98.8254,-9112.98,11.6782,0.306
9490000,19,99.0005,-9118.01,12.9926,0.327
9492000,19,98.0355,-9131.13,10.9494,0.317385
9494000,19,95.1162,-9130.75,9.78525,0.334
9496000,25,122.375,-9124.48,15.619,0.323
9498000,26,137.189,-9119.88,10.5072,0.37
9500000,25,122.154,-9097.98,15.4034,0.33
9502000,25,122.854,-9112.72,13.6592,0.316
9504000,25,118.748,-9122.12,12.3491,0.34
9506000,22,113.339,-9122.68,12.1907,0.308
9508000,20,96.7173,-9124.02,17.6546,0.314
9510000,29,152.573,-9111.3,13.4511,0.361
9512000,27,132.106,-9109.28,13.6771,0.345
9514000,23,110.522,-9112.21,11.3388,0.36
9516000,27,130.963,-9106.94,16.9994,0.327385
9518000,26,137.178,-9111.42,11.5515,0.356
9520000,27,129.925,-9095.76,13.2595,0.338
9522000,18,90.1762,-9135.96,9.16577,0.346929
9524000,18,82.3878,-9133.95,9.48852,0.292
9526000,22,106.99,-9112.52,9.77067,0.33825
9528000,24,120.879,-9111.84,12.2607,0.317286
9530000,21,108.861,-9117.45,6.78749,0.318667
9532000,23,117.746,-9121.58,11.5725,0.352
9534000,24,108.701,-9102.05,11.168,0.329333
9536000,27,125.469,-9087.06,14.606,0.311
9538000,25,119.884,-9091.11,11.1309,0.315
9540000,25,118.831,-9108.14,10.2041,0.338429
9542000,25,111.15,-9103.5,12.217,0.3505
9544000,24,108.051,-9094.03,13.5835,0.363
9546000,25,120.358,-9112.62,14.615,0.336625
9548000,24,118.844,-9117.15,11.2979,0.366333
9550000,25,126.305,-9116.29,15.3794,0.347
9552000,20,100.907,-9141.63,8.68239,0.332545
9554000,22,116.223,-9129.84,8.45265,0.335
9556000,20,94.7013,-9131.48,11.5874,0.325
9558000,20,97.1551,-9125.29,13.4482,0.359
9560000,23,106.101,-9094.74,15.6012,0.323
9562000,21,96.4961,-9111.69,11.804,0.355
9564000,22,104.146,-9125.28,9.89399,0.301
9566000,20,93.9569,-9111.99,12.6303,0.337
9568000,20,90.3338,-9112.11,13.0964,0.329
9570000,27,114.726,-9100.51,23.9819,0.336
9572000,27,136.762,-9107.21,12.3215,0.309
9574000,25,122.709,-9115.77,10.6452,0.367
9576000,22,102.819,-9116.39,9.75984,0.381
9578000,21,99.1117,-9128.3,14.3673,0.318167
9580000,25,118.714,-9124.34,12.8694,0.343667
9582000,26,127.623,-9105.57,9.8997,0.333
9584000,21,105.708,-9131.58,7.92892,0.328
9586000,19,99.7978,-9132.64,9.56732,0.348
9588000,18,89.8319,-9119.3,11.9135,0.297
9590000,21,105.842,-9121.1,11.1649,0.323
9592000,22,109.34,-9130.46,10.9434,0.36
9594000,28,131.064,-9111.35,14.6623,0.344
9596000,25,112.021,-9114.07,11.4466,0.349
9598000,21,102.613,-9121.53,10.9549,0.313167
9600000,25,126.596,-9115.89,12.997,0.309
9602000,23,118.982,-9124.15,9.52075,0.349
9604000,22,115.955,-9126.54,10.878,0.362
9606000,22,105.3,-9101.24,10.0085,0.312667
9608000,23,105.839,-9110.01,11.5275,0.305
9610000,24,115.825,-9118.8,11.416,0.3218
9612000,25,121.684,-9110.68,12.3504,0.328
9614000,26,128.659,-9098.33,10.5544,0.314
9616000,26,117.447,-9102.05,13.4268,0.354
9618000,23,106.763,-9126.53,10.2101,0.308333
9620000,22,102.525,-9103.51,14.123,0.309
9622000,21,97.4482,-9108.19,10.6154,0.357
9624000,20,95.5861,-9116.54,9.60239,0.326
9626000,24,116.711,-9117.91,12.1548,0.326
9628000,23,110.378,-9112.67,11.8635,0.317
9630000,26,126.872,-9105.49,13.1332,0.356
9632000,27,131.183,-9098.51,17.2218,0.334
9634000,25,128.047,-9116.1,9.66729,0.327167
9636000,24,130.056,-9123.03,7.85355,0.373
9638000,23,106.52,-9127.39,12.1526,0.34
9640000,26,129.314,-9115.16,17.7279,0.337
9642000,24,116.43,-9120.62,11.959,0.31975
9644000,21,104.048,-9118.65,11.175,0.342273
9646000,21,108.369,-9121.17,9.00361,0.366
9648000,21,104.093,-9121.72,12.5957,0.353
9650000,23,107.781,-9126.08,14.0662,0.355
9652000,19,84.7857,-9115.92,10.9264,0.328556
9654000,22,114.216,-9136.44,7.40743,0.351333
9656000,24,115.004,-9119.72,12.3413,0.339
9658000,25,125.511,-9113.21,13.5651,0.3414
9660000,21,114.497,-9126.26,8.11297,0.352
9662000,18,83.254,-9138.6,16.5585,0.3382
9664000,17,81.1196,-9133.51,11.7557,0.348429
9666000,20,102.064,-9121.35,10.3501,0.30625
9668000,26,122.037,-9117.02,14.0946,0.329167
9670000,29,145.456,-9119.4,11.0965,0.331
9672000,22,110.535,-9128.8,12.1226,0.349
9674000,26,120.713,-9127.63,13.5816,0.356
9676000,23,119.246,-9121.2,8.6983,0.353
9678000,20,103.227,-9126.83,9.7271,0.324
9680000,23,110.553,-9103.15,8.13882,0.350385
9682000,21,86.3553,-9106.55,14.6869,0.342833
9684000,21,105.369,-9132.73,13.6636,0.331
9686000,22,105.313,-9123.9,12.2577,0.359
9688000,19,91.2509,-9115.51,11.5024,0.353
9690000,20,101.526,-9117.98,13.0336,0.344
9692000,20,101.23,-9133.44,12.4091,0.364
9694000,19,96.7651,-9119.14,9.24487,0.337
9696000,20,97.7085,-9133.67,12.504,0.334
9698000,21,100.201,-9123.11,10.6481,0.36
9700000,27,131.897,-9106.11,13.0422,0.324095
9702000,26,127.455,-9104.6,11.8401,0.336
9704000,21,94.5378,-9119.83,13.8101,0.33
9706000,17,82.0741,-9129.51,9.81882,0.312
9708000,26,112.551,-9088.74,17.8872,0.3335
9710000,23,116.294,-9121.17,12.0153,0.326
9712000,28,124.741,-9117.48,14.4358,0.34
9714000,23,112.27,-9130.96,13.0844,0.343
9716000,22,106.924,-9130.16,10.2801,0.33
9718000,23,102.644,-9110.48,18.0755,0.326667
9720000,24,105.933,-9100.23,16.466,0.307
9722000,25,128.132,-9129.05,8.50476,0.356933
9724000,25,121.563,-9116.22,14.7193,0.341286
9726000,26,129.541,-9116.11,12.7509,0.322
9728000,27,138.704,-9103.85,11.9551,0.364
9730000,26,122.202,-9115.35,15.9756,0.314
9732000,26,124.279,-9117.57,13.667,0.344222
9734000,21,94.6445,-9114.72,10.5449,0.297
9736000,24,107.068,-9121.95,12.4936,0.351
9738000,22,96.5496,-9123.72,10.892,0.334
9740000,25,119.873,-9117.87,10.3838,0.328
9742000,25,113.168,-9126.2,13.1409,0.329
9744000,22,98.2561,-9111.97,8.75194,0.327667
9746000,20,90.9802,-9129.12,8.07359,0.297
9748000,21,98.1552,-9107.94,11.1303,0.286
9750000,22,100.545,-9119.84,9.7007,0.341611
9752000,21,93.7976,-9108.81,9.79025,0.326222
9754000,19,83.8857,-9134.97,11.5527,0.3012
9756000,20,88.9082,-9121.94,9.30888,0.335
9758000,20,96.0258,-9116.24,6.97342,0.328
9760000,20,87.7872,-9115.55,7.76138,0.3215
9762000,22,98.9249,-9120.96,11.0494,0.347
9764000,23,105.659,-9110.59,12.394,0.332
9766000,21,105.006,-9108.66,9.0787,0.316
9768000,24,120.023,-9113.37,15.7852,0.354
9770000,25,123.006,-9104.03,9.47582,0.345
9772000,26,120.229,-9115.26,14.8801,0.359
9774000,25,108.534,-9109.97,20.0746,0.331
9776000,25,126.289,-9128.99,12.9008,0.308818
9778000,22,105.784,-9124.28,14.6795,0.343
9780000,22,109.376,-9121.38,8.76095,0.31825
9782000,24,116.402,-9130.89,9.32937,0.35
9784000,24,110.897,-9120.89,15.271,0.331
9786000,24,117.72,-9112.91,12.6764,0.316
9788000,26,125.131,-9125.46,14.093,0.352571
9790000,30,141.073,-9114.61,17.1129,0.381
9792000,28,132.263,-9117.24,15.6191,0.377
9794000,28,131.237,-9123.26,15.4561,0.373
9796000,21,85.3958,-9118.18,11.6884,0.337
9798000,24,109.838,-9124.23,13.3185,0.356
9800000,25,113.671,-9120.09,14.9856,0.335
9802000,21,95.8497,-9122.6,11.8318,0.332737
9804000,24,126.015,-9125.78,10.1909,0.335
9806000,22,117.771,-9122.59,9.42811,0.346
9808000,24,113.822,-9120.72,12.7597,0.3545
9810000,21,107.198,-9125.37,7.89901,0.334667
9812000,22,100.069,-9129.26,14.8667,0.32876
9814000,20,99.9684,-9128.61,7.20118,0.321
9816000,20,95.8861,-9134.01,11.0593,0.3155
9818000,19,91.801,-9132.46,11.4918,0.354333
9820000,22,103.676,-9115.28,8.92209,0.323273
9822000,20,99.0621,-9131.03,7.14541,0.342333
9824000,18,87.1017,-9138.18,8.06248,0.29
9826000,17,77.5857,-9140.85,9.85281,0.327
9828000,18,86.0126,-9115.27,9.57239,0.313182
9830000,22,115.183,-9107.46,10.8722,0.328
9832000,24,122.782,-9101.6,10.4782,0.351
9834000,25,120.259,-9108.53,15.3661,0.32
9836000,27,125.671,-9106.11,17.3964,0.337
9838000,22,102.967,-9126.14,15.0656,0.323
9840000,20,98.139,-9124.25,11.6672,0.371
9842000,22,111.433,-9125.12,11.807,0.35
9844000,19,93.0869,-9121.86,11.9535,0.314
9846000,20,97.0797,-9114.81,7.59605,0.2955
9848000,21,90.2046,-9122.43,12.5209,0.314
9850000,24,118.09,-9120.83,11.645,0.329
9852000,21,103.557,-9107.12,10.6624,0.317
9854000,21,103.538,-9136.02,14.1208,0.32
9856000,21,105.961,-9125.43,7.24017,0.32875
9858000,21,102.999,-9123.81,13.2326,0.333575
9860000,19,91.9078,-9122.03,8.35783,0.312
9862000,18,86.7279,-9122.05,9.0538,0.293
9864000,23,118.294,-9138.73,7.08511,0.33
9866000,23,116.378,-9122.39,11.5973,0.31
9868000,21,106.623,-9134.87,8.47857,0.367
9870000,24,124.741,-9129.83,12.024,0.32875
9872000,23,114.101,-9138.03,12.7139,0.308
9874000,21,107.558,-9124.07,8.60319,0.3555
9876000,22,112.221,-9129.93,7.91398,0.343429
9878000,20,79.7645,-9116.87,14.3032,0.320636
9880000,23,94.9307,-9120.42,11.9898,0.309
9882000,22,111.426,-9128.06,13.0962,0.327143
9884000,27,116.12,-9111.1,12.8441,0.352333
9886000,27,121.21,-9108.99,12.0938,0.306
9888000,22,118.52,-9128.45,8.11966,0.355333
9890000,24,112.837,-9134,16.7919,0.351
9892000,27,119.854,-9101.46,12.6299,0.349
9894000,26,110.407,-9119.67,15.0516,0.344
9896000,22,110.113,-9131.25,14.5481,0.326308
9898000,28,136.679,-9111.96,12.9078,0.406
9900000,28,139.149,-9115.28,12.1644,0.382
9902000,25,131.194,-9119.42,14.2132,0.361
9904000,23,111.663,-9116.64,13.6622,0.358
9906000,28,127.232,-9108.07,16.857,0.355273
9908000,23,113.112,-9112.14,9.81047,0.353
9910000,26,127.612,-9110.37,15.6318,0.339
9912000,26,130.498,-9102.65,11.7913,0.361
9914000,27,135.564,-9110.12,13.4565,0.373
9916000,18,92.6738,-9140.38,8.27473,0.33
9918000,22,93.3538,-9106.3,9.92601,0.316
9920000,19,97.8763,-9145.3,7.51871,0.3295
9922000,20,105.928,-9112.18,5.74778,0.33675
9924000,19,87.7284,-9112.69,8.20434,0.296
9926000,17,87.1896,-9122.3,9.63412,0.309
9928000,18,80.6915,-9125.11,9.40086,0.294
9930000,19,96.9251,-9132.24,7.75123,0.319
9932000,21,91.8142,-9131.89,11.7561,0.3
9934000,19,94.335,-9125.96,11.3914,0.329
9936000,18,78.3879,-9108.61,9.53653,0.3
9938000,18,86.8622,-9125.35,10.7101,0.32725
9940000,22,111.62,-9124.55,10.2758,0.336
9942000,25,123.162,-9130.28,10.6722,0.305
9944000,19,97.274,-9126.16,7.74514,0.3235
9946000,16,82.5427,-9137.94,6.78338,0.314423
9948000,19,91.8032,-9120.24,7.44107,0.313
9950000,17,83.4552,-9138.74,8.55472,0.306
9952000,20,90.1098,-9119.67,8.28529,0.312
9954000,21,102.229,-9116.04,10.667,0.333
9956000,21,96.5549,-9107.71,11.2589,0.35
9958000,21,100.894,-9106.57,9.8447,0.313
9960000,27,132.697,-9105.77,11.6686,0.358
9962000,23,110.883,-9110.86,15.6336,0.342
9964000,24,113.949,-9107.11,10.1652,0.304778
9966000,26,113.75,-9139.41,12.8955,0.338647
9968000,24,117.897,-9112.26,13.6986,0.37
9970000,24,112.527,-9108.21,13.8408,0.340167
9972000,26,127.553,-9105.65,12.2028,0.356
9974000,25,111.971,-9101.65,15.9896,0.352
9976000,22,96.439,-9110.64,13.7082,0.316333
9978000,20,100.741,-9128.58,11.7353,0.344
9980000,17,87.3492,-9137.31,8.41421,0.309733
9982000,19,97.0654,-9133.38,7.47401,0.318
9984000,19,89.6648,-9126.9,10.2008,0.318
9986000,20,92.3345,-9112.24,8.47282,0.298
9988000,21,95.2263,-9114.99,11.3727,0.312
9990000,25,117.917,-9120.29,17.4248,0.3305
9992000,23,112.231,-9104.59,12.6908,0.349
9994000,22,102.06,-9119.7,10.2217,0.337
9996000,19,98.9989,-9127.72,8.49597,0.316706
9998000,17,78.366,-9137.73,12.1753,0.325143
10000000,22,106.396,-9117.17,8.08948,0.340833
10002000,17,90.9962,-9139.24,5.8791,0.3204
10004000,22,103.336,-9114.9,10.7117,0.339
10006000,19,87.0652,-9114.91,13.7909,0.336
10008000,16,84.8189,-9138.78,5.63237,0.313333
10010000,21,97.1458,-9111.85,11.7863,0.304
10012000,25,124.693,-9111.51,12.4919,0.3525
10014000,27,123.962,-9109.8,9.1965,0.384
10016000,25,120.09,-9106.04,10.2611,0.318
10018000,20,105.933,-9133.46,8.24183,0.3309
10020000,18,89.8695,-9129.47,13.5308,0.339
10022000,20,103.661,-9128.59,9.80224,0.319
10024000,23,107.788,-9107.96,12.6919,0.361
10026000,22,89.4415,-9114.67,12.8077,0.357
10028000,21,87.3761,-9106.62,13.2607,0.332
10030000,17,82.7762,-9121.92,8.60313,0.349875
10032000,18,85.6693,-9125.46,16.1148,0.325
10034000,20,85.0784,-9119.65,13.0183,0.329667
10036000,19,102.034,-9134.12,7.92281,0.327
10038000,20,95.6179,-9126.96,11.2116,0.337
10040000,22,99.4717,-9121.16,9.90965,0.3166
10042000,17,82.1504,-9136.6,9.3772,0.322222
10044000,18,87.9775,-9133.42,8.23359,0.3274
10046000,20,97.2708,-9121.54,11.3428,0.291
10048000,17,83.7241,-9134.56,7.98028,0.304
10050000,20,94.8912,-9126.15,11.4752,0.3
10052000,19,91.045,-9122.29,6.62172,0.336833
10054000,22,108.64,-9137.1,11.2955,0.35
10056000,23,104.75,-9139.96,8.13528,0.344
10058000,22,95.2443,-9116.14,14.7959,0.342667
10060000,18,85.5584,-9135.53,11.4378,0.319063
10062000,20,99.8267,-9132.69,10.6021,0.3205
10064000,21,98.0208,-9127.34,10.9909,0.324929
10066000,16,76.5767,-9127.14,7.83182,0.303
10068000,17,90.9212,-9141.69,7.21628,0.3234
10070000,18,95.8861,-9141.48,9.03089,0.317
10072000,18,95.9518,-9143.3,9.20687,0.334
10074000,19,87.4975,-9125.35,11.5691,0.322
10076000,20,93.1291,-9147.38,8.4872,0.334167
10078000,20,99.3851,-9120.45,7.45453,0.304
10080000,16,75.1249,-9157.8,6.23474,0.33825
10082000,15,72.4018,-9141.47,10.7013,0.322625
10084000,22,108.07,-9137.28,10.7096,0.326111
10086000,23,114.968,-9140.14,11.1074,0.333
10088000,19,93.0794,-9148.86,8.43178,0.341
10090000,21,96.9221,-9120.73,11.2126,0.339
10092000,17,75.9567,-9131.88,8.75648,0.319333
10094000,22,106.975,-9130.17,16.1729,0.341
10096000,18,91.4445,-9146.43,9.73541,0.322062
10098000,17,80.7442,-9151.41,8.8203,0.3238
10100000,17,77.3217,-9148.83,11.5983,0.324
10102000,18,80.545,-9125.28,8.61826,0.313286
10104000,19,96.0546,-9138.86,7.69971,0.31975
10106000,16,71.6316,-9143.56,7.6895,0.305
10108000,21,104.074,-9129.71,8.55211,0.308
10110000,20,101.369,-9134.08,7.07391,0.337
10112000,18,97.0494,-9128.59,7.24982,0.32
10114000,18,76.4983,-9123.47,9.83143,0.323333
10116000,18,91.2567,-9129.62,8.69457,0.324667
10118000,22,111.1,-9146.17,10.822,0.338
10120000,17,90.2139,-9132.29,9.46008,0.334
10122000,18,86.3117,-9129.78,14.7866,0.304
10124000,20,101.434,-9141.01,11.9897,0.339
10126000,17,87.2152,-9139.83,9.57733,0.326
10128000,23,113.881,-9129.51,15.1327,0.335
10130000,16,80.7293,-9135.87,8.74024,0.337
10132000,17,88.2725,-9142.83,7.69469,0.329
10134000,23,100.26,-9109.06,12.5542,0.347
10136000,21,102.769,-9128.85,11.4012,0.344
10138000,20,97.4576,-9115.79,9.34166,0.328
10140000,19,89.1206,-9126.62,13.0634,0.332
10142000,20,102.008,-9125.72,9.44136,0.323
10144000,18,87.8225,-9143.42,8.26084,0.3155
10146000,19,88.3438,-9124.45,10.0422,0.322667
10148000,20,95.2314,-9128.93,9.47683,0.326667
10150000,18,93.8816,-9151.22,9.10692,0.313333
10152000,21,102.237,-9126.81,7.08362,0.33
10154000,22,107.432,-9117.2,12.7484,0.327
10156000,23,119.583,-9128.14,10.953,0.355
10158000,23,124.085,-9126.85,10.4946,0.371
10160000,18,95.9685,-9132.52,7.7091,0.319364
10162000,18,84.5078,-9137.41,14.6093,0.365
10164000,19,94.4555,-9138.91,11.8516,0.3305
10166000,18,88.8575,-9132.89,9.89537,0.286
10168000,20,98.5387,-9132.21,11.2332,0.3264
10170000,17,81.4817,-9142.3,5.14856,0.291
10172000,22,101.507,-9119.82,12.3358,0.329385
10174000,17,89.0427,-9136.83,7.60004,0.309
10176000,18,80.5078,-9139.01,11.8751,0.332115
10178000,24,106.901,-9106.37,10.2678,0.351
10180000,23,113.733,-9118.09,11.5288,0.338
10182000,26,123.805,-9114.89,10.099,0.337
10184000,24,119.676,-9121.14,13.8866,0.373
10186000,21,106.1,-9140.43,10.0014,0.37
10188000,24,120.012,-9125.99,13.8731,0.3675
10190000,23,104.479,-9139.93,12.5247,0.332733
10192000,19,96.8893,-9141.06,6.62229,0.326
10194000,21,100.621,-9123.71,10.0346,0.3226
10196000,20,96.4742,-9137.07,8.95644,0.34
10198000,17,73.0339,-9136.49,10.2889,0.314
10200000,22,105.562,-9120.39,9.25263,0.3254
10202000,20,94.0915,-9122.78,8.26559,0.31
10204000,18,81.9475,-9126.34,12.8874,0.3055
10206000,20,95.0697,-9116.7,10.6568,0.32
10208000,19,96.3034,-9117.43,6.6601,0.312
10210000,22,105.532,-9121.96,9.62031,0.338
10212000,25,119.777,-9122.9,10.8929,0.32575
10214000,21,99.5083,-9141.42,11.2229,0.331455
10216000,22,92.9477,-9126.8,13.032,0.337667
10218000,19,97.1367,-9149.53,9.02205,0.321
10220000,19,93.5108,-9142.87,9.84874,0.325
10222000,24,118.286,-9133.77,15.27,0.3305
10224000,19,92.975,-9126.11,10.0415,0.334
10226000,21,97.5663,-9122.9,13.1508,0.33175
10228000,18,84.6936,-9126.79,6.04557,0.321111
10230000,20,97.0515,-9140.47,7.04255,0.333
10232000,22,117.775,-9126.76,9.76795,0.322
10234000,22,107.661,-9122.23,11.6527,0.319
10236000,26,135.12,-9108.86,12.501,0.321
10238000,28,126.106,-9096.9,22.3905,0.351
10240000,27,128.606,-9099.98,11.6781,0.332
10242000,30,142.688,-9102.5,18.3154,0.332
10244000,26,127.471,-9092.31,9.52881,0.383
10246000,28,126.487,-9095.94,16.4402,0.339
10248000,25,117.581,-9103.78,10.2343,0.343
10250000,21,107.63,-9128.55,9.78575,0.355
10252000,21,98.7278,-9121.67,11.829,0.307
10254000,20,97.9456,-9120.9,9.93312,0.33
10256000,19,92.6687,-9111.96,10.0964,0.293
10258000,23,116.214,-9124.49,12.7152,0.332
10260000,22,115.061,-9127,7.55295,0.333357
10262000,24,104.845,-9118.92,13.4011,0.357
10264000,25,110.971,-9113.53,17.0937,0.3436
10266000,23,109.5,-9125.95,16.666,0.318
10268000,23,110.047,-9105.55,9.75238,0.33
10270000,24,114.483,-9105.53,12.4579,0.321
10272000,23,107.23,-9126.63,15.8649,0.322
10274000,23,106.328,-9115.44,15.4383,0.336
10276000,22,101.934,-9119.35,16.9436,0.336
10278000,22,88.4437,-9123.84,11.2255,0.314
10280000,22,93.3821,-9121.24,13.4268,0.297
10282000,19,80.6893,-9117.44,9.47429,0.324333
10284000,21,93.7998,-9110.91,11.0955,0.342
10286000,19,90.4874,-9123.24,10.9356,0.291
10288000,23,104.495,-9120.35,8.98969,0.335
10290000,20,90.8334,-9126.27,8.34547,0.306
10292000,19,87.3964,-9128.05,10.8617,0.311
10294000,21,101.405,-9116.26,10.2069,0.35
10296000,25,123.422,-9115.2,12.5026,0.322
10298000,24,121.232,-9112.14,12.656,0.35
10300000,20,99.3129,-9125.98,11.229,0.33
10302000,22,106.721,-9140.01,13.594,0.325231
10304000,23,107.957,-9107.24,14.3864,0.338
10306000,24,115.758,-9113.12,9.22408,0.336
10308000,17,88.1271,-9134.46,7.8196,0.294
10310000,24,117.938,-9107.2,9.99252,0.3275
10312000,21,98.5067,-9119.95,12.8796,0.321636
10314000,22,109.058,-9140.67,11.9357,0.319833
10316000,20,93.325,-9136.81,15.1731,0.337
10318000,22,108.501,-9124.72,7.38797,0.346889
10320000,23,121.821,-9116.99,11.2779,0.33
10322000,24,129.986,-9127.05,11.8198,0.395
10324000,27,135.868,-9126.76,13.6701,0.358
10326000,17,82.5492,-9129.63,10.4407,0.352714
10328000,23,107.321,-9123.32,12.4557,0.340267
10330000,21,97.1837,-9114.2,10.3818,0.304
10332000,21,106.639,-9117.82,8.63189,0.341
10334000,25,119.687,-9122.31,16.3443,0.331833
10336000,23,106.213,-9127.53,14.4763,0.36
10338000,24,120.409,-9120.18,10.4382,0.339
10340000,23,108.459,-9127.74,14.5345,0.347143
10342000,20,93.4037,-9121.23,15.4662,0.352333
10344000,25,121.249,-9115.31,12.9658,0.333
10346000,21,103.663,-9123.13,10.0213,0.33575
10348000,20,98.022,-9119.78,9.51414,0.327588
10350000,22,110.233,-9123.37,10.9723,0.335
10352000,23,118.311,-9124.2,11.6082,0.295
10354000,22,114.526,-9114.6,10.3346,0.335
10356000,21,106.272,-9116.98,16.4817,0.334
10358000,24,122.645,-9112.87,12.9876,0.32
10360000,23,112.852,-9111.88,9.06517,0.352
10362000,21,98.7288,-9109.85,9.62017,0.303
10364000,18,90.631,-9130.93,9.66911,0.343375
10366000,21,94.3781,-9117.26,12.2662,0.326
10368000,22,112.913,-9113.76,7.82881,0.299667
10370000,19,88.4017,-9131.37,9.0626,0.297714
10372000,20,97.0288,-9134.25,7.9248,0.316
10374000,21,111.085,-9137.14,9.48139,0.352
10376000,26,126.092,-9120.11,11.8506,0.351
10378000,24,111.738,-9107.72,12.0876,0.322
10380000,22,103.812,-9105.54,9.9931,0.308
10382000,24,111.419,-9105.25,15.5235,0.304
10384000,21,102.826,-9127.98,9.77216,0.3418
10386000,20,98.5209,-9126.45,12.3491,0.325
10388000,22,117.87,-9121.03,7.99352,0.357
10390000,21,106.021,-9115.14,12.3971,0.341
10392000,20,98.0492,-9109.28,10.1737,0.324565
10394000,19,83.7309,-9125.22,10.182,0.297
10396000,19,86.1501,-9115.22,11.9807,0.324273
10398000,22,108.294,-9128.27,10.0819,0.322
10400000,20,94.9978,-9126.99,10.4284,0.313
10402000,23,110.277,-9129.2,12.8413,0.33975
10404000,21,96.0812,-9122.97,13.5737,0.287
10406000,23,104.351,-9101.8,15.656,0.331
10408000,21,97.0354,-9143.29,13.2164,0.329286
10410000,26,122.039,-9121.08,11.2856,0.332
10412000,20,101.102,-9122.66,9.98058,0.344
10414000,23,101.85,-9109.23,14.8711,0.331
10416000,21,100.075,-9113.03,12.4387,0.319
10418000,23,118.906,-9128.52,9.84865,0.329
10420000,25,123.286,-9116.73,11.2661,0.365
10422000,28,135.11,-9113.73,18.0411,0.327
10424000,24,114.883,-9121.58,12.3017,0.391
10426000,21,94.8666,-9116.47,10.0091,0.327
10428000,22,107.035,-9126.37,10.3968,0.350167
10430000,21,98.1286,-9115.3,12.8168,0.329
10432000,20,98.1539,-9116.05,6.75336,0.306
10434000,21,92.8523,-9117.53,10.0349,0.305
10436000,22,113.091,-9119.17,9.0309,0.345
10438000,21,98.3416,-9113.65,15.351,0.327
10440000,20,101.783,-9119.46,9.09165,0.324
10442000,21,96.5736,-9113.81,10.176,0.328
10444000,22,99.9352,-9114.5,15.5835,0.3412
10446000,20,84.385,-9129.57,8.56603,0.306
10448000,24,125.9,-9135.49,11.4142,0.342385
10450000,22,108.302,-9139.89,11.2456,0.377
10452000,19,82.7337,-9125.61,12.4663,0.31292
10454000,22,93.0735,-9110.61,9.15659,0.3212
10456000,23,103.846,-9115.64,10.2473,0.34
10458000,25,114.999,-9135.91,12.3841,0.368
10460000,25,113.972,-9108.65,12.128,0.331143
10462000,25,114.539,-9113.75,14.6838,0.331
10464000,23,103.524,-9127.29,17.2938,0.321
10466000,18,94.2647,-9139.42,8.77447,0.319
10468000,20,96.1524,-9139.99,11.1247,0.3095
10470000,22,102.074,-9121.99,10.5241,0.343333
10472000,21,91.659,-9125.96,11.4631,0.318
10474000,20,86.7645,-9117.81,15.8006,0.352
10476000,18,85.2521,-9132.94,9.57728,0.325
10478000,21,108.664,-9138.67,10.0025,0.341
10480000,22,108.744,-9110.79,11.8803,0.317
10482000,22,111.197,-9108.02,9.98851,0.339
10484000,22,105.08,-9106.1,12.1196,0.348
10486000,19,88.6019,-9117.7,11.9419,0.3
10488000,23,94.592,-9103.51,14.134,0.347
10490000,20,84.0773,-9101.49,9.18933,0.313
10492000,24,110.029,-9111.92,11.9663,0.33
10494000,20,92.5024,-9122.98,11.4476,0.322
10496000,20,96.1645,-9139.49,9.9046,0.326
10498000,23,109.014,-9143.17,12.6649,0.357
10500000,24,105.838,-9119.82,15.6639,0.354333
10502000,20,93.0264,-9123.63,6.40982,0.319
10504000,21,96.2731,-9123.71,9.11427,0.287
10506000,27,122.919,-9129.82,12.9838,0.326
10508000,22,102.57,-9093.98,9.84358,0.298
10510000,23,108.183,-9108.28,7.84611,0.322
10512000,21,110.825,-9140.86,5.3085,0.337667
10514000,25,119.446,-9111.94,11.8582,0.356
10516000,25,118.351,-9107.34,13.8384,0.327
10518000,21,98.88,-9127.21,11.7957,0.343778
10520000,22,108.35,-9107.95,11.091,0.363
10522000,20,84.5695,-9115.17,10.6528,0.32
10524000,24,113.371,-9095.59,15.8254,0.3415
10526000,21,95.4869,-9104.48,12.2311,0.324
10528000,24,118.211,-9112.77,11.946,0.336
10530000,22,102.653,-9113.33,11.5625,0.326
10532000,27,129.396,-9117.5,10.6157,0.338
10534000,18,83.7135,-9118.27,11.9081,0.333455
10536000,27,130.288,-9124.56,9.19527,0.33
10538000,25,113.995,-9125.3,13.8651,0.36
10540000,19,86.5536,-9120.68,8.6987,0.294
10542000,20,89.5077,-9131.32,12.5613,0.2985
10544000,18,77.9482,-9127.25,9.54971,0.369
10546000,18,87.2502,-9126.98,10.6915,0.322
10548000,17,73.5861,-9125.26,10.7595,0.336
10550000,17,76.1047,-9131.52,12.1241,0.301
10552000,17,83.8403,-9133.81,8.99852,0.326167
10554000,21,103.97,-9127.22,12.6272,0.323
10556000,21,101.074,-9143.3,12.1211,0.332
10558000,22,102.481,-9119.94,15.7434,0.345857
10560000,23,113.382,-9109.3,9.35996,0.362
10562000,26,121.467,-9121.02,12.8157,0.373
10564000,18,86.7161,-9119.98,10.8182,0.3361
10566000,19,91.2433,-9124.28,12.5158,0.334824
10568000,23,100.129,-9128.85,15.2266,0.365333
10570000,31,140.635,-9124.91,12.2845,0.363
10572000,25,122.646,-9136.63,14.2885,0.346
10574000,26,132.335,-9131.98,14.0321,0.3575
10576000,23,111.713,-9124.26,16.0085,0.341
10578000,19,92.9092,-9124.65,11.5587,0.3266
10580000,20,97.8882,-9125.6,10.0331,0.332
10582000,23,109.348,-9115.36,13.7815,0.343
10584000,23,106.64,-9114.6,7.76617,0.337133
10586000,21,97.482,-9114.99,12.3864,0.347
10588000,23,113.353,-9138.29,12.8687,0.3414
10590000,19,87.6661,-9125.15,8.61628,0.338308
10592000,20,105.935,-9130.22,9.36712,0.317667
10594000,20,90.791,-9132.47,13.8852,0.317
10596000,20,94.6039,-9123.91,12.1991,0.297
10598000,18,87.5833,-9121.5,8.65049,0.34725
10600000,20,76.3175,-9108,12.2453,0.337267
10602000,22,109.849,-9112.11,10.3445,0.356
10604000,26,133.622,-9116.97,11.436,0.34
10606000,25,114.784,-9114.58,12.9611,0.358
10608000,24,107.817,-9102.89,13.4834,0.328
10610000,24,109.86,-9121.41,11.2568,0.34
10612000,23,100.606,-9126,14.6799,0.367
10614000,25,105.41,-9112.6,13.8059,0.369
10616000,22,98.4433,-9120.79,12.5579,0.339
10618000,22,91.5059,-9121.08,8.8148,0.328
10620000,19,95.5928,-9133.28,12.3939,0.321625
10622000,19,89.6886,-9130.37,8.61356,0.334708
10624000,19,87.896,-9127,9.41268,0.354
10626000,19,89.5121,-9133.65,11.03,0.309
10628000,17,71.5498,-9135.06,12.4846,0.326
10630000,17,81.6291,-9132.78,10.2396,0.28
10632000,25,115.987,-9107.11,14.154,0.328
10634000,18,89.3517,-9124.46,9.22658,0.298
10636000,23,105.837,-9119.21,12.3469,0.335
10638000,21,90.5054,-9100.74,11.2471,0.308
10640000,22,105.164,-9108.95,9.40862,0.308
10642000,23,114.839,-9115.34,11.7691,0.362
10644000,26,126.9,-9106.34,12.0011,0.366
10646000,27,135.046,-9102.23,11.8166,0.365
10648000,27,127.092,-9116.73,13.1074,0.337
10650000,21,98.3888,-9130.03,12.97,0.323045
10652000,26,120.925,-9111.83,16.7817,0.345
10654000,20,96.2294,-9136.24,11.5938,0.32195
10656000,22,106.529,-9117.05,11.6346,0.32
10658000,21,108.002,-9135.25,12.2166,0.362
10660000,17,83.5656,-9117.34,5.88788,0.331667
10662000,20,94.6768,-9106.11,9.16576,0.317833
10664000,22,96.0196,-9107.1,12.3656,0.336
10666000,22,97.2554,-9110.63,12.7095,0.344
10668000,21,96.2792,-9109.74,10.108,0.332
10670000,19,92.978,-9148.05,8.88164,0.32995
10672000,19,99.2564,-9130.72,9.09051,0.32
10674000,22,119.82,-9122.38,10.9948,0.365
10676000,17,81.7517,-9143.35,8.91264,0.324
10678000,19,92.1823,-9142.56,8.14948,0.341
10680000,20,85.4144,-9117.92,10.6391,0.317727
10682000,18,91.973,-9124.05,5.5393,0.345
10684000,17,91.0645,-9132.75,7.08399,0.318
10686000,18,84.2693,-9127.96,10.9571,0.31
10688000,17,81.3226,-9134.23,9.19534,0.305
10690000,21,89.2511,-9114.13,8.52571,0.317
10692000,19,101.443,-9134.41,7.40407,0.307
10694000,19,90.0327,-9127.44,9.56014,0.329
10696000,21,100.653,-9118.7,11.3841,0.329667
10698000,21,99.5953,-9125.62,15.8686,0.349
10700000,22,107.86,-9110.81,8.75706,0.354
10702000,21,94.9325,-9111.08,13.274,0.31
10704000,23,113.712,-9119.64,14.7019,0.339
10706000,21,106.092,-9127.32,12.653,0.356
10708000,19,100.417,-9132.6,9.29944,0.339
10710000,21,104.241,-9117.5,9.58589,0.34
10712000,24,124.538,-9115.97,15.789,0.36
10714000,26,139.023,-9124.6,14.3793,0.345
10716000,26,142.51,-9115.56,10.4956,0.352
10718000,29,150.561,-9125.08,12.5376,0.366
10720000,22,99.3933,-9108.24,12.763,0.326231
10722000,23,116.413,-9123.37,14.5421,0.328
10724000,17,82.3511,-9134.43,7.14836,0.329
10726000,22,100.197,-9115.44,8.51468,0.331
10728000,21,92.172,-9115.52,13.0529,0.283
10730000,23,107.5,-9125.76,14.1296,0.303
10732000,20,84.8613,-9124.15,12.6112,0.326
10734000,17,80.0955,-9139.48,8.78491,0.321
10736000,25,133.986,-9109.11,8.73406,0.348
10738000,20,93.3327,-9120.72,13.4256,0.291
10740000,19,92.7667,-9124.15,8.72494,0.322
10742000,18,76.0543,-9123.91,8.39884,0.334
10744000,19,94.092,-9122.72,11.6815,0.30975
10746000,18,80.9721,-9129.43,11.9414,0.305
10748000,18,84.6085,-9126.73,11.7871,0.3042
10750000,19,88.8739,-9140.77,14.9461,0.306333
10752000,25,108.289,-9121.98,14.6075,0.337333
10754000,23,109.806,-9112.93,12.5882,0.301389
10756000,23,113.043,-9117.19,12.0035,0.337
10758000,22,113.465,-9116.14,8.28283,0.345
10760000,25,124.434,-9106.66,13.4453,0.307
10762000,27,132.365,-9109.06,12.7641,0.335
10764000,26,124.655,-9108.02,11.0155,0.34
10766000,26,129.25,-9122.32,13.5243,0.36
10768000,25,124.363,-9110.94,11.1737,0.341
10770000,26,128.268,-9112.19,14.5126,0.334
10772000,22,111.654,-9110.29,14.4059,0.325
10774000,24,113.387,-9117.82,13.7344,0.3319
10776000,24,110.371,-9106.63,16.9812,0.3365
10778000,24,114.428,-9113.29,13.3983,0.357667
10780000,29,147.486,-9107.76,17.4818,0.35
10782000,29,144.658,-9105.34,13.6319,0.368
10784000,27,129.496,-9108.27,11.9116,0.368
10786000,22,105.15,-9128.09,10.3753,0.322943
10788000,26,133.433,-9128.79,13.8972,0.3536
10790000,23,108.491,-9108.24,15.8718,0.335
10792000,20,104.187,-9131.18,10.4969,0.313
10794000,22,101.396,-9122.96,11.4835,0.328625
10796000,24,109.363,-9106.09,12.449,0.324
10798000,26,116.302,-9105.43,10.4,0.331
10800000,27,119.305,-9108.13,12.7901,0.3305
10802000,24,118.829,-9113.76,12.0831,0.34
10804000,27,137.442,-9122.13,15.6912,0.334
10806000,25,123.385,-9123.14,11.4034,0.352
10808000,24,121.861,-9110.28,8.63798,0.337857
10810000,24,123.477,-9107.84,8.69711,0.317
10812000,25,121.606,-9099.6,16.9673,0.353
10814000,24,114.566,-9109.58,11.7155,0.33
10816000,17,88.3626,-9132.61,9.08242,0.320619
10818000,17,88.2156,-9133.21,8.87503,0.3075
10820000,18,86.7781,-9132.31,12.7266,0.301
10822000,20,88.0795,-9110.26,12.9408,0.294
10824000,23,116.47,-9112.14,8.53798,0.325
10826000,23,113.919,-9116.88,9.32115,0.326
10828000,26,119.825,-9115.79,11.5068,0.365
10830000,22,102.104,-9125.63,9.52578,0.32387
10832000,19,89.4635,-9120.34,8.59256,0.319
10834000,22,105.697,-9120.23,9.8171,0.330667
10836000,23,114.753,-9113.91,10.4992,0.344
10838000,24,116.767,-9115.9,9.82813,0.378
10840000,19,81.5364,-9139.08,12.3369,0.326
10842000,31,155.974,-9112.07,14.9508,0.353
10844000,26,129.007,-9124.73,14.4501,0.354
10846000,24,114.369,-9118.3,13.918,0.339471
10848000,23,110.867,-9123.6,11.6825,0.366
10850000,25,127.01,-9111.42,14.7473,0.335
10852000,22,103.172,-9123.28,15.0316,0.371
10854000,20,99.9294,-9128.97,7.35994,0.323
10856000,20,103.507,-9126.36,6.10419,0.3467
10858000,19,96.1876,-9132.05,11.4486,0.3626
10860000,26,124.793,-9115.42,13.9288,0.377
10862000,19,96.9708,-9130.35,7.09212,0.331
10864000,19,88.3806,-9128.02,12.2712,0.311
10866000,20,99.4821,-9123.1,10.0336,0.317545
10868000,22,106.158,-9123.27,9.61471,0.356
10870000,28,136.724,-9114.58,16.2033,0.373
10872000,20,90.6238,-9115.98,12.349,0.33325
10874000,22,102.781,-9110.8,10.0136,0.337
10876000,24,111.972,-9120.83,13.7035,0.348
10878000,24,108.994,-9107.71,12.9321,0.333
10880000,23,110.512,-9112.04,7.89212,0.339
10882000,18,84.7439,-9116.82,9.94018,0.306
10884000,22,98.7178,-9137.38,10.9623,0.337421
10886000,21,97.6161,-9123.25,8.39979,0.342
10888000,22,101.776,-9119.46,9.33951,0.303
10890000,20,81.1032,-9119.56,17.1589,0.289
10892000,19,83.895,-9117.29,7.25745,0.330786
10894000,18,87.6599,-9137.7,7.7177,0.325
10896000,19,93.0253,-9138.44,9.81307,0.322
10898000,23,105.187,-9128.19,12.0276,0.346
10900000,22,101.376,-9110.35,12.099,0.322143
10902000,16,81.7652,-9131.65,9.83431,0.304
10904000,23,106.628,-9126.04,11.545,0.315214
10906000,16,75.254,-9142.35,7.85007,0.313
10908000,21,99.7332,-9138.42,12.4177,0.329
10910000,24,117.827,-9131.24,13.1261,0.339
10912000,20,97.1012,-9127.39,13.9154,0.3305
10914000,21,101.564,-9124.24,8.96439,0.3369
10916000,21,90.1756,-9129.45,11.9884,0.3214
10918000,22,98.5362,-9139.57,12.8242,0.3395
10920000,21,101.307,-9132.5,9.18966,0.317
10922000,24,115.371,-9122.88,13.0178,0.332
10924000,22,96.355,-9130.22,16.9444,0.334
10926000,24,121.212,-9125,10.3953,0.348
10928000,20,89.4485,-9114.09,11.2035,0.32
10930000,22,101.459,-9106.81,10.4923,0.327176
10932000,24,118.363,-9129.05,14.6197,0.353
10934000,23,96.0431,-9124.41,12.6708,0.3276
10936000,19,87.2419,-9129.96,9.94108,0.321412
10938000,20,92.8713,-9142.72,9.64189,0.317
10940000,23,107.127,-9113.14,9.60712,0.360857
10942000,19,77.8103,-9119.61,8.43242,0.349571
10944000,20,89.3205,-9123.88,8.00179,0.342571
10946000,19,89.147,-9114.18,8.05883,0.306
10948000,25,121.432,-9110.34,14.0691,0.335143
10950000,24,113.744,-9098.92,15.7519,0.315
10952000,25,115.967,-9104.79,15.5631,0.291
10954000,18,83.947,-9126.6,8.14511,0.313
10956000,25,107.394,-9115.15,16.2584,0.307
10958000,25,114.68,-9101.28,13.5604,0.331
10960000,18,80.264,-9134.01,7.82069,0.302
10962000,18,92.4783,-9128.71,5.85528,0.312
10964000,19,98.859,-9140.17,8.61901,0.3145
10966000,26,114.022,-9115.94,14.9048,0.334
10968000,24,111.046,-9122.96,14.848,0.321571
10970000,22,100.597,-9131.33,11.2721,0.352667
10972000,25,105.14,-9103.45,14.292,0.327333
10974000,26,119.601,-9100.47,10.0216,0.343
10976000,26,121.363,-9096.03,17.2347,0.34
10978000,25,112.668,-9091.77,18.4386,0.28
10980000,28,122.726,-9094.32,14.9225,0.323
10982000,26,122.841,-9097.55,10.4551,0.345
10984000,26,126.532,-9111.97,14.932,0.327
10986000,24,118.286,-9130.77,12.2256,0.340286
10988000,20,95.0509,-9125.55,12.7427,0.286
10990000,21,99.8561,-9127.51,13.4151,0.343
10992000,24,106.806,-9099.41,17.2282,0.327
10994000,23,95.217,-9119.54,14.3934,0.336261
10996000,24,104.343,-9125.75,14.1789,0.292
10998000,25,119.631,-9102.32,14.4897,0.3372
11000000,31,144.756,-9108.88,23.7974,0.351
11002000,36,165.375,-9099.29,17.446,0.383
11004000,22,106.323,-9116.66,9.88975,0.337
11006000,20,98.854,-9128.09,6.08156,0.3202
11008000,26,125.313,-9101.46,13.7174,0.31
11010000,28,128.177,-9111.16,17.1957,0.335
11012000,22,107.965,-9138.43,9.73319,0.315
11014000,19,87.8488,-9129.88,10.3723,0.315556
11016000,29,128.556,-9102.56,12.8758,0.3244
11018000,29,127.423,-9093.72,13.758,0.322
11020000,24,109.375,-9116.09,9.87012,0.372
11022000,21,104.909,-9140.35,11.4475,0.326333
11024000,30,146.994,-9115.31,14.5168,0.39
11026000,29,135.658,-9107.03,14.0871,0.363
11028000,17,84.6984,-9126.97,9.56034,0.324923
11030000,24,109.01,-9115.29,15.4656,0.328
11032000,26,118.627,-9115.68,21.2979,0.34
11034000,21,107.414,-9146.2,12.5109,0.337667
11036000,26,126.401,-9123.42,13.5871,0.3615
11038000,17,87.8106,-9142.15,8.48812,0.34075
11040000,22,102.215,-9123.38,16.6708,0.316
11042000,20,95.0914,-9100.26,8.72633,0.3252
11044000,21,105.811,-9108.9,10.8168,0.343
11046000,22,109.037,-9116.84,11.0085,0.325
11048000,21,101.359,-9122.3,12.2487,0.328
11050000,19,93.4428,-9123.03,13.0017,0.334
11052000,17,80.4873,-9133.75,7.88814,0.322167
11054000,18,91.6466,-9118.61,7.16926,0.321333
11056000,20,95.8929,-9125.23,10.6849,0.3115
11058000,22,104.336,-9134.46,11.1556,0.342667
11060000,25,106.378,-9135.46,17.6651,0.352
11062000,19,70.4912,-9127.71,18.0076,0.3199
11064000,17,66.9868,-9126.4,14.021,0.291
11066000,20,96.2284,-9122.56,9.35182,0.309
11068000,20,100.348,-9115.81,9.94731,0.307
11070000,20,100.392,-9117.61,8.30174,0.3135
11072000,21,92.9766,-9116.51,18.3791,0.309
11074000,22,115.03,-9149.78,12.2603,0.329
11076000,26,119.902,-9121.34,14.6622,0.324
11078000,23,110.384,-9113.7,7.77616,0.338
11080000,24,119.091,-9118.68,14.0762,0.315
11082000,20,104.853,-9122.1,9.10945,0.305
11084000,20,92.0233,-9127.87,13.1089,0.304
11086000,22,113.747,-9107.98,7.77506,0.308
11088000,24,128.315,-9117.33,8.86044,0.329
11090000,26,120.399,-9114.59,12.3724,0.363667
11092000,27,131.79,-9112.23,10.0833,0.335667
11094000,30,153.875,-9106.62,16.6528,0.37
11096000,22,113.298,-9123.89,9.76918,0.3432
11098000,18,86.1644,-9130.46,9.70933,0.326857
11100000,27,144.118,-9105.8,9.47749,0.364
11102000,21,103.689,-9123.81,11.5756,0.319
11104000,25,128.281,-9116.27,10.5459,0.33925
11106000,25,109.556,-9122.74,22.9799,0.349
11108000,25,122.37,-9121.5,11.5076,0.3435
11110000,18,89.7986,-9138.98,11.1509,0.321
11112000,24,128.732,-9129.66,12.2293,0.341
11114000,23,124.042,-9137.44,9.27232,0.331667
11116000,23,103.421,-9113.01,9.4518,0.327333
11118000,25,108.785,-9116.32,13.5647,0.353
11120000,22,100.926,-9125.96,8.83853,0.328471
11122000,25,125.734,-9116.23,11.5554,0.339667
11124000,25,114.87,-9111.45,14.0009,0.346
11126000,23,111.057,-9112.96,10.9971,0.301
11128000,23,108.259,-9114.85,10.8979,0.3175
11130000,24,116.059,-9121.66,13.0025,0.328
11132000,22,96.1534,-9123.94,12.9654,0.356
11134000,18,93.0215,-9139.92,6.16571,0.333
11136000,18,87.0702,-9134.92,6.17608,0.312
11138000,21,101.092,-9127.22,12.2927,0.327783
11140000,23,104.11,-9125.93,13.8175,0.337625
11142000,24,108.431,-9125.53,12.3559,0.318
11144000,20,100.871,-9142.23,10.5087,0.326
11146000,19,86.9632,-9113.02,10.5087,0.3165
11148000,19,85.1617,-9112.58,13.244,0.324333
11150000,21,110.148,-9136.48,11.8689,0.334
11152000,20,99.3763,-9133.94,10.5897,0.374
11154000,22,116.997,-9129.07,8.05553,0.334
11156000,24,105.715,-9122.09,10.4124,0.331176
11158000,26,134.386,-9133.24,12.0702,0.367
11160000,26,129.477,-9129.5,12.0008,0.3865
11162000,28,129.392,-9127.93,16.0323,0.367
11164000,26,133.114,-9122.88,12.3995,0.344
11166000,26,132.652,-9130.96,12.1718,0.353
11168000,26,142.795,-9114.83,9.12571,0.345
11170000,20,86.74,-9115.63,12.4759,0.309
11172000,20,89.2369,-9115.83,12.7432,0.329
11174000,19,75.4564,-9117.35,14.6331,0.346
11176000,20,82.8315,-9110.23,10.2418,0.323
11178000,19,83.5174,-9112.1,9.75428,0.308
11180000,22,109.902,-9116.16,11.9363,0.356167
11182000,19,95.4995,-9121.81,8.81264,0.32
11184000,21,111.911,-9132.95,10.2691,0.3248
11186000,23,96.4731,-9113.34,14.8566,0.326875
11188000,22,111.989,-9113.81,11.382,0.3332
11190000,24,112.287,-9102.8,15.3831,0.332
11192000,24,115.189,-9115.32,11.7334,0.327
11194000,23,111.825,-9115.45,10.4831,0.309
11196000,24,119.248,-9127.97,8.59913,0.339
11198000,18,92.1096,-9129.95,11.7246,0.341214
11200000,19,99.0158,-9130.43,10.0466,0.335
11202000,22,114.897,-9117.94,6.57258,0.328
11204000,19,88.2725,-9106.57,6.30895,0.286
11206000,20,82.2256,-9113.87,13.0106,0.332
11208000,17,77.2875,-9129.67,12.1616,0.315188
11210000,20,98.3996,-9114.15,12.9855,0.3187
11212000,20,100.34,-9108.2,7.39015,0.304
11214000,22,106.085,-9129.45,14.1681,0.319
11216000,25,124.382,-9134.36,13.4102,0.319
11218000,23,99.051,-9111.84,12.0678,0.331
11220000,22,96.74,-9109.8,15.955,0.309
11222000,23,93.1215,-9113.84,14.8893,0.327
11224000,25,107.103,-9100.9,10.8614,0.347
11226000,20,92.8568,-9125.62,10.7863,0.328684
11228000,24,116.768,-9109.82,10.5345,0.351333
11230000,23,109.835,-9123.09,13.9741,0.349
11232000,24,116.56,-9113.24,10.8234,0.326
11234000,23,115.394,-9120.42,9.85733,0.329
11236000,22,99.2432,-9107.66,10.2,0.330857
11238000,23,100.74,-9115.19,12.4634,0.3445
11240000,21,108.107,-9116.66,7.86887,0.291
11242000,22,115.858,-9109.26,9.58573,0.337
11244000,21,98.5312,-9101.89,11.974,0.329
11246000,24,116.201,-9116.51,11.4787,0.337
11248000,26,133.641,-9111.33,14.429,0.3357
11250000,28,145.942,-9110.12,13.2979,0.355
11252000,21,104.272,-9125.85,9.28667,0.317
11254000,21,108.975,-9113.04,11.7925,0.346
11256000,23,120.819,-9106.95,11.1082,0.308
11258000,22,110.27,-9118.47,9.82367,0.347
11260000,20,97.705,-9111.27,11.1815,0.33
11262000,22,118.129,-9125.22,8.37707,0.316
11264000,21,100.231,-9117.88,15.4322,0.352
11266000,24,123.862,-9107.38,8.95569,0.338
11268000,24,119.505,-9109.54,16.2286,0.345
11270000,23,116.556,-9109.97,9.43686,0.347
11272000,21,107.176,-9106.1,11.9104,0.34
11274000,23,108.959,-9106.95,9.61137,0.326
11276000,19,82.2771,-9141.69,16.2357,0.296
11278000,19,94.805,-9117.45,10.3956,0.308
11280000,20,100.023,-9093.15,5.96179,0.303
11282000,24,122.93,-9128.86,12.2316,0.345
11284000,23,113.987,-9117.19,12.7345,0.3325
11286000,22,108.544,-9121.88,8.95256,0.333
11288000,23,106.089,-9109.08,7.97532,0.324
11290000,24,103.252,-9105.18,14.5928,0.319
11292000,22,101.73,-9110.73,10.9349,0.3485
11294000,21,99.5679,-9130.29,9.97854,0.331
11296000,19,87.2456,-9123.45,12.6993,0.325
11298000,22,108.504,-9130.86,11.6694,0.333
11300000,20,94.5421,-9113.03,8.90748,0.298
11302000,26,116.103,-9118.18,17.4921,0.339
11304000,28,135.938,-9106.18,9.60837,0.341
11306000,26,124.381,-9105.61,10.5454,0.357
11308000,24,84.6175,-9104.87,20.5652,0.330278
11310000,25,102.079,-9100.34,13.3787,0.353
11312000,23,109.146,-9113.05,11.2327,0.33
11314000,23,95.2264,-9100.99,12.5805,0.3385
11316000,21,99.8256,-9110.54,9.4846,0.324
11318000,22,106.691,-9102.76,6.35928,0.316
11320000,24,113.746,-9102.54,11.6495,0.319
11322000,21,100.733,-9117.23,12.3079,0.323833
11324000,24,117.722,-9125.51,14.0317,0.364333
11326000,20,100.602,-9106.47,8.73152,0.333
11328000,21,96.1635,-9108.6,8.13828,0.3405
11330000,23,111.41,-9114.02,17.47,0.340333
11332000,22,104.932,-9125.08,12.2617,0.306
11334000,19,90.8775,-9129.77,8.2759,0.296
11336000,21,98.2208,-9105.43,13.083,0.3165
11338000,19,80.7013,-9115.44,13.4185,0.3187
11340000,23,113.29,-9120.88,11.9206,0.346667
11342000,21,97.2642,-9112.57,13.103,0.355
11344000,20,80.7339,-9113.66,17.3911,0.323
11346000,20,91.1685,-9128.47,10.3011,0.317
11348000,25,113.801,-9107.86,13.2171,0.341333
11350000,28,125.935,-9109.8,13.6583,0.362
11352000,25,114.566,-9109.84,11.3928,0.346
11354000,25,122.737,-9119.37,11.5347,0.336947
11356000,31,138.381,-9097.29,18.4772,0.340214
11358000,27,123.073,-9095.82,12.2766,0.327
11360000,23,121.319,-9120.5,7.13275,0.339333
11362000,24,114.446,-9105.69,15.0698,0.335
11364000,24,118.176,-9103.69,15.4818,0.335
11366000,21,103.78,-9123.76,7.13892,0.318429
11368000,24,112.056,-9105.98,15.2941,0.34275
11370000,26,122.911,-9113.74,15.2173,0.376
11372000,27,130.234,-9116.28,10.2988,0.343
11374000,29,138.982,-9116.39,21.2661,0.375
11376000,22,105.762,-9127.13,9.33418,0.3157
11378000,21,92.2336,-9121.29,11.9581,0.317444
11380000,20,92.7675,-9129.99,10.8174,0.326667
11382000,20,87.9624,-9112.97,8.88108,0.338
11384000,19,86.888,-9117.32,8.10224,0.328
11386000,22,113.519,-9119.55,10.8598,0.344286
11388000,19,102.264,-9130.79,8.45023,0.308
11390000,17,78.0663,-9141.24,12.5837,0.3266
11392000,25,120.612,-9115.47,11.6138,0.338062
11394000,19,99.2104,-9122.32,11.7205,0.349
11396000,17,89.7442,-9131.89,6.2281,0.298
11398000,18,88.1696,-9134.84,11.8647,0.317667
11400000,18,87.1371,-9132.04,10.3629,0.312
11402000,19,93.2745,-9134.51,15.3391,0.3172
11404000,18,94.7164,-9120.76,7.32323,0.342
11406000,21,109.467,-9134.08,10.6836,0.315
11408000,21,108.979,-9116.36,10.2253,0.326
11410000,19,75.3037,-9109.74,9.79027,0.320778
11412000,19,95.9689,-9122.47,12.5544,0.312667
11414000,19,96.5588,-9123.25,5.72784,0.339
11416000,17,84.6006,-9130.09,6.51858,0.291
11418000,18,89.1259,-9121.26,10.1196,0.332
11420000,20,99.7495,-9143.28,10.3789,0.351
11422000,21,94.9265,-9123.16,11.7014,0.33
11424000,20,90.9645,-9121.42,7.90273,0.322
11426000,21,88.0835,-9112.69,10.0449,0.333
11428000,21,98.5432,-9125.28,12.8398,0.33
11430000,18,82.7536,-9117.92,7.7397,0.318667
11432000,22,99.6025,-9122.01,13.4734,0.33
11434000,23,100.411,-9126.23,12.8314,0.332
11436000,20,90.237,-9131.35,12.1902,0.344
11438000,22,101.02,-9118.76,7.59893,0.316
11440000,22,97.8118,-9114.56,9.82498,0.323
11442000,19,86.1406,-9121.38,13.547,0.329167
11444000,22,102.202,-9104.8,9.8168,0.319
11446000,23,103.973,-9109.02,12.1175,0.365
11448000,22,105.8,-9105.91,8.42402,0.33
11450000,25,112.974,-9109.75,15.0441,0.332
11452000,26,110.285,-9149.38,16.4548,0.3284
11454000,20,95.1985,-9136.05,11.8486,0.32535
11456000,19,91.399,-9110.94,9.26137,0.3198
11458000,22,110.058,-9127.03,10.6016,0.344636
11460000,20,89.7312,-9110.29,10.357,0.345
11462000,26,126.302,-9107.45,11.3081,0.324
11464000,26,124.478,-9111.17,14.9611,0.33
11466000,27,127.784,-9105.07,11.5505,0.338
11468000,29,138.156,-9099.49,15.7194,0.356
11470000,27,123.552,-9107.13,14.9314,0.349
11472000,27,116.582,-9109.18,14.6137,0.328
11474000,24,110.837,-9108.62,9.72413,0.348
11476000,24,105.605,-9108.6,11.8948,0.36
11478000,21,95.6675,-9120.63,12.4441,0.329174
11480000,23,107.667,-9109.2,9.32185,0.348
11482000,26,127.764,-9113.14,14.1434,0.345
11484000,23,108.491,-9111.36,11.335,0.3435
11486000,17,76.3653,-9136,8.96165,0.314
11488000,19,90.1566,-9123.82,12.8413,0.296
11490000,19,89.5419,-9126.79,9.30104,0.343
11492000,22,96.9261,-9122.6,17.9647,0.326167
11494000,22,116.138,-9120.9,10.1552,0.312
11496000,26,123.126,-9088.51,9.37373,0.334
11498000,21,112.368,-9135.21,10.4822,0.3254
11500000,19,101.522,-9126.03,5.63942,0.308
11502000,22,108.702,-9120.96,13.9428,0.314
11504000,20,99.1776,-9119.38,7.92397,0.328
11506000,20,99.0802,-9129.03,9.83404,0.344
11508000,21,101.434,-9118.23,12.683,0.318
11510000,22,106.289,-9133.01,12.0847,0.339
11512000,20,107.77,-9126.57,8.46289,0.323
11514000,18,95.3456,-9127.73,10.0799,0.316357
11516000,20,97.4065,-9130.77,10.6247,0.332167
11518000,20,98.4614,-9125.72,10.6036,0.315
11520000,26,117.063,-9105.53,16.0402,0.3404
11522000,25,113.501,-9109.1,17.2522,0.352
11524000,24,116.389,-9108.39,8.09719,0.324
11526000,25,111.293,-9112.74,13.4943,0.34
11528000,26,116.525,-9107.69,17.4739,0.327
11530000,18,89.5222,-9132.65,12.8039,0.326
11532000,23,116.934,-9125.25,14.0245,0.323
11534000,25,115.688,-9104.25,11.2412,0.364
11536000,22,96.4717,-9106.84,13.8846,0.346
11538000,22,107.325,-9117.64,8.55757,0.348368
11540000,22,105.056,-9130.15,13.3128,0.368
11542000,20,99.7657,-9129.28,8.31004,0.329292
11544000,23,109.802,-9130.3,12.9016,0.36
11546000,27,126.639,-9111.54,12.6525,0.351
11548000,23,103.501,-9105.07,11.8915,0.3715
11550000,24,107.547,-9115.45,16.2824,0.3295
11552000,24,115.912,-9102.6,7.55011,0.336
11554000,26,117.504,-9097.29,15.1786,0.314
11556000,22,99.0136,-9119.67,8.22331,0.3196
11558000,21,102.913,-9118.4,13.1205,0.281
11560000,21,105.015,-9123.93,11.1716,0.319
11562000,26,115.576,-9095.99,14.2675,0.325125
11564000,26,112.913,-9099.04,15.3853,0.341
11566000,23,103.489,-9119.16,9.34565,0.3258
11568000,22,92.8307,-9120.53,15.0353,0.334
11570000,20,85.6245,-9122.71,11.2908,0.306
11572000,25,113.617,-9112.02,9.94141,0.345875
11574000,19,90.4063,-9122.63,9.43538,0.331111
11576000,20,95.0932,-9118.85,9.75781,0.324
11578000,21,103.477,-9131.29,7.55952,0.328857
11580000,23,103.896,-9118.75,8.8087,0.335
11582000,21,95.73,-9129,10.7549,0.326556
11584000,21,107.094,-9125.46,8.33205,0.339429
11586000,23,111.148,-9134.15,11.8303,0.328
11588000,22,116.511,-9117.47,8.1585,0.352
11590000,24,123.392,-9125.53,14.1037,0.344
11592000,24,120.667,-9126.85,10.9726,0.37
11594000,22,102.182,-9130.14,11.7063,0.324692
11596000,22,103.297,-9108.59,14.1421,0.335
11598000,21,101.232,-9108.83,7.14162,0.320667
11600000,23,106.692,-9103.58,12.2699,0.34
11602000,27,132.847,-9104.09,11.5263,0.359
11604000,30,147.925,-9114.81,17.0608,0.369
11606000,21,106.17,-9115.5,9.98164,0.326
11608000,21,101.819,-9116.24,7.97265,0.305
11610000,21,97.5954,-9107.88,10.0495,0.278
11612000,18,89.3822,-9126.08,7.02566,0.314
11614000,19,92.1866,-9128.24,9.11224,0.338
11616000,22,105.501,-9107.07,12.021,0.32
11618000,21,102.995,-9125.3,7.47253,0.334955
11620000,21,105.003,-9134.88,10.4369,0.320167
11622000,26,128.857,-9112.16,10.8576,0.348
11624000,24,113.508,-9112.55,12.9535,0.334
11626000,21,96.6091,-9115.05,8.80322,0.31
11628000,23,113.224,-9123.5,9.1926,0.309
11630000,20,99.6411,-9124.3,8.3121,0.316
11632000,20,98.0484,-9131.62,8.45028,0.342
11634000,19,81.9856,-9123.91,16.5124,0.333143
11636000,22,113.722,-9114.04,8.33268,0.35
11638000,24,113.711,-9121.95,14.0545,0.373
11640000,23,104.463,-9111.94,14.0241,0.336
11642000,24,118.678,-9100.76,11.8039,0.329
11644000,30,152.483,-9123.45,17.3608,0.362
11646000,32,149.197,-9104.66,12.6673,0.37075
11648000,31,138.09,-9111.23,12.5665,0.387
11650000,29,140.257,-9116.7,12.9769,0.371
11652000,26,129.508,-9118.28,11.5015,0.336211
11654000,28,124.348,-9113.18,13.5906,0.364
11656000,25,110.325,-9114.88,16.5989,0.33
11658000,24,107.501,-9129.27,16.3281,0.354
11660000,22,97.7077,-9119.66,10.6304,0.321
11662000,22,100.242,-9119.97,15.2205,0.355
11664000,23,106.784,-9113.94,18.6676,0.338333
11666000,23,98.7116,-9117.44,11.184,0.321333
11668000,24,113.07,-9116.77,9.68442,0.32
11670000,23,110.913,-9105.31,9.98558,0.3445
11672000,22,110.021,-9110.44,11.0225,0.325
11674000,22,101.781,-9102.75,10.3721,0.328238
11676000,20,94.5553,-9123.75,10.7564,0.303
11678000,21,106.435,-9100.49,10.4063,0.346
11680000,21,112.131,-9110.42,6.92245,0.325
11682000,21,93.8763,-9117.02,8.43132,0.314
11684000,21,97.8264,-9106.5,11.817,0.313
11686000,23,108.162,-9106.09,8.71739,0.333
11688000,20,87.4438,-9107.39,11.0559,0.324813
11690000,25,121.514,-9107.18,11.789,0.367
11692000,21,93.5068,-9106.54,9.33192,0.314625
11694000,24,117.979,-9107.14,11.8509,0.328929
11696000,23,103.732,-9098.07,13.4905,0.320667
11698000,23,106.756,-9108.25,11.4321,0.332
11700000,24,114.752,-9112.42,14.0048,0.344
11702000,21,90.2768,-9126.31,11.8341,0.326267
11704000,22,101.024,-9125.35,10.6666,0.3305
11706000,21,90.3957,-9118.81,11.7441,0.327
11708000,24,115.696,-9103.78,12.2984,0.341
11710000,25,96.5292,-9110.36,13.8713,0.301
11712000,25,111.064,-9108.77,16.7502,0.338
11714000,25,98.3323,-9092.5,15.3117,0.338385
11716000,23,102.219,-9100.21,11.4617,0.33
11718000,23,100.964,-9105.29,12.5279,0.3295
11720000,22,96.9658,-9104.31,13.7708,0.335
11722000,20,87.5942,-9127.61,15.6371,0.342
11724000,21,84.7584,-9102.65,10.4422,0.33175
11726000,21,103.443,-9122.35,8.43135,0.340889
11728000,20,93.7895,-9126.15,10.3257,0.31
11730000,21,97.4896,-9115.76,14.1668,0.314
11732000,25,100.456,-9113.1,13.054,0.328
11734000,23,102.849,-9110.7,9.48361,0.321
11736000,25,127.341,-9130.82,11.9089,0.355
11738000,19,96.2993,-9139.62,10.3671,0.346
11740000,18,88.5,-9132.67,9.1595,0.346
11742000,16,81.022,-9140.12,6.60165,0.289
11744000,17,75.8087,-9141.52,12.2114,0.314154
11746000,17,79.5527,-9123.23,5.29928,0.281
11748000,19,85.5425,-9129.92,12.3688,0.316
11750000,22,99.4028,-9133.05,13.5687,0.356
11752000,20,89.7576,-9132.11,13.2113,0.323
11754000,20,80.9632,-9117.82,12.4568,0.302
11756000,21,95.5096,-9128.97,11.8726,0.344
11758000,17,82.8879,-9126.84,7.94923,0.336
11760000,21,103.911,-9122.92,7.09755,0.323667
11762000,24,109.036,-9125.7,17.3165,0.327
11764000,20,98.0583,-9133.74,7.90945,0.38
11766000,18,82.5265,-9130.65,12.4681,0.286
11768000,20,93.0491,-9135.43,11.7602,0.346
11770000,21,99.4585,-9126.47,13.2996,0.305
11772000,17,84.6877,-9124.13,7.95012,0.329
11774000,17,78.3364,-9126.52,9.18353,0.313
11776000,19,89.4074,-9133.81,6.28244,0.347
11778000,20,100.284,-9128.46,9.34867,0.3195
11780000,20,94.8196,-9139.17,8.83487,0.354
11782000,22,99.1529,-9114.64,10.9339,0.32
11784000,21,100.91,-9128.59,11.0193,0.338
11786000,23,116.874,-9129.06,8.93587,0.3325
11788000,25,128.051,-9125.23,12.2632,0.319
11790000,27,130.953,-9123.58,12.6765,0.348
11792000,23,108.136,-9105.22,12.4523,0.357
11794000,25,125.95,-9112.51,10.8858,0.333
11796000,21,97.6442,-9121.29,11.5974,0.31875
11798000,23,111.641,-9134.85,12.7578,0.33
11800000,21,95.3432,-9110.55,12.2115,0.338
11802000,22,113.748,-9107.42,7.74966,0.37
11804000,23,110.009,-9103.1,11.8482,0.334
11806000,22,108.191,-9110.6,11.1524,0.328
11808000,21,104.144,-9125.02,7.60197,0.319
11810000,22,104.358,-9114.61,9.14517,0.309
11812000,20,95.3753,-9128.34,8.72728,0.3285
11814000,23,104.592,-9109.22,9.48466,0.331345
11816000,23,95.9267,-9113.87,16.8765,0.3275
11818000,21,106.612,-9115.52,7.45666,0.322
11820000,22,99.1305,-9118.23,11.6819,0.31
11822000,21,105.675,-9117.98,15.8718,0.284
11824000,21,102.916,-9128.66,11.4229,0.318
11826000,19,84.4774,-9116.19,10.3306,0.307364
11828000,19,86.9876,-9126.21,8.21412,0.307
11830000,22,100.309,-9123.4,15.0658,0.334929
11832000,20,102.105,-9124.84,11.4956,0.326
11834000,22,110.042,-9119.14,10.4645,0.325
11836000,20,99.7008,-9111.85,9.16362,0.318
11838000,22,106.927,-9121.95,10.6372,0.352
11840000,25,128.413,-9121.12,11.8554,0.334
11842000,24,117.83,-9114.48,9.90722,0.341
11844000,24,125.082,-9112.75,11.2849,0.3402
11846000,19,92.6397,-9114.92,9.91747,0.336
11848000,19,93.706,-9127.72,11.6849,0.3469
11850000,17,82.7033,-9131.5,9.36372,0.334
11852000,16,79.9837,-9132.95,6.18646,0.312
11854000,24,116.84,-9104.04,11.3777,0.3285
11856000,17,85.8811,-9123.51,5.42464,0.321636
11858000,18,91.4364,-9128.15,8.80298,0.301
11860000,24,110.566,-9108.57,17.4158,0.335077
11862000,23,102.431,-9112.14,12.5629,0.333
11864000,20,95.1641,-9132.45,12.9656,0.321273
11866000,23,117.827,-9118.77,10.1333,0.32
11868000,24,114.631,-9112.35,11.994,0.315
11870000,21,100.339,-9121.18,11.0264,0.293
11872000,18,89.3262,-9127.62,8.12131,0.305538
11874000,17,78.3402,-9131.3,9.73971,0.286
11876000,21,106.235,-9121.23,6.68567,0.3228
11878000,22,108.804,-9134.47,11.2972,0.354
11880000,20,106.061,-9141.28,10.6299,0.339
11882000,21,89.3599,-9124.28,13.0237,0.31
11884000,18,83.9059,-9125.18,8.94215,0.325
11886000,23,107.962,-9109.55,12.9342,0.321905
11888000,23,110.948,-9105.28,13.666,0.299
11890000,28,135.301,-9106.93,12.8323,0.324
11892000,26,114.431,-9102.48,16.943,0.365
11894000,26,118.949,-9112.62,18.654,0.34475
11896000,21,114.643,-9124.95,9.82911,0.340727
11898000,25,112.075,-9094.19,12.8559,0.336
11900000,19,98.2601,-9127.66,9.25324,0.309
11902000,26,119.328,-9120.89,16.588,0.347125
11904000,22,101.359,-9124.65,14.3782,0.33275
11906000,23,104.382,-9131.51,13.19,0.347
11908000,27,125.989,-9120.61,10.9698,0.3359
11910000,29,123.949,-9106.92,16.9931,0.342
11912000,26,120.298,-9117.22,14.9139,0.35
11914000,23,112.94,-9137.28,6.12582,0.323
11916000,21,98.2627,-9124.09,14.333,0.337
11918000,21,94.9726,-9120.18,12.8532,0.33
11920000,22,90.7779,-9117.14,13.1666,0.333
11922000,22,114.919,-9120.83,7.78547,0.326
11924000,22,122.881,-9130.48,11.0647,0.342
11926000,23,121.796,-9121.66,10.9046,0.3575
11928000,26,138.332,-9121.24,10.0254,0.361
11930000,21,94.8443,-9127.06,10.6287,0.3299
11932000,25,116.2,-9123.56,11.061,0.373
11934000,24,107.498,-9124.38,9.89389,0.346
11936000,22,100.862,-9114.72,14.4251,0.347
11938000,27,120.963,-9115.71,16.5412,0.364
11940000,23,99.3899,-9103.73,11.8303,0.3268
11942000,22,105.27,-9113.7,12.3604,0.362
11944000,22,100.689,-9114.06,8.54453,0.315
11946000,22,96.0088,-9105.93,13.6717,0.327
11948000,20,83.8856,-9119.47,11.1155,0.335833
11950000,22,99.9987,-9120.08,8.02641,0.342
11952000,22,105.045,-9118.13,8.88634,0.334
11954000,19,99.7557,-9118.12,7.58162,0.33488
11956000,23,110.117,-9120.89,8.75643,0.323
11958000,22,89.5871,-9122.12,12.3432,0.309
11960000,22,98.652,-9127.71,10.7597,0.3335
11962000,23,106.104,-9145.86,9.99492,0.35
11964000,24,119.674,-9128.3,11.6528,0.341
11966000,25,113.037,-9110.7,14.8924,0.322474
11968000,22,103.796,-9129.84,9.71668,0.324
11970000,21,103.309,-9127.38,11.1812,0.344
11972000,22,110.771,-9123.64,9.99728,0.324769
11974000,26,123.825,-9103.94,13.1435,0.347
11976000,23,109.797,-9104.19,12.2669,0.316
11978000,22,116.479,-9108.61,11.7455,0.309
11980000,24,127.199,-9107.57,8.64963,0.382
11982000,25,130.591,-9117.09,9.13234,0.3232
11984000,26,129.683,-9106.65,12.4482,0.321
11986000,25,118.193,-9094.45,9.51801,0.335
11988000,28,142.618,-9091.53,15.2865,0.332
11990000,28,124.9,-9092,15.5015,0.339
11992000,26,131.484,-9104.91,13.7611,0.3506
11994000,23,113.114,-9109.28,13.349,0.327
11996000,25,119.661,-9109.66,12.9882,0.358
11998000,22,107.954,-9117.24,12.133,0.333481
12000000,28,136.01,-9089.22,15.4978,0.344
12002000,24,98.1971,-9117.3,16.9817,0.335273
12004000,26,125.076,-9109.65,14.2772,0.324
12006000,28,131.813,-9083.46,18.3441,0.3276
12008000,29,143.406,-9082.85,13.2745,0.31
12010000,28,134.288,-9075.51,15.8918,0.318
12012000,29,136.197,-9089.16,14.1607,0.281
12014000,28,130.49,-9103.66,12.7437,0.329
12016000,19,84.3644,-9127.59,9.9696,0.319
12018000,22,105.101,-9112.4,9.34524,0.345
12020000,31,147.005,-9097.61,14.2048,0.369
12022000,29,140.462,-9098.06,14.4936,0.361
12024000,30,144.8,-9105.93,19.9391,0.3555
12026000,32,155.65,-9093.99,17.2885,0.355
12028000,29,140.072,-9101.12,13.6082,0.341
12030000,28,145.783,-9112.17,14.8411,0.34
12032000,22,111.658,-9129.7,11.6463,0.347
12034000,25,121.954,-9099.47,14.1017,0.32575
12036000,22,108.049,-9112.75,11.3146,0.341
12038000,19,91.6654,-9118.38,13.2,0.31
12040000,24,111.421,-9104.68,11.4404,0.324333
12042000,28,125.406,-9107.15,18.1165,0.334
12044000,31,145.234,-9111.1,17.6569,0.353
12046000,27,126.555,-9107.75,10.4609,0.354
12048000,27,124.263,-9111.68,19.2015,0.356
12050000,24,117.144,-9110.16,7.70841,0.307
12052000,23,114.956,-9118.44,12.6708,0.333
12054000,21,96.2505,-9118.2,7.56515,0.3416
12056000,19,89.7725,-9116.84,10.8126,0.317
12058000,22,98.3893,-9105.5,12.2819,0.31
12060000,23,115.632,-9110.99,8.32353,0.337
12062000,21,95.0353,-9115.45,14.5678,0.325333
12064000,22,103.572,-9127.2,12.2342,0.339
12066000,26,122.679,-9103.69,15.404,0.334
12068000,27,128.287,-9094.69,16.7707,0.333
12070000,23,113.281,-9114.8,15.1047,0.304
12072000,23,116.426,-9124.48,12.4827,0.342
12074000,26,137.923,-9103.1,13.152,0.334
12076000,27,132.689,-9119.56,15.2955,0.34825
12078000,22,106.367,-9108.22,12.2376,0.325143
12080000,25,120.711,-9108.98,19.6095,0.354
12082000,23,108.846,-9107.47,10.725,0.308
12084000,31,151.911,-9094.44,18.3969,0.34
12086000,31,148.879,-9103.97,13.403,0.38
12088000,31,143.048,-9099.96,9.59792,0.349
12090000,22,110.233,-9111.1,8.24339,0.359
12092000,26,114.641,-9108.84,14.9117,0.3345
12094000,24,102.438,-9110.28,15.9928,0.33
12096000,22,104.823,-9114.68,10.9343,0.326176
12098000,19,97.5999,-9123.11,13.5213,0.327
12100000,20,94.1031,-9117.86,14.4934,0.33
12102000,23,120.753,-9127.4,6.87894,0.356
12104000,25,113.455,-9115.61,14.1272,0.33
12106000,26,117.989,-9113.02,13.8341,0.337
12108000,24,107.474,-9114.72,14.5181,0.321
12110000,24,112.132,-9108.51,12.0596,0.34
12112000,23,110.557,-9119.74,15.7783,0.353
12114000,24,111.666,-9100.91,14.1045,0.349
12116000,23,98.5721,-9118.3,14.8255,0.3369
12118000,18,87.6276,-9113.97,10.4818,0.327
12120000,22,110.391,-9120.17,10.7663,0.359
12122000,21,103.583,-9111.98,10.0335,0.3315
12124000,25,123.61,-9109.22,10.1852,0.324333
12126000,25,110.861,-9109.79,14.4534,0.337
12128000,23,98.4207,-9110.2,15.4113,0.322
12130000,24,116.82,-9109.39,11.7365,0.338
12132000,27,128.235,-9121.26,14.8565,0.364
12134000,25,122.403,-9109.1,12.6893,0.323
12136000,27,137.36,-9110.05,10.2715,0.367
12138000,26,125.33,-9115.65,11.9567,0.298
12140000,22,106.05,-9123.22,13.137,0.330842
12142000,25,122.447,-9120.11,10.8303,0.341
12144000,23,109.494,-9123.92,11.4837,0.335
12146000,21,96.3122,-9104.39,8.40407,0.344565
12148000,24,124.201,-9110.04,11.0315,0.348
12150000,23,106.44,-9113.14,12.3924,0.3398
12152000,23,108.498,-9108.01,10.1002,0.344
12154000,25,131.28,-9122.47,10.9831,0.337
12156000,26,127.782,-9106.49,11.8394,0.319
12158000,27,124.519,-9092.52,9.42014,0.344
12160000,24,112.415,-9105.92,9.30023,0.347
12162000,22,91.1621,-9106.36,12.2931,0.3334
12164000,20,102.741,-9116.34,9.65872,0.341
12166000,20,103.696,-9124.72,8.70732,0.328
12168000,19,91.7171,-9116.67,11.4613,0.315
12170000,18,82.0137,-9124.77,8.32341,0.331
12172000,22,107.283,-9134.74,13.9754,0.327
12174000,20,99.9774,-9130.82,13.2617,0.337182
12176000,23,114.843,-9116.17,10.9332,0.344
12178000,28,131.798,-9124.4,14.4706,0.317625
12180000,20,91.8072,-9110.22,7.4209,0.321083
12182000,27,138.674,-9113.37,9.85498,0.3584
12184000,26,131.467,-9141.53,12.6403,0.384
12186000,24,105.683,-9108.66,11.5331,0.339923
12188000,21,98.2769,-9099.84,13.1665,0.333
12190000,23,118.213,-9115.7,9.42485,0.337
12192000,25,122.785,-9107.38,13.4364,0.3458
12194000,22,92.9371,-9119.5,12.8737,0.319667
12196000,20,97.6602,-9114.16,4.45589,0.323
12198000,22,93.0737,-9114.19,14.8042,0.323706
12200000,27,130.471,-9120.95,15.1331,0.3275
12202000,24,109.068,-9108.23,14.8049,0.33025
12204000,22,105.404,-9121.17,8.17461,0.3315
12206000,19,79.071,-9113.85,9.67362,0.299
12208000,20,82.731,-9124.09,10.0726,0.292
12210000,21,88.5181,-9110.5,10.4754,0.314
12212000,22,102.213,-9110.41,12.3408,0.339455
12214000,21,87.6255,-9118.35,10.7714,0.309667
12216000,21,88.4258,-9128.51,12.138,0.316
12218000,21,92.8713,-9138.81,10.4196,0.304
12220000,20,92.7533,-9129.54,10.0441,0.339
12222000,23,80.1381,-9123,18.7877,0.322667
12224000,23,110.494,-9119.2,10.5487,0.338545
12226000,23,112.185,-9114.32,8.08005,0.329
12228000,22,103.878,-9108.6,11.0258,0.317
12230000,21,91.5153,-9118.21,15.4344,0.312
12232000,23,111.973,-9121.2,12.3651,0.329778
12234000,19,91.4833,-9115.63,8.50504,0.3
12236000,23,104.115,-9121.14,12.5774,0.318
12238000,22,104.281,-9119.1,11.5564,0.306
12240000,24,115.092,-9102.42,13.2647,0.325
12242000,24,123.327,-9111.73,9.78369,0.322
12244000,24,125.354,-9101.34,8.17162,0.345
12246000,25,126.573,-9105.91,15.2442,0.345
12248000,21,110.024,-9112.29,7.44046,0.307
12250000,22,107.858,-9105.03,7.81746,0.332
12252000,23,106.531,-9109.8,12.2675,0.315
12254000,23,106.028,-9109.27,10.8713,0.338
12256000,18,84.6676,-9134.56,14.7832,0.311864
12258000,17,84.4546,-9121.73,8.58715,0.309
12260000,19,86.8754,-9122.63,6.53906,0.300667
12262000,21,92.387,-9123.5,10.294,0.305
12264000,21,102.961,-9109,9.48763,0.293
12266000,22,111.683,-9116.35,10.0257,0.332833
12268000,22,98.7822,-9117.23,11.3908,0.32
12270000,28,134.096,-9108.5,15.1195,0.336
12272000,28,142.119,-9115.41,10.6431,0.382
12274000,22,106.215,-9120.9,10.8753,0.358167
12276000,23,106.353,-9114.49,15.1397,0.312176
12278000,23,112.8,-9115.93,10.6279,0.305333
12280000,25,127.945,-9123.76,11.1262,0.343
12282000,27,127.472,-9111.85,12.7231,0.33275
12284000,26,126.511,-9115.04,12.0355,0.354
12286000,25,107.547,-9121.7,14.6547,0.348
12288000,24,116.142,-9116.5,11.7459,0.311
12290000,23,113.915,-9109.74,11.7836,0.311
12292000,24,114.405,-9124.7,13.6517,0.329231
12294000,21,101.172,-9122.16,12.2027,0.32875
12296000,23,109.306,-9118.72,13.6433,0.293
12298000,23,116.759,-9116.84,11.4689,0.347
12300000,21,113.68,-9117.66,10.1291,0.334
12302000,24,123.529,-9109.02,11.1026,0.3425
12304000,25,120.595,-9116.78,13.526,0.326
12306000,21,97.8589,-9127.38,12.0927,0.343
12308000,22,93.5751,-9120.57,13.7994,0.3445
12310000,25,120.266,-9092.23,9.85686,0.334583
12312000,30,136.274,-9104.8,18.7236,0.356
12314000,31,160.68,-9100.7,9.84684,0.367
12316000,22,105.481,-9116.37,10.5435,0.325
12318000,22,111.157,-9118.28,12.0217,0.332
12320000,26,127.748,-9099.53,14.3175,0.298
12322000,22,103.219,-9112.59,10.7885,0.324308
12324000,25,113.838,-9095.99,14.0997,0.326609
12326000,24,111.786,-9107.2,13.5378,0.352
12328000,18,80.3455,-9114.25,10.4566,0.3044
12330000,20,84.8973,-9119.01,10.1502,0.3025
12332000,21,95.7239,-9108.86,16.0256,0.334
12334000,20,99.6166,-9130.09,11.4725,0.35
12336000,28,138.588,-9109.5,13.5417,0.34
12338000,29,128.533,-9100.2,18.9316,0.318
12340000,28,137.515,-9096.97,13.4157,0.324
12342000,22,99.1565,-9112.74,10.722,0.3327
12344000,21,100.742,-9114.99,14.44,0.365
12346000,20,106.709,-9130.85,11.2686,0.331
12348000,21,104.634,-9119.13,10.2105,0.361
12350000,20,93.2604,-9123.57,8.23568,0.337
12352000,20,93.6659,-9111.49,10.6858,0.323
12354000,25,120.834,-9087.69,14.7628,0.332154
12356000,23,116.5,-9116.2,10.6607,0.332688
12358000,19,93.5182,-9121.15,9.69401,0.341167
12360000,24,115.376,-9102.93,13.2501,0.331
12362000,20,95.4051,-9114.43,6.98001,0.331
12364000,21,103.23,-9107.27,15.113,0.311
12366000,23,106.225,-9090.51,14.4605,0.283
12368000,25,118.619,-9097.29,13.5831,0.311
12370000,24,119.653,-9112.66,12.0877,0.302
12372000,22,110.621,-9115.06,14.3728,0.306875
12374000,23,116.417,-9117.33,10.6118,0.3185
12376000,21,99.2721,-9121.34,12.9062,0.326722
12378000,24,116.989,-9116.28,11.3715,0.34875
12380000,26,126.376,-9109.2,12.1032,0.3532
12382000,19,92.3939,-9106.13,8.3827,0.306
12384000,23,112.349,-9124.14,12.4474,0.3372
12386000,20,100.379,-9110.42,11.504,0.331
12388000,22,103.366,-9105.66,11.1135,0.333
12390000,24,112.55,-9108.14,12.014,0.335
12392000,25,118.928,-9109.88,14.0802,0.374
12394000,20,104.702,-9125.99,10.4915,0.33
12396000,20,101.017,-9118.92,10.9265,0.37
12398000,19,94.7673,-9124.31,11.409,0.282
12400000,21,112.086,-9114.28,9.55435,0.328
12402000,23,117.138,-9108.72,9.94584,0.327
12404000,21,102.763,-9110.1,6.07928,0.333733
12406000,22,100.233,-9116.61,15.0389,0.34
12408000,19,75.5746,-9112.77,14.3579,0.322333
12410000,21,94.6357,-9120.06,11.9636,0.305
12412000,25,119.537,-9109.06,12.1549,0.349
12414000,26,124.567,-9124.59,13.9089,0.367
12416000,23,106.963,-9113.6,11.6842,0.339
12418000,22,109.877,-9116.06,13.4007,0.323
12420000,19,89.1302,-9132.71,14.0013,0.308
12422000,25,118.28,-9114.03,16.1921,0.354
12424000,22,89.5384,-9106.08,13.5956,0.321
12426000,19,101.077,-9122.55,7.40423,0.326667
12428000,20,104.249,-9130.18,8.14046,0.330333
12430000,22,112.326,-9122.53,8.01684,0.334
12432000,23,122.571,-9113.03,10.2323,0.334
12434000,22,109.382,-9117.13,12.3409,0.343
12436000,25,130.273,-9110.9,11.0923,0.372
12438000,26,119.732,-9123.43,12.1619,0.337333
12440000,24,105.496,-9117.76,15.1518,0.3395
12442000,26,134.561,-9117.38,9.06104,0.3478
12444000,26,135.587,-9117.16,13.1231,0.331
12446000,24,110.471,-9103.55,15.7542,0.3346
12448000,28,132.207,-9112.09,12.371,0.357
12450000,27,132.533,-9102.71,13.679,0.375
12452000,23,103.198,-9105.68,12.9684,0.333
12454000,22,100.238,-9105.99,13.2085,0.328
12456000,19,94.2561,-9137.19,9.74166,0.3337
12458000,24,126.296,-9119.74,12.2016,0.3474
12460000,27,130.198,-9122.43,17.9427,0.364
12462000,25,126.486,-9124.91,8.95649,0.374
12464000,21,96.3652,-9121.77,13.3118,0.339
12466000,22,101.73,-9118.18,9.51058,0.338333
12468000,20,100.684,-9114.04,6.59292,0.334333
12470000,22,102.616,-9115.3,8.84862,0.316
12472000,22,102.159,-9105.27,11.3609,0.328
12474000,23,115.45,-9117.33,7.95565,0.312
12476000,24,119.268,-9114.7,10.2782,0.342
12478000,23,102.631,-9117.88,13.7576,0.336211
12480000,25,118.56,-9132.18,16.9394,0.371
12482000,21,105.085,-9140.56,11.0072,0.344
12484000,22,110.498,-9134.4,11.8206,0.328
12486000,23,103.666,-9123.35,14.138,0.335
12488000,23,110.985,-9126.46,9.91348,0.3695
12490000,24,115.865,-9116.8,13.2501,0.368
12492000,28,124.306,-9111.54,12.9523,0.347429
12494000,26,111.789,-9105.24,12.6101,0.337
12496000,27,125.446,-9120.55,11.4457,0.35125
12498000,23,101.873,-9103.75,14.1292,0.355
12500000,26,126.567,-9114.44,17.4589,0.357
12502000,23,118.313,-9120.88,9.08531,0.35
12504000,21,102.498,-9124.93,9.41607,0.317
12506000,25,121.864,-9119.09,14.6133,0.338
12508000,27,145.292,-9115.22,11.0991,0.349
12510000,24,119.567,-9123.66,9.74194,0.364
12512000,20,102.947,-9127.17,5.81771,0.342
12514000,18,89.8119,-9126.43,9.35937,0.311
12516000,20,98.7829,-9122.89,11.4626,0.285
12518000,20,99.6098,-9104.2,11.0063,0.337
12520000,20,100.632,-9103.39,10.9759,0.336
12522000,23,113.49,-9116.29,10.8068,0.312
12524000,19,93.8246,-9118.73,10.6468,0.3432
12526000,20,92.6598,-9109.76,11.3683,0.308667
12528000,22,105.108,-9104.15,9.62196,0.323
12530000,21,101.885,-9116.87,13.0119,0.33675
12532000,18,89.8594,-9132.53,9.29692,0.317
12534000,22,110.566,-9115.78,11.5574,0.3312
12536000,22,103.236,-9128.42,9.78805,0.365
12538000,22,115.677,-9127.12,11.7561,0.3366
12540000,22,104.17,-9117.36,11.124,0.3415
12542000,30,138.24,-9112.5,16.3603,0.385
12544000,28,136.611,-9113.67,16.4228,0.365
12546000,26,123.663,-9113.64,14.2306,0.328
12548000,23,112.344,-9104.41,10.1642,0.32
12550000,28,141.205,-9133.63,13.2694,0.332
12552000,23,104.003,-9125.52,11.1543,0.372
12554000,18,83.3643,-9118.99,8.15238,0.328667
12556000,21,107.917,-9128.86,7.49785,0.3565
12558000,21,110.847,-9134.32,10.0916,0.339
12560000,20,111.015,-9136.9,7.58492,0.328
12562000,24,121.102,-9116.62,14.0736,0.34
12564000,23,120.176,-9124.78,10.2584,0.335
12566000,24,115.468,-9122.98,13.3374,0.334
12568000,21,93.757,-9127.68,16.559,0.334
12570000,21,103.83,-9131.29,14.3942,0.327
12572000,18,92.9127,-9121.78,10.6306,0.3495
12574000,19,99.2561,-9129.69,9.49934,0.323
12576000,17,91.0833,-9128.03,7.75354,0.317
12578000,22,110.241,-9120.82,12.8978,0.342
12580000,23,113.57,-9121.07,15.0269,0.343
12582000,21,102.631,-9119.16,8.42094,0.330964
12584000,21,103.192,-9115.7,8.2187,0.338
12586000,21,103.122,-9118.91,8.71348,0.308
12588000,20,84.1013,-9124.13,13.4233,0.324056
12590000,22,95.336,-9115.28,10.0525,0.309
12592000,19,92.3313,-9130.44,10.7218,0.343
12594000,22,103.259,-9112.37,13.4838,0.331
12596000,20,99.1555,-9130.4,7.60335,0.31
12598000,26,132.047,-9128.73,11.8317,0.367
12600000,23,118.215,-9121.69,10.4108,0.37
12602000,21,108.179,-9133.13,6.76445,0.3405
12604000,25,113.327,-9112.87,12.1197,0.348
12606000,29,136.758,-9131.45,22.8249,0.389
12608000,24,109.451,-9117.51,12.1353,0.341
12610000,23,100.814,-9116.03,13.9936,0.366
12612000,22,102.699,-9120.95,9.59495,0.333
12614000,20,99.6197,-9126,11.6203,0.34
12616000,20,96.1027,-9124.01,11.0783,0.3606
12618000,22,107.978,-9132.7,13.9808,0.334
12620000,21,113.77,-9129.71,6.78832,0.354
12622000,20,102.122,-9120.44,6.8073,0.330667
12624000,19,90.2624,-9137.06,11.9738,0.343
12626000,23,106.911,-9133.39,8.51435,0.3628
12628000,19,87.4542,-9127.22,10.0077,0.36
12630000,21,100.062,-9122.79,8.08056,0.33969
12632000,20,103.368,-9120.87,7.48631,0.3378
12634000,18,78.2516,-9116.24,15.0019,0.329
12636000,24,108.873,-9119.6,11.7285,0.34
12638000,19,89.5186,-9126.18,9.28497,0.349333
12640000,18,86.4245,-9132.83,9.37852,0.332
12642000,23,121.226,-9116.39,10.1026,0.342
12644000,22,108.893,-9126.07,8.81257,0.344857
12646000,26,129.745,-9116.37,10.1549,0.347
12648000,22,109.686,-9116.73,14.0624,0.318
12650000,24,117.513,-9108.88,10.2786,0.355
12652000,24,109.564,-9101.45,11.9914,0.305
12654000,24,121.75,-9111.36,8.77744,0.3175
12656000,21,102.232,-9112.39,10.1069,0.33675
12658000,23,105.171,-9120.63,9.11511,0.355
12660000,18,81.7953,-9120.98,7.74276,0.332571
12662000,23,112.502,-9125.52,15.8281,0.338143
12664000,22,112.535,-9133.97,14.1982,0.379
12666000,22,112.457,-9123.38,8.75924,0.336
12668000,21,110.381,-9124.3,9.90116,0.328
12670000,21,100.6,-9121.16,15.1498,0.329
12672000,19,100.027,-9149.55,6.64135,0.344
12674000,20,101.336,-9124.08,8.30087,0.31625
12676000,21,106.897,-9143.03,9.17268,0.349
12678000,23,114.994,-9107.25,11.2476,0.343389
12680000,20,98.1874,-9113.03,7.25394,0.339
12682000,21,99.413,-9107.01,7.28941,0.316
12684000,18,92.4057,-9130.86,7.57523,0.33
12686000,23,106.736,-9123.36,9.74991,0.335889
12688000,21,99.4167,-9102.41,12.5025,0.321857
12690000,25,127.613,-9100.6,12.8067,0.346
12692000,26,125.272,-9102.61,14.044,0.354
12694000,21,98.177,-9124.23,8.72494,0.312
12696000,24,118.465,-9123.71,13.4033,0.328
12698000,27,127.559,-9115.69,11.587,0.353
12700000,21,95.8499,-9128.9,14.2145,0.338857
12702000,21,96.1103,-9117.77,12.2421,0.3235
12704000,22,93.8303,-9126.44,16.7601,0.340824
12706000,21,95.0496,-9123.19,10.7599,0.313
12708000,19,84.5124,-9123.44,9.16243,0.342
12710000,18,83.7803,-9131.5,10.6105,0.325188
12712000,19,102.135,-9126.45,7.43553,0.303
12714000,18,84.8358,-9131.4,13.3858,0.304
12716000,24,114.362,-9125.94,13.504,0.356667
12718000,24,117.43,-9124.13,13.9349,0.359
12720000,22,101.262,-9122.58,13.6703,0.361
12722000,21,101.191,-9123.74,9.60502,0.344
12724000,21,102.262,-9110.27,12.6038,0.349
12726000,22,94.5166,-9127.26,11.2838,0.330333
12728000,21,95.1499,-9132.71,12.2644,0.331923
12730000,22,108.84,-9129.08,9.89707,0.359
12732000,21,109.72,-9122.03,8.48727,0.323
12734000,21,104.437,-9115,12.7401,0.315
12736000,22,109.798,-9115.12,18.8152,0.360667
12738000,24,126.44,-9120.85,10.5902,0.342
12740000,22,116.687,-9136.47,8.87488,0.329
12742000,20,97.5961,-9133.15,7.38647,0.3345
12744000,24,115.817,-9137.07,18.5117,0.335
12746000,23,116.102,-9128.54,6.90402,0.347
12748000,27,129.357,-9115.83,15.5748,0.334462
12750000,25,111.272,-9110.04,12.4459,0.342
12752000,17,78.4363,-9132.08,8.01232,0.332
12754000,19,85.0503,-9113.68,11.9414,0.3205
12756000,18,88.4093,-9120.41,6.67917,0.32
12758000,16,75.6247,-9119.2,9.66417,0.301
12760000,21,106.506,-9124.42,11.7258,0.357
12762000,23,112.014,-9111.34,10.2053,0.32
12764000,23,107.216,-9102.54,8.08853,0.33
12766000,25,110.474,-9107.64,13.3737,0.352
12768000,21,104.522,-9110.99,7.13586,0.327
12770000,24,107.843,-9121.52,15.0834,0.338571
12772000,22,103.384,-9120.43,10.3182,0.362
12774000,24,114.274,-9100.93,12.3499,0.3324
12776000,22,104.699,-9110.41,12.4486,0.325
12778000,20,100.421,-9113.37,12.5001,0.336
12780000,26,112.351,-9118.07,19.4841,0.369
12782000,20,110.454,-9129.71,9.16867,0.3434
12784000,20,98.4085,-9127.01,9.60096,0.343
12786000,21,96.5217,-9122.55,14.3019,0.327
12788000,23,106.175,-9121.39,11.412,0.343
12790000,20,93.4947,-9121.07,8.2446,0.32
12792000,18,95.711,-9127.04,8.33491,0.3546
12794000,19,83.202,-9106.53,11.3078,0.329667
12796000,16,68.6795,-9133.81,8.51436,0.332857
12798000,18,76.6593,-9131.72,10.3486,0.32
12800000,19,91.1376,-9108.36,7.83558,0.326
12802000,20,97.1617,-9116.99,8.37121,0.351
12804000,18,85.1812,-9108.7,12.1258,0.326
12806000,20,103.048,-9128.71,9.1702,0.321857
12808000,17,86.6118,-9116.81,7.32195,0.3185
12810000,22,109.282,-9121.73,10.2282,0.3182
12812000,24,128.687,-9124.21,10.7459,0.333
12814000,29,139.68,-9113.57,17.9282,0.330143
12816000,24,112.3,-9114.36,15.4968,0.326
12818000,24,118.532,-9128.59,11.4286,0.343
12820000,22,107.492,-9126.69,14.4954,0.356
12822000,23,109.824,-9106.84,14.4159,0.314
12824000,23,104.544,-9111.4,11.5642,0.3225
12826000,26,115.885,-9110.44,13.5821,0.358
12828000,19,96.9991,-9130.51,8.22117,0.3612
12830000,18,91.0612,-9110.12,8.56792,0.325
12832000,21,89.3394,-9131.79,12.9464,0.342
12834000,18,86.5236,-9124.39,10.0929,0.3185
12836000,25,109.785,-9121.37,11.3306,0.353333
12838000,22,104.669,-9116.51,9.62812,0.304
12840000,24,116.592,-9120.8,11.3525,0.359
12842000,27,128.315,-9106.51,15.1644,0.354
12844000,29,138.676,-9113.35,12.1193,0.355
12846000,27,123.954,-9124.51,14.1726,0.34
12848000,28,143.553,-9124.13,11.4515,0.361
12850000,23,103.338,-9130.13,14.581,0.355
12852000,21,106.151,-9111.5,8.91485,0.336333
12854000,19,92.3212,-9115.42,8.97041,0.324
12856000,25,113.657,-9109.18,15.6015,0.332
12858000,24,111.908,-9104.37,13.5427,0.333
12860000,20,90.8389,-9116.68,16.1757,0.320833
12862000,24,120.924,-9113.55,7.81405,0.357
12864000,23,111.766,-9105.5,17.0281,0.338
12866000,24,127.006,-9119.6,6.8173,0.343
12868000,24,119.683,-9118.22,10.3014,0.335692
12870000,25,129.656,-9108.24,10.4126,0.337
12872000,26,126.257,-9133,11.5483,0.348
12874000,28,140.268,-9130.99,13.3618,0.344
12876000,21,105.298,-9132.17,14.1667,0.328167
12878000,25,121.379,-9115.97,10.7754,0.358
12880000,28,145.607,-9108.77,11.6419,0.355667
12882000,27,149.218,-9108.15,12.6566,0.367
12884000,29,145.497,-9109.41,12.1676,0.369
12886000,27,127.129,-9102.64,16.631,0.364
12888000,24,113.814,-9114.15,12.3302,0.34776
12890000,22,104.274,-9116.81,9.8384,0.333
12892000,21,100.773,-9129.11,9.71575,0.312
12894000,22,107.382,-9110.4,10.1128,0.366375
12896000,21,98.2962,-9115.07,14.1918,0.327625
12898000,24,116.21,-9114.9,12.3204,0.365
12900000,22,113.984,-9104.47,9.91741,0.335571
12902000,20,94.9397,-9105.34,10.716,0.328
12904000,21,102.613,-9120.03,10.4957,0.337778
12906000,20,95.3257,-9120.44,10.9128,0.322
12908000,21,95.503,-9105.09,9.05858,0.319
12910000,26,121.704,-9108.75,9.46479,0.362417
12912000,27,121.675,-9110.55,15.999,0.335
12914000,19,93.5189,-9121.44,9.53465,0.321
12916000,20,92.1543,-9123.86,11.9853,0.357
12918000,21,98.1662,-9117.61,12.5809,0.324
12920000,21,96.8787,-9126.88,14.3238,0.330167
12922000,23,102.875,-9118.27,14.8358,0.294
12924000,24,114.292,-9126.89,12.0105,0.345
12926000,22,110.64,-9137.85,13.6443,0.352
12928000,24,128.224,-9134.69,10.5691,0.3515
12930000,24,128.76,-9124.82,9.30876,0.376
12932000,20,102.179,-9125.28,9.26294,0.336
12934000,22,109.288,-9122.88,13.603,0.355
12936000,25,132.613,-9125.92,11.4006,0.374
12938000,24,124.045,-9111.77,12.1554,0.345545
12940000,26,128.898,-9120.73,12.0941,0.336
12942000,23,118.647,-9115.23,10.3827,0.308
12944000,20,100.862,-9112.47,8.79197,0.323
12946000,21,108.216,-9110.14,12.6738,0.343
12948000,23,114.017,-9109.71,11.8243,0.292
12950000,23,105.97,-9112.57,14.1365,0.351273
12952000,22,95.0924,-9116.56,13.2995,0.3285
12954000,23,117.674,-9123.05,7.47649,0.337
12956000,20,90.648,-9114.46,11.9949,0.311333
12958000,20,106.284,-9123.61,9.1691,0.335667
12960000,25,110.871,-9117.94,14.6831,0.356
12962000,19,95.5451,-9118.77,10.3721,0.35
12964000,18,94.5075,-9116.6,9.00743,0.335
12966000,18,92.8012,-9127.47,11.7343,0.328
12968000,20,104.987,-9126.96,9.30745,0.312
12970000,19,96.5722,-9119.4,10.49,0.315
12972000,24,112.533,-9124.64,13.511,0.325
12974000,22,102.54,-9114.38,11.7191,0.339
12976000,23,104.139,-9110.45,15.0585,0.352
12978000,22,105.296,-9118.38,9.74662,0.365
12980000,21,98.8047,-9116.3,11.0442,0.318
12982000,25,127.66,-9130.3,12.1653,0.35
12984000,21,97.5501,-9121.93,9.98438,0.317
12986000,18,90.1251,-9114.45,10.0268,0.335722
12988000,20,105.292,-9118.97,7.60886,0.326
12990000,23,108.485,-9114.35,14.5184,0.339
12992000,27,126.185,-9121.65,16.2536,0.348
12994000,22,102.93,-9110.77,11.1864,0.336417
12996000,24,109.633,-9115.41,13.5778,0.317
12998000,23,99.8705,-9117.75,17.362,0.364
13000000,20,92.0444,-9126.62,7.96935,0.337
13002000,23,89.3441,-9120,24.2958,0.326
13004000,22,95.621,-9117.75,15.3248,0.334
13006000,22,102.782,-9115.88,13.2349,0.341
13008000,22,114.855,-9118.33,7.75463,0.338333
13010000,25,132.368,-9114.83,12.3901,0.313
13012000,21,109.593,-9111.51,7.6058,0.327
13014000,21,111.491,-9113.59,8.32551,0.325
13016000,22,103.778,-9112.14,14.9402,0.342
13018000,21,111.201,-9120.62,8.89219,0.3195
13020000,24,114.126,-9117.82,11.0774,0.322667
13022000,24,113.53,-9104.39,11.9459,0.357
13024000,23,108.493,-9124.58,13.5738,0.31505
13026000,21,98.0196,-9110.22,11.3815,0.337667
13028000,20,93.8042,-9122.89,11.7473,0.306
13030000,22,111.339,-9138.95,6.584,0.35
13032000,20,96.9305,-9128.08,10.3126,0.334
13034000,21,110.074,-9125.96,11.0364,0.3236
13036000,23,109.865,-9109.16,11.9539,0.331
13038000,24,120.418,-9115.88,14.2141,0.356
13040000,25,118.367,-9101.52,15.0421,0.330333
13042000,26,119.369,-9091.51,12.8989,0.343
13044000,25,120.76,-9105.95,12.6709,0.349
13046000,23,109.428,-9106.51,12.3349,0.376
13048000,25,118.312,-9114.02,11.4993,0.345
13050000,21,99.2607,-9108.17,11.2711,0.343
13052000,22,102.82,-9126.29,13.5723,0.317632
13054000,22,93.1442,-9119.5,16.9603,0.367
13056000,23,102.44,-9106.6,13.065,0.305
13058000,19,83.2185,-9122.4,11.1883,0.291
13060000,18,82.4965,-9128.07,13.1168,0.334385
13062000,20,95.8809,-9124.7,9.47609,0.3185
13064000,19,101.217,-9131.23,5.10338,0.324
13066000,23,119.405,-9118.54,10.58,0.3346
13068000,24,117.459,-9118.78,10.8381,0.33
13070000,23,115.28,-9112.99,10.1393,0.32
13072000,20,98.9437,-9105.12,9.55487,0.303
13074000,22,110.761,-9127.15,12.1466,0.333875
13076000,18,85.512,-9114.79,12.7466,0.357
13078000,19,91.9351,-9107.32,9.07537,0.333
13080000,23,112.811,-9117.36,12.4059,0.3277
13082000,22,113.414,-9130.84,13.0657,0.347
13084000,20,104.688,-9125.56,9.64165,0.299
13086000,20,99.0596,-9137.44,10.9144,0.334227
13088000,20,100.542,-9121.08,12.4342,0.334
13090000,21,96.2091,-9124.23,14.3116,0.317
13092000,20,93.7187,-9130.9,12.6503,0.338
13094000,25,122.637,-9117.93,15.5734,0.373
13096000,22,112.545,-9135.07,10.5969,0.336
13098000,25,118.648,-9112.64,12.4919,0.373
13100000,22,110.286,-9133.2,10.1839,0.336
13102000,24,119.687,-9124.92,11.9492,0.335
13104000,21,104.142,-9128.83,9.84184,0.3475
13106000,20,91.6059,-9125.79,9.88922,0.339222
13108000,20,104.068,-9126.13,9.30047,0.328
13110000,21,113.331,-9136.64,10.8806,0.327
13112000,24,114.482,-9105.24,12.2083,0.332
13114000,26,132.795,-9116.64,9.82644,0.381
13116000,25,121.277,-9121.06,10.6084,0.342
13118000,24,120.672,-9132.61,10.7834,0.338167
13120000,20,100.941,-9116.26,7.70772,0.329333
13122000,20,87.6331,-9126.56,9.29618,0.301
13124000,22,111.918,-9123.26,12.9089,0.317
13126000,23,130.105,-9120.54,9.425,0.34
13128000,22,114.324,-9141.2,10.2779,0.364
13130000,22,105.283,-9122.53,14.1893,0.347333
13132000,22,108.983,-9125.82,9.52902,0.312
13134000,24,113.165,-9116.73,12.8247,0.385
13136000,23,109.075,-9113.39,13.0058,0.319
13138000,23,98.5586,-9118.84,16.2045,0.366
13140000,23,103.342,-9119.61,11.0486,0.33395
13142000,23,114.379,-9113.46,11.5632,0.343
13144000,23,105.679,-9115.16,12.2554,0.337333
13146000,23,118.146,-9123.42,8.22307,0.351
13148000,18,89.0832,-9124.92,8.46144,0.334222
13150000,18,94.8205,-9129.82,7.40577,0.309
13152000,21,111.117,-9127.36,11.6904,0.331
13154000,19,95.5148,-9131.14,11.7979,0.325
13156000,23,111.37,-9130.01,12.3584,0.33
13158000,24,113.902,-9119.56,17.4463,0.352
13160000,23,107.828,-9130.06,12.5746,0.362
13162000,18,90.1315,-9128.14,10.2334,0.326
13164000,20,104.401,-9123.1,8.74536,0.327667
13166000,20,103.201,-9118.03,6.86237,0.331
13168000,21,96.4149,-9123.14,12.9168,0.279
13170000,22,97.3713,-9123.51,15.4704,0.321
13172000,21,107.595,-9141.64,10.4525,0.3295
13174000,23,100.984,-9114.79,11.5745,0.336889
13176000,21,103.007,-9114.63,8.07664,0.357
13178000,23,99.9673,-9114.77,15.5546,0.364
13180000,22,102.404,-9139.39,11.5818,0.349889
13182000,20,98.3292,-9132.27,9.51637,0.321
13184000,18,87.3742,-9126.98,9.10077,0.342429
13186000,21,96.5275,-9127.76,12.9647,0.323
13188000,19,87.5893,-9122.98,10.1953,0.303
13190000,21,103.815,-9129.31,8.65345,0.31
13192000,20,97.8083,-9126.84,9.51056,0.307
13194000,19,93.2126,-9112.16,7.48827,0.272
13196000,17,89.0406,-9133.62,5.70583,0.338
13198000,20,91.2081,-9123.31,9.16616,0.32175
13200000,22,105.456,-9113.62,10.3458,0.339
13202000,18,79.7648,-9122.29,12.4353,0.3214
13204000,20,96.008,-9128.29,12.9074,0.3105
13206000,22,106.34,-9131.51,10.8788,0.328333
13208000,22,110.297,-9132.48,14.4998,0.38
13210000,22,110.586,-9126.14,13.4275,0.35525
13212000,21,97.6729,-9111.04,10.9044,0.335333
13214000,25,111.918,-9109.13,14.0471,0.345
13216000,23,99.5915,-9096.5,12.3029,0.358
13218000,21,115.481,-9148.66,11.6869,0.3538
13220000,26,129.288,-9125.16,12.4074,0.351778
13222000,27,134.932,-9140.32,13.1176,0.365
13224000,24,118.357,-9120.93,11.6267,0.346929
13226000,23,120.028,-9125.78,9.38082,0.362
13228000,20,98.0842,-9130.44,10.4972,0.342
13230000,21,104.125,-9116.22,7.45134,0.342
13232000,23,114.548,-9119.46,11.8857,0.346889
13234000,27,130.723,-9113.51,16.4407,0.38
13236000,24,120.296,-9107.89,12.8851,0.356
13238000,22,102.466,-9117.59,12.8162,0.33
13240000,22,101.726,-9110.65,10.4836,0.316
13242000,19,98.7079,-9138.65,9.07851,0.324429
13244000,17,78.7932,-9135.2,10.0114,0.327
13246000,23,119.071,-9128.19,8.11749,0.3226
13248000,23,112.521,-9120.83,13.516,0.328706
13250000,22,107.887,-9112.71,12.9311,0.331
13252000,25,125.26,-9117.17,12.1232,0.368
13254000,21,110.84,-9110.19,10.2257,0.354
13256000,20,100.593,-9115.96,11.0474,0.322
13258000,18,87.3989,-9133.35,8.89872,0.328
13260000,17,68.5668,-9127.71,11.3682,0.298
13262000,18,80.4449,-9124.98,13.9042,0.323
13264000,17,80.2286,-9133.86,10.3087,0.2925
13266000,19,99.8377,-9131.11,9.93938,0.339
13268000,19,95.5649,-9117.87,11.3384,0.334273
13270000,20,93.2735,-9117.15,11.6007,0.316
13272000,22,113.686,-9135.1,10.1923,0.348
13274000,21,101.573,-9116.26,12.1201,0.35075
13276000,18,74.536,-9128.29,7.25505,0.364
13278000,17,72.6191,-9127.12,9.32976,0.309
13280000,17,78.4052,-9127.54,8.65173,0.3045
13282000,19,88.8244,-9126.33,10.5115,0.306
13284000,19,92.4423,-9129.28,10.1596,0.333412
13286000,21,107.342,-9142.65,10.3025,0.338333
13288000,19,94.8485,-9117.48,8.93679,0.322
13290000,20,101.294,-9127.27,10.6096,0.356
13292000,18,86.345,-9116.78,5.05082,0.315
13294000,22,100.458,-9112.16,15.0952,0.339
13296000,19,85.4636,-9111.82,12.4629,0.355
13298000,19,97.1691,-9132.28,9.18834,0.3418
13300000,20,86.5762,-9126.68,13.4168,0.324765
13302000,16,75.7265,-9122.38,5.84748,0.3158
13304000,19,81.0737,-9125.09,10.7202,0.31
13306000,22,102.792,-9135.64,12.2023,0.331
13308000,21,93.2292,-9122.19,11.9578,0.326
13310000,21,90.4534,-9124.25,15.3081,0.3475
13312000,21,104.258,-9131.83,9.18401,0.339
13314000,20,94.5918,-9117.83,10.7024,0.333
13316000,21,98.6843,-9116.64,4.92065,0.315
13318000,24,120.098,-9118.99,10.1799,0.363
13320000,20,94.6568,-9119.29,10.5652,0.3385
13322000,16,80.9859,-9129.21,6.92209,0.3205
13324000,22,111.657,-9119.83,12.111,0.343333
13326000,23,115.798,-9120.82,9.33975,0.357
13328000,23,108.171,-9114.71,11.4512,0.319
13330000,23,108.302,-9143.36,10.6584,0.329875
13332000,20,96.942,-9122.52,8.45857,0.320742
13334000,21,97.0895,-9107.91,7.73821,0.31
13336000,18,91.5951,-9134.84,13.1882,0.3336
13338000,17,78.5646,-9126.89,7.63601,0.322
13340000,18,87.0713,-9116.33,9.32152,0.311333
13342000,19,93.4603,-9114.03,9.99648,0.307
13344000,19,96.3293,-9141.81,6.91597,0.356
13346000,21,103.383,-9135.71,11.8598,0.3435
13348000,22,104.729,-9130.39,12.01,0.297
13350000,20,102.918,-9120.73,11.8621,0.312
13352000,22,111.811,-9104.71,10.4446,0.341
13354000,24,121.787,-9118.31,11.871,0.343
13356000,22,103.857,-9117.14,13.2732,0.321
13358000,22,113.86,-9121.34,12.3192,0.326143
13360000,28,142,-9123.34,15.1759,0.389
13362000,30,148.309,-9117.2,15.7155,0.372
13364000,25,124.12,-9122.68,14.7982,0.373
13366000,23,121.663,-9127.84,12.8184,0.368
13368000,24,114.455,-9127.41,10.3436,0.325
13370000,25,123.639,-9110.44,12.0161,0.372
13372000,26,132.97,-9111.62,11.758,0.33
13374000,28,133.517,-9122.22,20.155,0.354
13376000,26,134.464,-9121.61,10.9897,0.36
13378000,23,114.104,-9134.6,14.1372,0.325675
13380000,23,102.565,-9103.85,13.2727,0.351
13382000,23,111.04,-9108.17,12.4841,0.342
13384000,23,106.738,-9126.52,10.5804,0.344
13386000,19,90.6622,-9128.83,9.04235,0.345
13388000,19,87.8832,-9116.68,13.4378,0.320304
13390000,24,108.682,-9121.77,10.0822,0.381
13392000,28,129.698,-9128.6,15.93,0.351
13394000,24,118.285,-9109.25,14.6453,0.3475
13396000,20,101.077,-9135.14,9.44588,0.332
13398000,22,100.802,-9113.52,12.4933,0.339
13400000,27,141.02,-9128.51,14.5379,0.388
13402000,25,112.671,-9108.88,16.7412,0.3318
13404000,33,158.978,-9109.45,18.3102,0.377
13406000,27,118.263,-9103.23,17.2347,0.364
13408000,18,92.0526,-9123.77,8.5046,0.32
13410000,19,99.0402,-9132.54,5.93948,0.311
13412000,26,114.168,-9095.14,14.3743,0.326
13414000,19,84.9606,-9124.06,11.0808,0.307
13416000,23,103.562,-9114.76,14.592,0.353071
13418000,23,103.074,-9123.32,14.0142,0.333875
13420000,23,105.635,-9128.36,8.85514,0.304
13422000,22,108.589,-9117.35,12.5137,0.32
13424000,20,100.343,-9136.04,11.1303,0.3127
13426000,21,93.4695,-9118.49,9.63186,0.31
13428000,25,114.569,-9109.17,14.9472,0.353
13430000,20,94.1086,-9123.48,10.0466,0.309714
13432000,24,106.122,-9105.84,12.6474,0.332
13434000,21,102.212,-9119.38,9.31303,0.3395
13436000,20,100.312,-9120.05,9.15421,0.332
13438000,19,91.659,-9114.14,15.4374,0.31
13440000,20,92.0157,-9113.43,7.45283,0.318571
13442000,23,113.928,-9111.83,8.68983,0.334
13444000,19,92.1239,-9115.8,9.74395,0.301
13446000,23,104.695,-9115.42,13.317,0.33
13448000,20,99.858,-9127.93,9.18509,0.277
13450000,21,103.802,-9124.32,10.0618,0.356
13452000,22,85.0477,-9116.36,11.411,0.3276
13454000,19,89.6281,-9129.33,11.6852,0.328
13456000,22,111.664,-9141.71,9.88057,0.3315
13458000,22,95.3088,-9124.89,10.0432,0.351
13460000,20,97.8252,-9119.15,11.1993,0.319
13462000,19,99.5338,-9123.03,10.1189,0.357
13464000,20,97.0749,-9120.92,9.6539,0.317
13466000,23,112.39,-9123.25,9.11102,0.3105
13468000,18,88.9858,-9129.94,9.54411,0.32
13470000,19,94.4279,-9130.84,12.5666,0.326
13472000,20,89.6185,-9121.34,12.3952,0.312
13474000,22,109.825,-9110.17,13.1878,0.339
13476000,24,127.485,-9108.35,9.55773,0.339
13478000,23,123.365,-9100.88,9.01097,0.335
13480000,21,98.8417,-9105.17,10.794,0.32672
13482000,24,103.833,-9094.31,16.2739,0.338333
13484000,30,144.548,-9090.77,14.8188,0.339
13486000,22,107.599,-9112.26,14.3952,0.329714
13488000,25,116.002,-9100.04,13.7529,0.33775
13490000,26,116.257,-9096.53,12.452,0.318
13492000,30,132.108,-9091.78,20.1154,0.358
13494000,29,139.169,-9092.77,11.1111,0.395
13496000,20,98.7649,-9126.57,13.9121,0.327875
13498000,21,99.822,-9122.35,14.7267,0.322
13500000,18,90.1327,-9125.01,7.3417,0.336
13502000,19,91.089,-9126.4,13.0759,0.314
13504000,22,102.825,-9127.13,12.1657,0.333
13506000,25,132.674,-9136.16,11.4252,0.375
13508000,24,105.649,-9111.49,18.0304,0.338
13510000,21,101.665,-9151.32,11.0882,0.34675
13512000,18,89.5878,-9136.79,13.0202,0.336148
13514000,22,107.614,-9119.94,7.12411,0.302
13516000,21,96.373,-9121.13,16.3105,0.3205
13518000,23,119.366,-9130.42,10.1643,0.364
13520000,22,108.615,-9125.1,15.3568,0.337
13522000,21,100.67,-9132.86,13.987,0.352636
13524000,24,127.426,-9113.52,11.8761,0.341
13526000,28,149.379,-9128.31,11.9472,0.357
13528000,23,121.369,-9109.93,6.57601,0.334
13530000,24,113.428,-9115.56,14.5332,0.338417
13532000,25,106.029,-9108.13,17.5222,0.347
13534000,28,124.248,-9106.88,16.7885,0.32
13536000,23,112.383,-9110.71,9.70897,0.347857
13538000,23,117.609,-9121.01,11.3961,0.356
13540000,25,128.659,-9116.48,14.5821,0.336667
13542000,24,116.752,-9118.8,7.9434,0.326571
13544000,24,119.187,-9108.71,11.572,0.328
13546000,22,111.444,-9112.9,13.5125,0.355
13548000,23,121.314,-9115.68,11.3359,0.317
13550000,21,95.8776,-9121.38,10.2137,0.327
13552000,20,92.4974,-9120.53,13.4773,0.328
13554000,19,93.9957,-9117.74,11.9357,0.334273
13556000,20,101.467,-9115.72,7.8381,0.313182
13558000,21,98.2306,-9120.9,12.8118,0.332
13560000,19,90.9944,-9117.49,12.4624,0.328
13562000,20,90.8619,-9124.49,12.438,0.303
13564000,22,107.971,-9120.44,12.0908,0.337
13566000,21,96.8333,-9106.53,12.5157,0.33
13568000,22,95.1679,-9116.5,10.0841,0.316
13570000,28,145.943,-9113.98,12.1374,0.355
13572000,27,132.001,-9103.42,18.9219,0.351
13574000,20,94.6343,-9126.85,12.5929,0.327
13576000,22,108.359,-9116.39,12.1372,0.355
13578000,18,94.7569,-9121.52,11.748,0.316
13580000,26,126.408,-9122.13,10.139,0.349
13582000,25,119.021,-9101.67,15.608,0.327
13584000,25,122.04,-9106.54,8.79363,0.351
13586000,23,103.018,-9094.82,12.9409,0.302
13588000,23,114.362,-9106.14,9.64962,0.341
13590000,24,112.725,-9106.34,13.9558,0.345
13592000,23,106.738,-9112.59,16.2804,0.330075
13594000,26,124.549,-9112.3,15.5005,0.381
13596000,24,118.013,-9118.96,12.6857,0.358
13598000,23,110.885,-9115.46,12.5628,0.362
13600000,20,86.8034,-9109.2,16.0517,0.299
13602000,23,109.794,-9099.88,14.0465,0.3465
13604000,23,116.142,-9106.24,10.8093,0.339
13606000,25,115.97,-9110.54,14.8175,0.344
13608000,22,113.842,-9105.34,12.364,0.328
13610000,25,121,-9110.5,13.4084,0.332
13612000,22,107.903,-9125.9,14.6402,0.326559
13614000,26,128.248,-9098.57,13.9057,0.336
13616000,27,135.435,-9107.76,11.9819,0.339
13618000,27,123.011,-9109.97,19.7453,0.364
13620000,26,128.267,-9110.62,9.13516,0.3305
13622000,20,90.9712,-9119.43,8.15714,0.325524
13624000,18,79.4275,-9114.77,7.19099,0.311
13626000,24,110.558,-9132.54,11.0893,0.337714
13628000,24,124.121,-9109.51,12.7221,0.348
13630000,28,144.175,-9114.44,13.7673,0.35
13632000,26,121.834,-9108.69,15.3418,0.341
13634000,20,90.6949,-9123.91,7.11653,0.335143
13636000,23,114.901,-9107.07,12.1581,0.344
13638000,25,126.895,-9106.61,13.7846,0.326
13640000,24,119.117,-9100.61,12.5076,0.316
13642000,18,86.9014,-9115.38,7.67021,0.311
13644000,23,108.075,-9108.35,10.5509,0.323
13646000,21,98.0045,-9119.3,12.8746,0.304
13648000,24,107.186,-9121.91,13.3876,0.341
13650000,23,112.415,-9133.79,14.7314,0.336
13652000,25,116.552,-9107.41,17.1592,0.342474
13654000,25,120.375,-9103.34,18.6274,0.341
13656000,29,135.587,-9104.8,18.9259,0.334
13658000,24,122.632,-9114.81,10.7444,0.309
13660000,20,99.8899,-9125.48,12.0551,0.340222
13662000,19,93.0415,-9120.72,7.31379,0.311
13664000,26,117.238,-9110.59,13.1306,0.346
13666000,24,113.253,-9112.97,9.75601,0.338
13668000,24,108.621,-9107.06,14.4153,0.354
13670000,20,98.7459,-9128.89,10.8861,0.337875
13672000,22,110.322,-9100.57,10.0741,0.346
13674000,23,102.39,-9110.83,9.99797,0.3542
13676000,24,113.107,-9122.8,16.7599,0.340389
13678000,21,107.585,-9110.85,14.4449,0.336833
13680000,20,106.786,-9124.4,11.6534,0.34
13682000,20,91.9236,-9121.66,14.0233,0.329143
13684000,20,93.503,-9133.49,11.1704,0.321
13686000,19,92.9403,-9136.33,7.39701,0.321
13688000,23,111.579,-9109.67,10.8028,0.362
13690000,24,120.762,-9105.42,9.78498,0.344
13692000,19,94.5387,-9112.27,8.9557,0.318222
13694000,16,83.3947,-9141.05,9.84817,0.320611
13696000,22,107.656,-9133.85,10.6752,0.333667
13698000,28,117.992,-9098.75,18.1489,0.346875
13700000,25,108.667,-9098.23,14.7282,0.333
13702000,27,130.841,-9099.24,12.6473,0.347
13704000,20,99.3801,-9147.1,7.92007,0.311714
13706000,25,123.073,-9105.77,17.72,0.323
13708000,23,105.261,-9110.08,14.5155,0.328
13710000,23,106.496,-9113.93,12.114,0.334
13712000,22,103.868,-9110.28,10.6352,0.322
13714000,24,117.845,-9115.76,8.68859,0.43
13716000,25,115.209,-9114.84,15.4132,0.387
13718000,26,122.937,-9121.17,14.8321,0.362
13720000,23,106.628,-9117.33,8.39865,0.339727
13722000,22,105.424,-9135.74,11.6171,0.3436
13724000,23,96.6863,-9132.2,15.028,0.364
13726000,23,106.239,-9116.2,12.7634,0.321
13728000,24,109.01,-9126.06,12.6261,0.314
13730000,24,105.771,-9121.17,15.4482,0.348
13732000,18,79.2899,-9134.78,6.99395,0.324545
13734000,17,75.1679,-9132.67,9.87696,0.33
13736000,18,77.8326,-9133.9,8.0661,0.31
13738000,21,92.1685,-9123.66,11.0285,0.337
13740000,24,116.84,-9122.3,11.0755,0.356
13742000,24,114.176,-9123.35,15.1339,0.378
13744000,21,97.2544,-9132.64,8.24733,0.342
13746000,20,87.0981,-9121.63,9.39005,0.333375
13748000,22,99.9708,-9138.82,10.9287,0.324
13750000,22,103.936,-9115.69,11.2398,0.317474
13752000,23,97.4566,-9115.58,15.4881,0.33125
13754000,24,114.64,-9119.68,10.7305,0.355
13756000,22,111.564,-9130.12,11.5235,0.344
13758000,21,98.4675,-9133.2,11.7041,0.314
13760000,23,103.258,-9141.07,13.4386,0.327
13762000,23,108.626,-9141.85,15.1024,0.318
13764000,23,106.573,-9119.5,9.20445,0.317
13766000,23,112.684,-9118.94,10.6456,0.3279
13768000,25,123.925,-9107.13,10.2147,0.321308
13770000,19,84.9253,-9109.58,12.9345,0.314
13772000,26,131.153,-9117.13,15.1431,0.341
13774000,24,105.701,-9105.55,13.7594,0.341222
13776000,29,134.25,-9122.87,11.9586,0.337
13778000,26,126.79,-9124.14,14.843,0.375
13780000,24,123.158,-9121.81,11.307,0.362
13782000,25,126.524,-9123.5,8.82776,0.349
13784000,25,121.888,-9106.57,14.1814,0.351
13786000,23,103.175,-9119.43,16.4165,0.36025
13788000,22,110.115,-9131.05,13.2304,0.354
13790000,21,94.2298,-9126.84,14.6614,0.344
13792000,21,105.15,-9114.87,8.81422,0.313
13794000,20,98.2049,-9131.15,10.0866,0.34325
13796000,23,108.556,-9118.59,11.9209,0.34
13798000,24,111.459,-9117.88,11.5584,0.353
13800000,19,100.496,-9125.32,6.57347,0.346333
13802000,23,109.966,-9092.15,11.9365,0.332
13804000,24,110.092,-9098.29,12.1868,0.337
13806000,26,122.087,-9105.06,10.4606,0.314
13808000,24,103.272,-9104.59,12.7851,0.319778
13810000,23,110.473,-9123.43,13.4358,0.362
13812000,22,103.161,-9106.91,13.8245,0.297
13814000,20,89.9075,-9115.2,15.5048,0.32525
13816000,26,117.186,-9112.23,11.5131,0.3375
13818000,22,102.565,-9103.93,12.8168,0.319
13820000,19,88.2303,-9122.16,10.7593,0.2966
13822000,16,80.1455,-9128.35,7.56272,0.321136
13824000,24,113.317,-9119.86,14.192,0.3482
13826000,24,122.371,-9115.71,11.3378,0.3338
13828000,20,91.7689,-9137.79,10.4844,0.340833
13830000,24,110.245,-9128.01,14.8456,0.342
13832000,19,90.1487,-9117.68,11.6949,0.335111
13834000,25,110.615,-9132.3,15.9948,0.342
13836000,21,100.007,-9133.8,12.1508,0.335
13838000,22,97.0995,-9115.29,13.5283,0.3245
13840000,19,87.1201,-9126.85,9.87845,0.346778
13842000,25,127.407,-9115.54,12.7407,0.336083
13844000,26,121.879,-9119.8,19.074,0.398
13846000,23,119.465,-9136.01,10.7522,0.351
13848000,27,120.541,-9129.8,16.8884,0.346
13850000,28,152.922,-9111.93,11.7751,0.39
13852000,28,139.547,-9119.27,18.8323,0.373
13854000,26,128.541,-9127.76,14.8371,0.39
13856000,22,103.037,-9130.33,15.5659,0.335
13858000,21,97.7854,-9112.29,15.0036,0.353
13860000,23,112.625,-9109.35,10.7725,0.339375
13862000,26,117.645,-9118.29,13.9991,0.344
13864000,27,137.277,-9124.03,12.1923,0.329667
13866000,23,122.537,-9125.7,12.3732,0.337
13868000,21,106.202,-9114.36,10.3269,0.3354
13870000,20,96.4569,-9122.38,7.99974,0.349625
13872000,23,110.644,-9104.15,16.7935,0.311333
13874000,24,119.536,-9120.52,15.715,0.34
13876000,25,124.203,-9127,11.5329,0.346
13878000,23,107.463,-9122.08,15.9328,0.333
13880000,21,104.715,-9124.47,9.77233,0.316
13882000,20,102.579,-9121.84,10.3103,0.332313
13884000,19,90.3634,-9148.88,17.3134,0.318
13886000,21,107.626,-9131.78,15.4218,0.352
13888000,25,115.566,-9127.07,15.6252,0.378
13890000,27,138.258,-9131.79,12.8014,0.351
13892000,20,109.481,-9119.46,9.11736,0.329143
13894000,22,117.156,-9121.72,11.5448,0.337
13896000,26,130.834,-9123.61,11.7265,0.327
13898000,26,130.418,-9118.82,12.5841,0.351
13900000,26,121.964,-9111.06,12.0631,0.352
13902000,26,126.339,-9121.98,14.0971,0.338
13904000,26,125.511,-9115.67,12.0438,0.361
13906000,25,119.81,-9109.02,10.5658,0.305
13908000,23,111.891,-9109.69,10.8361,0.3415
13910000,21,99.2707,-9124.29,11.5487,0.327
13912000,20,92.531,-9121.31,11.7964,0.317
13914000,24,107.025,-9112.66,11.6698,0.3275
13916000,24,115.67,-9106.58,13.3027,0.334
13918000,26,130.469,-9096.11,12.4156,0.344
13920000,24,121.448,-9107.7,12.6503,0.3405
13922000,26,132.163,-9110.82,15.5712,0.335
13924000,27,137.524,-9103.98,11.022,0.337
13926000,26,137.798,-9112.06,12.4618,0.337947
13928000,22,108.62,-9128.94,11.3209,0.340889
13930000,25,122.348,-9117.35,13.0812,0.341
13932000,21,101.446,-9128.14,12.2935,0.317667
13934000,23,117.28,-9132.32,9.47926,0.311
13936000,25,120.852,-9119.88,13.3098,0.355
13938000,24,115.726,-9122.06,12.4795,0.354
13940000,23,108.464,-9115.74,16.5629,0.328
13942000,26,121.885,-9116.12,14.8764,0.366
13944000,24,117.043,-9120.24,14.2753,0.329
13946000,26,136.965,-9124.53,13.1527,0.340083
13948000,27,136.625,-9119.72,13.5242,0.365
13950000,24,121.531,-9111.1,9.45393,0.3358
13952000,24,117.658,-9127.11,13.9233,0.353375
13954000,24,125.805,-9123.14,12.5374,0.324
13956000,20,96.6718,-9123.5,11.6774,0.314
13958000,20,108.902,-9110.75,7.30631,0.319667
13960000,22,115.436,-9115.3,8.56768,0.315
13962000,24,110.439,-9130.95,13.2644,0.342455
13964000,23,114.973,-9095.25,15.7602,0.344
13966000,24,116.826,-9112.33,14.2052,0.34
13968000,22,103.861,-9120.23,14.0399,0.332
13970000,19,101.183,-9120.91,5.92242,0.320778
13972000,21,104.143,-9121.3,13.4747,0.316
13974000,20,107.935,-9122.97,11.7409,0.312
13976000,22,105.804,-9132.33,10.6601,0.312
13978000,19,93.9881,-9124.32,8.52294,0.314
13980000,19,96.94,-9130.99,11.0971,0.333583
13982000,20,107.73,-9122.57,7.97956,0.322
13984000,20,97.7921,-9116.56,10.9226,0.3088
13986000,21,106.316,-9122.26,13.4163,0.324
13988000,20,99.0126,-9119.51,12.8025,0.31
13990000,19,90.3135,-9112.82,9.20442,0.3105
13992000,21,97.7369,-9120.4,11.7724,0.31
13994000,19,89.4631,-9129.55,6.78999,0.307
13996000,18,90.9538,-9116.46,8.79325,0.3218
13998000,19,93.5171,-9122.42,12.0524,0.30425
14000000,22,105.816,-9115.97,13.6436,0.315875
14002000,23,117.868,-9107.31,10.2684,0.341
14004000,21,93.2578,-9122.48,13.1291,0.325
14006000,22,104.172,-9121.29,10.7388,0.325714
14008000,20,99.1316,-9122.59,8.71714,0.336
14010000,20,107.065,-9122.59,7.85453,0.342923
14012000,19,102.457,-9127.63,8.52909,0.324
14014000,21,104.019,-9110.88,13.8538,0.32175
14016000,24,113.069,-9106.09,12.403,0.342
14018000,23,112.996,-9130.32,8.40859,0.330556
14020000,22,114.422,-9120.28,9.7108,0.310667
14022000,27,130.134,-9115.08,14.6259,0.3376
14024000,23,119.576,-9133.2,11.8721,0.343091
14026000,25,122.09,-9112.65,10.0584,0.338
14028000,21,107.652,-9120.44,9.46602,0.349333
14030000,23,114.117,-9110.39,10.1133,0.292
14032000,24,108.506,-9108.79,10.6161,0.343
14034000,24,121.713,-9114.15,11.6033,0.349
14036000,24,113.935,-9118.32,16.2887,0.31
14038000,26,137.309,-9115.96,12.0199,0.341
14040000,25,125.473,-9109.63,12.4673,0.329615
14042000,24,122.016,-9112.68,9.00419,0.346
14044000,19,92.1619,-9108.47,11.4246,0.329
14046000,21,106.403,-9145.36,13.0929,0.344
14048000,20,102.009,-9140.61,13.7276,0.353
14050000,23,118.334,-9142.56,14.913,0.322125
14052000,20,103.62,-9109.73,7.54347,0.335
14054000,19,92.2533,-9125.49,15.2404,0.344
14056000,22,108.107,-9118.47,10.134,0.353
14058000,20,95.3902,-9115.19,9.13307,0.358
14060000,18,95.0212,-9132.23,7.91182,0.329571
14062000,20,107.982,-9125.72,10.6181,0.313
14064000,19,95.0137,-9138.32,6.70649,0.31
14066000,20,102.74,-9143.34,11.1507,0.307
14068000,20,96.2666,-9119.97,8.20165,0.343857
14070000,21,103.634,-9122.66,11.0245,0.33035
14072000,23,113.011,-9127.41,14.9126,0.364
14074000,24,121.046,-9118.23,11.1963,0.33
14076000,22,98.97,-9121.63,17.2853,0.328333
14078000,21,87.2041,-9119.06,13.8589,0.316
14080000,24,100.713,-9114.26,16.9514,0.3125
14082000,19,83.841,-9143.61,16.8257,0.334
14084000,19,98.5343,-9139.78,13.6224,0.318
14086000,19,98.1811,-9127.56,9.52063,0.317143
14088000,25,120.317,-9123.54,14.2048,0.33125
14090000,23,115.957,-9117.13,13.3152,0.342
14092000,26,123.864,-9124.01,11.6059,0.339667
14094000,24,117.884,-9118.47,15.5289,0.357
14096000,19,94.2033,-9132.79,6.38427,0.290889
14098000,22,111.505,-9127.1,14.3306,0.351
14100000,20,92.5558,-9118.91,11.0484,0.315
14102000,18,91.5628,-9134.71,8.68098,0.325
14104000,16,82.4148,-9131.12,6.22718,0.301
14106000,25,119.1,-9127.64,15.2549,0.335
14108000,22,107.159,-9108.69,12.0443,0.337
14110000,18,94.375,-9137.33,8.08988,0.310667
14112000,17,89.59,-9133.33,8.79929,0.306
14114000,23,116.867,-9119.47,11.2594,0.318
14116000,22,102.057,-9107.44,21.3928,0.3215
14118000,22,111.176,-9133.04,7.22892,0.323
14120000,26,130.576,-9113.05,17.5227,0.336
14122000,26,131.942,-9115.64,11.9538,0.353
14124000,25,125.842,-9132.44,9.24812,0.331333
14126000,25,122.023,-9110.52,14.8897,0.368
14128000,27,138.315,-9105.59,10.3493,0.333
14130000,20,102.786,-9129.53,14.6957,0.370167
14132000,24,114.423,-9129.17,15.2419,0.392
14134000,21,102.616,-9126.86,9.28571,0.329
14136000,20,107.495,-9130.11,7.98442,0.403
14138000,22,105.652,-9125.37,13.2111,0.33
14140000,23,117.261,-9125.68,12.3685,0.342
14142000,22,109.959,-9136.41,14.5824,0.357
14144000,28,136.331,-9118.88,12.5765,0.331977
14146000,23,114.399,-9110.35,11.7666,0.327
14148000,23,113.897,-9109.6,13.3152,0.292
14150000,20,92.7608,-9130.27,10.9595,0.317429
14152000,18,83.0323,-9122.55,8.243,0.3153
14154000,23,106.669,-9112.03,10.4796,0.3304
14156000,22,102.844,-9130.37,9.81486,0.305
14158000,22,100.388,-9112.68,12.283,0.337
14160000,20,95.5419,-9119.79,10.3287,0.336778
14162000,19,86.9936,-9117.48,14.9842,0.314
14164000,19,95.07,-9128.03,10.8632,0.343714
14166000,25,121.846,-9113.07,13.9791,0.354917
14168000,24,115.525,-9111.51,11.5139,0.359
14170000,23,118.57,-9101.19,11.3572,0.329
14172000,23,117.327,-9131.42,14.6862,0.3742
14174000,20,96.1546,-9126.79,9.46767,0.352
14176000,20,101.397,-9120.63,12.0079,0.295
14178000,17,80.3469,-9141.03,10.6409,0.306
14180000,16,77.038,-9128.61,8.39777,0.306
14182000,23,108.849,-9116.87,12.1435,0.3215
14184000,21,95.7787,-9110.53,11.8854,0.319
14186000,22,97.7089,-9105.64,11.8007,0.322
14188000,17,90.9344,-9128.82,7.40457,0.327375
14190000,19,90.4258,-9137,9.91098,0.3405
14192000,18,91.5533,-9135.21,9.91186,0.344
14194000,22,104.006,-9111.76,16.7025,0.331
14196000,21,107.466,-9100.65,10.0807,0.306
14198000,20,111.212,-9126.38,5.18991,0.349
14200000,19,85.612,-9128.92,13.4564,0.335818
14202000,23,108.475,-9131.06,11.4963,0.335571
14204000,22,108.839,-9136.17,12.1996,0.358
14206000,28,134.956,-9100.76,17.4912,0.334
14208000,20,102.559,-9123.74,7.54978,0.324222
14210000,20,100.966,-9123.38,12.3824,0.327
14212000,26,127.731,-9100.53,10.9789,0.348
14214000,25,124.541,-9099.3,11.2116,0.31
14216000,26,130.026,-9102.15,13.0319,0.323
14218000,26,118.741,-9106,16.4265,0.332
14220000,28,130.954,-9088.8,14.9954,0.305
14222000,27,137.993,-9096.07,13.4041,0.329
14224000,22,104.248,-9125.72,8.94059,0.3
14226000,24,114.013,-9104.11,8.86789,0.327
14228000,23,97.0872,-9096.04,12.7095,0.311
14230000,24,121.991,-9114.25,10.1008,0.31
14232000,24,111.699,-9103.53,10.0521,0.317
14234000,26,108.956,-9105.36,15.6986,0.306
14236000,26,128.261,-9115.36,17.48,0.314692
14238000,25,118.954,-9122.05,13.5438,0.365
14240000,23,112.344,-9119.85,11.4995,0.332
14242000,27,123.187,-9127.01,13.5421,0.351
14244000,25,109.665,-9130.14,14.9565,0.375
14246000,24,112.437,-9115.41,15.5823,0.324244
14248000,19,92.8701,-9124.26,7.46559,0.344
14250000,26,125.749,-9118.94,13.9226,0.352
14252000,24,113.745,-9112.14,13.1827,0.343
14254000,21,94.9931,-9109.89,11.6148,0.333
14256000,21,95.5329,-9124.5,10.0355,0.347
14258000,22,111.278,-9122.02,6.87192,0.326
14260000,25,121.528,-9117.72,14.4254,0.327333
14262000,23,115.39,-9109.65,10.3345,0.35975
14264000,26,129.27,-9134.52,16.8676,0.3638
14266000,24,116.752,-9109.18,18.0363,0.339469
14268000,21,108.662,-9102.94,11.1038,0.314
14270000,22,111.83,-9113.85,11.1143,0.339
14272000,24,126.892,-9100.21,10.5066,0.347
14274000,20,91.1397,-9112.16,11.5951,0.336455
14276000,23,115.078,-9127,10.3393,0.346091
14278000,25,128.639,-9108.32,12.7669,0.35
14280000,23,113.392,-9106.49,7.71737,0.3178
14282000,23,114.572,-9100.09,12.0712,0.315
14284000,25,122.793,-9102.64,13.7127,0.35
14286000,26,122.646,-9099.1,16.6872,0.341
14288000,24,113.39,-9121.58,13.5706,0.328
14290000,24,109.833,-9098.93,12.9749,0.36
14292000,28,140.739,-9109.29,12.9096,0.354
14294000,21,98.6313,-9108.45,12.8026,0.339111
14296000,22,112.614,-9112.77,7.56413,0.3285
14298000,22,106.56,-9127.79,12.2127,0.318
14300000,21,99.0144,-9124.97,11.3815,0.328
14302000,21,107.333,-9102.73,8.87264,0.324429
14304000,22,110.473,-9111.77,16.0275,0.32
14306000,23,115.547,-9124.77,11.6801,0.349667
14308000,24,110.039,-9112.79,17.0615,0.336
14310000,24,114.144,-9094.47,14.064,0.321
14312000,24,121.332,-9101.71,15.1615,0.35
14314000,27,124.982,-9098.77,16.1053,0.341
14316000,26,129.544,-9107.16,13.0548,0.323
14318000,22,106.701,-9116.08,16.6499,0.326583
14320000,17,80.8118,-9139.49,6.49551,0.305
14322000,25,124.057,-9111.73,17.8422,0.336643
14324000,24,110.177,-9106.24,13.0806,0.349
14326000,23,118.623,-9110.27,7.78712,0.347
14328000,23,103.61,-9117.31,15.406,0.36
14330000,25,120.58,-9131.75,12.4807,0.344222
14332000,21,93.5023,-9121.02,14.6479,0.323
14334000,20,96.3346,-9113.95,11.3814,0.3245
14336000,23,111.868,-9114.75,11.6988,0.298
14338000,24,124.21,-9116.73,9.612,0.323
14340000,21,99.2437,-9114.51,14.647,0.325857
14342000,21,102.536,-9123.35,9.13851,0.302
14344000,25,107.836,-9114.85,18.2601,0.317
14346000,27,129.584,-9120.29,10.186,0.358
14348000,24,119.52,-9108.61,11.3709,0.318
14350000,23,114.993,-9117.14,14.3498,0.342636
14352000,22,110.664,-9120.48,9.73432,0.326
14354000,23,108.669,-9116.58,12.2226,0.322
14356000,29,136.968,-9116.15,17.3728,0.368
14358000,22,111.706,-9108.19,9.75195,0.342062
14360000,22,100.527,-9106.98,13.0062,0.31
14362000,21,102.337,-9106.6,9.01624,0.318
14364000,20,95.3818,-9117.69,9.22186,0.334667
14366000,20,95.0294,-9121.07,14.4574,0.31
14368000,20,102.096,-9127.04,11.4805,0.332
14370000,20,92.2182,-9114.11,10.9928,0.339643
14372000,21,100.873,-9113.29,10.0854,0.286
14374000,20,97.2901,-9117.13,10.991,0.318
14376000,22,108.876,-9112.21,12.0543,0.323
14378000,20,97.0271,-9119.98,12.4576,0.325067
14380000,24,116.86,-9102.82,11.4038,0.325
14382000,20,102.019,-9110.72,13.2161,0.329
14384000,21,109.854,-9128.02,7.79694,0.304
14386000,19,99.0665,-9121.1,7.86951,0.301
14388000,21,104.39,-9114.4,7.49655,0.336889
14390000,22,111.503,-9114.48,8.77416,0.369
14392000,19,99.7738,-9124.2,7.21209,0.332
14394000,20,100.589,-9117.1,10.5209,0.3265
14396000,20,92.1456,-9118.64,8.50022,0.364
14398000,20,91.8515,-9123.14,11.8008,0.313
14400000,24,120.386,-9133.73,6.73047,0.344429
14402000,19,87.3202,-9129.96,10.9935,0.352375
14404000,24,112.753,-9126.6,17.6498,0.344
14406000,19,100.99,-9139.57,9.3985,0.322143
14408000,21,108.123,-9126.7,10.0769,0.346
14410000,19,94.279,-9138.42,10.3759,0.333
14412000,20,101.55,-9140.48,9.92079,0.332
14414000,18,89.2909,-9123.15,11.4364,0.3295
14416000,20,100.288,-9124.86,12.2643,0.3155
14418000,21,105.879,-9112.65,9.31875,0.339
14420000,22,108.249,-9129.66,11.2969,0.337
14422000,26,124.966,-9119.32,14.4739,0.267
14424000,24,112.853,-9130.56,11.234,0.339
14426000,22,113.59,-9129.63,10.1395,0.352
14428000,26,125.889,-9123.26,13.9147,0.352
14430000,23,115.666,-9130.7,13.8999,0.35
14432000,20,104.288,-9130.69,10.2115,0.3
14434000,20,97.2163,-9132.55,7.94103,0.325
14436000,23,118.358,-9125.98,13.0307,0.346
14438000,25,129.674,-9132.57,10.341,0.369
14440000,29,125.2,-9106.07,17.1144,0.332697
14442000,31,144.009,-9104.43,16.5748,0.361
14444000,30,146.007,-9108.72,12.5471,0.371
14446000,25,106.963,-9130.18,16.2531,0.365
14448000,23,121.721,-9137.42,6.61037,0.358
14450000,22,113.693,-9136.96,8.96375,0.345
14452000,28,131.422,-9112.18,11.5363,0.346375
14454000,25,129.2,-9137.06,10.7534,0.349333
14456000,23,105.321,-9129.31,13.4259,0.346
14458000,23,106.376,-9122.86,14.3135,0.324
14460000,23,98.6105,-9122.63,10.039,0.362
14462000,25,105.093,-9114.51,19.1788,0.355
14464000,19,86.6734,-9107.96,8.42009,0.322
14466000,21,92.9504,-9119.78,16.1073,0.331
14468000,23,121.692,-9138.88,10.3561,0.356333
14470000,25,127.815,-9145.25,7.70348,0.392
14472000,24,114.725,-9125.78,13.7545,0.3218
14474000,22,102.893,-9128.13,12.9844,0.334
14476000,20,90.5595,-9133.31,13.575,0.326632
14478000,21,99.3809,-9114.04,10.9929,0.307
14480000,19,87.5258,-9116.21,8.79812,0.323519
14482000,24,106.009,-9121.64,13.4356,0.3335
14484000,21,102.566,-9122.54,10.8216,0.33
14486000,18,90.1285,-9134.75,7.98671,0.308
14488000,19,90.9585,-9115.97,10.4208,0.322
14490000,23,100.057,-9130.25,12.4864,0.309545
14492000,23,109.015,-9127.84,10.6385,0.322
14494000,20,86.5165,-9125.79,10.0836,0.324
14496000,18,86.0743,-9121.63,9.39599,0.316
14498000,20,85.609,-9122.21,13.8721,0.320909
14500000,19,91.3935,-9129.74,7.70508,0.33
14502000,24,122.682,-9118.56,8.49145,0.319
14504000,24,112.236,-9148.32,9.28844,0.335111
14506000,24,120.313,-9134.11,11.8389,0.367
14508000,22,112.822,-9139.92,8.33934,0.345
14510000,23,100.579,-9113.72,14.0845,0.358
14512000,19,91.2274,-9110.77,10.1847,0.3375
14514000,20,95.7189,-9118.07,12.8945,0.32
14516000,23,102.813,-9109.99,12.3478,0.316786
14518000,19,88.6857,-9134.22,11.6041,0.34
14520000,21,95.7665,-9116.46,9.80763,0.344
14522000,25,109.973,-9102.05,11.7863,0.325
14524000,23,101.231,-9112.57,16.2665,0.339
14526000,23,108.528,-9113.68,13.2461,0.347
14528000,20,88.8969,-9105.91,12.9061,0.323
14530000,22,109.973,-9123.38,8.79217,0.329333
14532000,17,84.7846,-9145.9,9.63699,0.332
14534000,24,108.197,-9093.83,11.5624,0.338
14536000,24,111.069,-9117.22,13.2161,0.3428
14538000,25,119.437,-9115.13,11.1619,0.308
14540000,26,127.817,-9116.65,14.2614,0.336
14542000,25,118.479,-9099.46,15.0965,0.344
14544000,27,133.488,-9099.93,10.613,0.369
14546000,26,125.662,-9105.83,14.2053,0.352
14548000,24,119.688,-9136.17,11.057,0.341
14550000,23,116.062,-9128.06,15.3806,0.3505
14552000,21,101.09,-9129.98,10.353,0.325
14554000,21,113.609,-9137.59,10.2552,0.354
14556000,21,116.712,-9128.2,5.40539,0.331
14558000,23,124.004,-9125.52,12.689,0.357
14560000,28,150.143,-9112.33,13.5344,0.37
14562000,25,131.094,-9114.11,14.8283,0.358
14564000,26,125.433,-9105.51,14.4868,0.384
14566000,27,132.007,-9115.98,12.7731,0.356
14568000,27,130.88,-9119.1,14.2119,0.393
14570000,25,114.81,-9107.5,10.4175,0.362
14572000,20,95.8784,-9118.02,7.26469,0.342652
14574000,20,96.6113,-9104.56,9.54578,0.347
14576000,20,100.73,-9130.62,9.78139,0.334
14578000,21,97.6413,-9128.17,12.5109,0.331
14580000,22,111.414,-9125,11.9565,0.331
14582000,20,107.452,-9129.16,8.74125,0.3202
14584000,23,110.554,-9113.4,9.76317,0.339333
14586000,22,115.061,-9148.28,10.6808,0.349
14588000,21,105.628,-9113.71,11.3509,0.319643
14590000,22,96.7333,-9130.93,8.98433,0.335
14592000,20,90.5425,-9122.09,8.64788,0.347
14594000,22,112.64,-9131.39,11.9914,0.3585
14596000,23,110.556,-9130.72,12.0615,0.339333
14598000,21,100.092,-9140.34,10.0941,0.321
14600000,23,116.726,-9129.46,10.3271,0.340125
14602000,19,93.6517,-9128.25,10.6013,0.331333
14604000,20,93.591,-9128.24,11.5029,0.337
14606000,22,113.219,-9131.92,8.12563,0.336
14608000,27,128.248,-9133.26,14.7166,0.359
14610000,24,120.416,-9136.72,14.8268,0.374
14612000,21,106.243,-9130.54,7.66226,0.3485
14614000,21,97.7351,-9131.67,14.2875,0.306
14616000,20,90.7151,-9130.08,14.5549,0.321
14618000,19,80.424,-9124.54,16.5127,0.335
14620000,18,80.3902,-9122.03,9.11766,0.313
14622000,23,108.582,-9127.05,12.6754,0.357
14624000,18,91.6462,-9135.43,7.01996,0.322
14626000,24,112.241,-9145.93,12.9449,0.335226
14628000,22,102.784,-9151.48,11.2874,0.374
14630000,25,120.986,-9120.59,12.2831,0.355579
14632000,22,108.833,-9114.94,10.51,0.329
14634000,26,126.254,-9137.78,11.9735,0.3505
14636000,25,121.146,-9121.37,14.9095,0.337
14638000,22,97.0383,-9127.98,13.0451,0.3355
14640000,20,103.476,-9120.52,9.76649,0.372
14642000,21,110.342,-9113.94,9.17472,0.358
14644000,24,113.555,-9119.43,17.8472,0.3655
14646000,23,106.337,-9112.89,7.55177,0.351333
14648000,22,111.023,-9117.46,9.48235,0.356
14650000,19,94.0669,-9125.2,8.4185,0.3436
14652000,22,115.647,-9123.47,9.70891,0.294
14654000,22,107.217,-9128.37,9.37241,0.3285
14656000,18,92.9196,-9118.98,5.18395,0.284
14658000,18,80.7175,-9127.35,14.0858,0.303
14660000,19,86.1614,-9127.45,11.7429,0.313
14662000,24,114.409,-9121.81,16.1479,0.343667
14664000,25,126.782,-9130.06,11.3352,0.336
14666000,22,103.437,-9118.19,12.2982,0.333
14668000,17,87.034,-9120.73,6.77376,0.325
14670000,18,86.2019,-9123.86,8.44446,0.319
14672000,22,97.1613,-9125.64,15.1146,0.338
14674000,21,95.7052,-9108.36,11.8513,0.338
14676000,22,106.11,-9110.53,10.2914,0.349
14678000,21,104.911,-9115.23,8.87251,0.344727
14680000,22,104.891,-9125.6,18.3979,0.337
14682000,25,125.533,-9130.28,13.5718,0.373
14684000,20,92.1105,-9109.73,10.7468,0.321
14686000,21,108.798,-9123.67,11.1149,0.36
14688000,25,133.505,-9117.62,10.3166,0.378
14690000,25,129.316,-9113.03,13.1066,0.337
14692000,23,114.447,-9115.02,13.9332,0.347875
14694000,23,110.244,-9108.25,10.1782,0.371
14696000,26,128.779,-9113.64,17.1242,0.341
14698000,25,126.681,-9106.42,13.0594,0.39
14700000,28,150.558,-9108.3,12.9647,0.351
14702000,30,146.119,-9110.19,14.3751,0.37
14704000,27,129.346,-9108.69,18.0164,0.35
14706000,26,126.021,-9112.53,13.2702,0.355
14708000,25,119.392,-9120.39,11.6703,0.365
14710000,22,100.924,-9118.51,11.3044,0.339
14712000,23,103.619,-9122.43,10.6413,0.343
14714000,24,109.602,-9109.27,15.4544,0.334875
14716000,24,114.939,-9121.47,13.0338,0.3429
14718000,26,130.176,-9125.76,11.0401,0.343
14720000,23,109.921,-9126.53,13.5988,0.319
14722000,20,90.283,-9132.58,14.4284,0.348
14724000,24,120.101,-9112.37,12.5168,0.330833
14726000,26,129.091,-9122.29,17.5646,0.356
14728000,27,134.064,-9125.95,8.63834,0.344
14730000,23,115.598,-9143.93,10.8983,0.358667
14732000,25,117.334,-9118.11,16.6856,0.346
14734000,24,113.286,-9127.22,12.978,0.3365
14736000,25,119.259,-9117.82,10.9898,0.354
14738000,22,112.312,-9130.04,11.4516,0.351
14740000,20,93.3203,-9121,10.0983,0.312
14742000,23,100.684,-9098.32,15.2981,0.336
14744000,26,124.978,-9102.14,17.4275,0.373
14746000,25,115.805,-9102.6,13.3781,0.334
14748000,26,116.377,-9098.98,13.9996,0.337
14750000,19,84.8939,-9125.05,12.1626,0.310632
14752000,18,87.4484,-9125.94,12.7759,0.294
14754000,24,114.878,-9090.19,12.633,0.3216
14756000,25,120.067,-9108.15,9.50369,0.337
14758000,26,130.817,-9118.16,12.3676,0.359
14760000,24,114.507,-9114.46,14.5903,0.339
14762000,20,95.9838,-9129.41,12.9296,0.316233
14764000,28,132.785,-9132.44,13.5577,0.363727
14766000,20,96.9265,-9145.51,11.2938,0.317556
14768000,20,96.3242,-9129.87,14.3897,0.316
14770000,21,106.799,-9113.61,9.18394,0.32
14772000,21,97.4375,-9115.32,14.5702,0.346
14774000,21,96.3213,-9114.17,9.23204,0.307273
14776000,22,110.133,-9123.62,10.1826,0.348
14778000,20,91.6778,-9124.46,11.1753,0.333
14780000,19,88.8661,-9129.87,13.1302,0.288
14782000,17,79.884,-9129.71,6.70401,0.293
14784000,21,105.788,-9119.85,8.52672,0.294
14786000,19,88.9439,-9124.34,11.961,0.3262
14788000,22,111.67,-9126.72,11.1905,0.326
14790000,22,109.202,-9106.45,10.9331,0.322
14792000,18,85.826,-9133.97,8.31427,0.318571
14794000,21,99.2436,-9110.1,8.6171,0.329
14796000,23,121.184,-9132.49,9.86711,0.332625
14798000,24,119.695,-9125.48,9.42658,0.3322
14800000,23,113.292,-9118.56,11.6777,0.366
14802000,23,113.457,-9106.18,8.95384,0.328429
14804000,18,86.8864,-9132.94,11.6006,0.337
14806000,17,84.7272,-9134.09,10.1758,0.323
14808000,22,96.4383,-9116.7,15.0466,0.327
14810000,25,104.734,-9109.74,9.89812,0.335
14812000,19,95.9279,-9138.99,11.4082,0.320333
14814000,20,99.7014,-9128.19,7.34657,0.309077
14816000,26,125.174,-9115.64,13.3371,0.3344
14818000,26,115.626,-9107.15,19.1914,0.357
14820000,25,125.221,-9106.56,11.2058,0.348
14822000,27,130.548,-9116.86,14.7616,0.349
14824000,27,131.718,-9105.77,14.0607,0.377
14826000,26,114.657,-9121.56,21.7121,0.371
14828000,27,128.35,-9109.33,10.8175,0.35
14830000,23,114.421,-9105.54,10.8317,0.348
14832000,23,116.314,-9107.48,9.2634,0.308
14834000,22,109.131,-9113.81,12.6042,0.341
14836000,19,91.6246,-9131.93,11.5032,0.329
14838000,18,78.8795,-9130.49,6.65637,0.338
14840000,22,102.705,-9117.45,9.91994,0.303
14842000,21,105.607,-9141.93,11.5262,0.354
14844000,24,110.52,-9113.77,13.4951,0.32775
14846000,23,104.039,-9111.76,11.087,0.345
14848000,21,96.3195,-9110.67,12.928,0.324
14850000,23,102.868,-9127.42,10.2062,0.341
14852000,23,103.986,-9105.08,13.3507,0.3455
14854000,26,134.055,-9133.91,11.3166,0.339636
14856000,26,122.36,-9122.28,16.6259,0.347
14858000,18,90.9041,-9138.88,6.68204,0.335
14860000,23,113.495,-9119.33,8.52561,0.349
14862000,24,107.114,-9110.45,13.2006,0.343
14864000,19,96.3989,-9143.89,7.90142,0.346833
14866000,24,113.823,-9107.4,13.0671,0.322692
14868000,23,110.553,-9133.24,12.0578,0.351333
14870000,23,108.327,-9123.91,11.8061,0.355333
14872000,23,108.562,-9111.2,12.9224,0.339
14874000,22,101.89,-9113.86,12.3935,0.349
14876000,20,91.8485,-9120.95,10.3436,0.337286
14878000,23,107.653,-9119.27,10.6313,0.355
14880000,25,114.926,-9126.97,13.8387,0.349
14882000,27,127.216,-9127.36,9.96552,0.364
14884000,22,110.558,-9128.23,7.03808,0.346
14886000,16,79.1736,-9138.75,8.10692,0.307
14888000,19,92.7032,-9117.08,11.772,0.305308
14890000,21,104.755,-9131.92,11.5542,0.3452
14892000,16,76.8001,-9133.24,14.2983,0.283
14894000,22,96.5968,-9121.44,12.5785,0.302667
14896000,18,91.927,-9127.51,8.0558,0.302
14898000,18,90.8431,-9136.71,9.70127,0.32
14900000,22,109.06,-9144.07,15.0894,0.315
14902000,21,100.963,-9132.9,11.8336,0.378
14904000,19,93.7136,-9128.23,8.24319,0.34
14906000,17,80.0725,-9141.81,9.7416,0.328
14908000,18,90.8858,-9140.77,9.73567,0.33625
14910000,19,83.9472,-9132.13,13.3362,0.33075
14912000,20,94.1903,-9133.81,9.0534,0.345
14914000,18,84.1102,-9119.05,8.55117,0.296
14916000,18,82.9191,-9120.84,9.13812,0.308
14918000,19,92.8598,-9129.15,8.75063,0.35
14920000,20,97.8043,-9124.54,10.5872,0.3375
14922000,22,110.344,-9117.92,8.29956,0.3085
14924000,19,83.867,-9128.06,10.9112,0.315
14926000,22,106.821,-9129.21,7.39117,0.342
14928000,18,86.9018,-9138.47,10.1132,0.32
14930000,18,86.2537,-9150.91,7.38401,0.339
14932000,18,91.9954,-9148.99,8.21833,0.307
14934000,19,99.6206,-9134.14,8.01916,0.32775
14936000,20,95.5129,-9134.8,12.6388,0.314
14938000,20,93.2044,-9132.84,16.4391,0.344
14940000,25,122.274,-9129.78,12.3185,0.338
14942000,29,133.175,-9137.42,16.5516,0.383
14944000,24,121.569,-9132.54,10.2314,0.365
14946000,20,98.9863,-9129.45,11.2738,0.341
14948000,17,86.9656,-9144.29,9.06156,0.33685
14950000,16,75.8838,-9143.33,7.41128,0.305
14952000,17,83.8453,-9146.32,8.63317,0.275
14954000,18,84.2291,-9131.15,7.30347,0.328105
14956000,20,101.286,-9124.56,9.64122,0.322
14958000,20,89.8358,-9130.59,8.96579,0.330182
14960000,22,100.091,-9125.23,11.3154,0.333
14962000,19,91.5599,-9141.66,9.05871,0.356
14964000,19,102.363,-9132.01,6.13484,0.314
14966000,18,83.4693,-9121.78,8.67775,0.323
14968000,15,71.087,-9140.63,12.7478,0.328667
14970000,26,116.292,-9124.72,14.7139,0.339
14972000,22,92.3654,-9136.25,10.5767,0.346333
14974000,21,81.5443,-9123.68,12.7125,0.323
14976000,23,113.657,-9123.48,10.141,0.342
14978000,23,103.5,-9125.44,14.8133,0.308
14980000,27,139.65,-9113.24,11.4249,0.33
14982000,25,122.002,-9111.42,13.4824,0.35
14984000,21,97.1028,-9125.34,11.6307,0.323833
14986000,23,107.58,-9121.41,10.6393,0.324267
14988000,22,113.192,-9131.7,7.91244,0.3406
14990000,23,106.193,-9117.49,16.0602,0.334667
14992000,23,110.843,-9113.43,11.7036,0.31
14994000,23,106.568,-9119.35,9.69894,0.347444
14996000,25,113.69,-9123.44,10.299,0.412
14998000,25,124.718,-9117.48,8.46672,0.334
15000000,23,105.518,-9125.07,11.0181,0.31
15002000,22,113.018,-9121.81,9.24645,0.3446
15004000,24,112.755,-9124.13,12.0122,0.3485
15006000,24,111.583,-9124.02,11.6447,0.323
15008000,22,95.8618,-9118.16,9.79067,0.336675
15010000,21,93.2375,-9131.28,10.4603,0.308333
15012000,22,114.226,-9120.28,7.28637,0.341
15014000,23,104.919,-9121.21,10.5302,0.317
15016000,21,97.5594,-9117.45,10.989,0.282
15018000,29,130.108,-9108.56,15.748,0.329636
15020000,26,126.478,-9117.01,18.631,0.333
15022000,20,99.3555,-9151.35,8.99926,0.317
15024000,19,81.7681,-9140.63,11.4151,0.303
15026000,19,75.1883,-9145.53,12.0911,0.315
15028000,22,95.8818,-9121.7,19.3637,0.33025
15030000,24,108.036,-9114.35,16.2068,0.335
15032000,19,94.4838,-9118.89,9.2016,0.293
15034000,21,106.709,-9112.61,9.58567,0.311824
15036000,22,104.005,-9111.93,10.9911,0.325
15038000,25,118.238,-9106.2,14.7371,0.365
15040000,24,113.4,-9093.15,11.3873,0.369
15042000,27,120.287,-9102.29,15.0311,0.35
15044000,25,113.698,-9105.79,14.2944,0.328786
15046000,25,116.636,-9127.05,15.0388,0.33
15048000,25,114.171,-9126.88,14.3796,0.374
15050000,24,105.932,-9124.41,11.4611,0.386
15052000,20,90.7745,-9117.72,10.6595,0.344
15054000,26,124.359,-9119.21,13.308,0.307
15056000,29,143.255,-9105.89,15.1768,0.374
15058000,26,127.454,-9114.9,13.481,0.384
15060000,26,120.913,-9121.42,12.7974,0.35
15062000,26,128.564,-9120.59,12.4637,0.327
15064000,19,92.4912,-9125.84,8.01165,0.304
15066000,21,103.664,-9118.47,8.20518,0.311
15068000,21,98.8224,-9120.58,12.8636,0.316
15070000,20,95.7298,-9119.44,9.43356,0.302
15072000,18,86.837,-9131.56,6.11165,0.326074
15074000,18,84.9619,-9131.94,10.9523,0.327885
15076000,18,84.3746,-9128.23,9.1935,0.292
15078000,19,93.8578,-9124.27,9.68541,0.315
15080000,19,90.0109,-9127.2,7.78217,0.318
15082000,20,90.9767,-9120.54,10.8276,0.3225
15084000,20,92.6045,-9117.23,12.8156,0.317357
15086000,22,101.107,-9112.41,15.2705,0.33
15088000,25,124.582,-9117.69,13.7218,0.358
15090000,20,98.3421,-9132.7,6.3356,0.313444
15092000,23,96.4038,-9126.51,19.8924,0.321
15094000,22,114.112,-9135.02,12.302,0.359
15096000,24,120.091,-9133.12,9.81527,0.357
15098000,21,102.607,-9127.38,10.79,0.309
15100000,27,129.887,-9119,18.353,0.326
15102000,20,85.5937,-9125.48,12.0973,0.311833
15104000,24,123.835,-9127.65,12.5055,0.318
15106000,25,120.517,-9108.02,13.7979,0.354
15108000,21,105.849,-9109.02,10.4729,0.332
15110000,26,112.921,-9118.17,20.0794,0.3605
15112000,28,144.445,-9119.47,10.0606,0.383
15114000,28,147.552,-9103.73,14.923,0.363
15116000,25,129.324,-9136.28,10.3769,0.345
15118000,29,146.909,-9099.63,13.4673,0.354667
15120000,21,94.3068,-9126.92,11.9353,0.333
15122000,26,128.999,-9114.97,11.3721,0.3672
15124000,25,123.008,-9113.99,10.8526,0.356
15126000,28,129.599,-9106.27,19.0184,0.371143
15128000,27,138.439,-9105.11,12.7892,0.384
15130000,21,107.194,-9130.16,11.0289,0.346
15132000,19,97.0017,-9136.41,8.79647,0.359
15134000,21,103.702,-9114.61,8.18063,0.323474
15136000,21,95.1844,-9111.52,13.5246,0.297
15138000,25,116.005,-9102.72,16.0956,0.347
15140000,25,108.626,-9102.44,17.9846,0.33
15142000,26,120.859,-9102.19,19.5494,0.358
15144000,26,121.19,-9105.41,16.867,0.325
15146000,24,120.348,-9112.88,10.4233,0.331
15148000,23,111.395,-9112.93,10.4159,0.288
15150000,23,109.78,-9105.98,13.4888,0.325
15152000,24,115.955,-9119.35,13.8339,0.332
15154000,26,119.081,-9114.4,16.6588,0.345
15156000,24,116.117,-9116.7,11.0494,0.374
15158000,22,99.2673,-9111.47,16.3312,0.355
15160000,22,108.017,-9113.35,9.0346,0.339278
15162000,22,103.214,-9131.35,13.4578,0.337436
15164000,21,107.923,-9138.63,8.40921,0.341455
15166000,21,98.0223,-9122.8,13.5979,0.341
15168000,22,108.072,-9106.96,17.3541,0.332143
15170000,21,102.329,-9124.97,6.30558,0.339667
15172000,22,101.084,-9135.47,13.0467,0.323
15174000,22,107.381,-9133.18,10.3735,0.331182
15176000,20,93.3185,-9116.02,11.6228,0.324333
15178000,19,96.4633,-9151.3,8.69595,0.339571
15180000,20,100.579,-9148.04,14.6645,0.373
15182000,30,145.408,-9111.55,14.5909,0.344615
15184000,26,118.289,-9101.23,12.8011,0.345
15186000,29,144.181,-9108.22,14.224,0.341
15188000,25,118.497,-9103.84,18.6085,0.339
15190000,24,120.752,-9105.33,13.26,0.3465
15192000,25,117.285,-9103.19,14.3229,0.352
15194000,19,94.7843,-9137.69,6.24631,0.28
15196000,21,101.301,-9133.24,8.74022,0.339
15198000,29,142.229,-9114.54,12.2194,0.342167
15200000,26,128.688,-9111.38,12.2352,0.36
15202000,27,133.258,-9099.72,10.7944,0.34
15204000,26,133.011,-9103.99,11.417,0.38
15206000,28,138.607,-9094.99,11.1209,0.349
15208000,26,120.137,-9100.16,17.3226,0.324
15210000,23,104.259,-9109.48,7.93339,0.35
15212000,23,107.907,-9119.54,8.52567,0.355
15214000,24,108.042,-9130.25,13.3216,0.327824
15216000,20,96.3901,-9137.66,10.1631,0.319
15218000,20,100.246,-9129.57,11.1564,0.3255
15220000,24,116.453,-9114.26,9.89753,0.348429
15222000,24,117.66,-9121.64,9.38835,0.346
15224000,23,99.7118,-9096.84,13.6585,0.359
15226000,17,84.7737,-9132.07,9.25551,0.31525
15228000,21,96.0111,-9136.51,7.96718,0.329786
15230000,20,95.2323,-9121.36,8.48693,0.303667
15232000,19,92.8223,-9154.47,10.2928,0.338667
15234000,17,67.8812,-9147.46,15.7876,0.314
15236000,18,86.9114,-9150.57,10.0779,0.342
15238000,17,72.1928,-9124.78,10.7334,0.306
15240000,18,86.724,-9128.27,11.6382,0.323
15242000,22,107.072,-9122.18,9.47164,0.33725
15244000,19,95.2558,-9116.44,11.491,0.323
15246000,26,111.721,-9123.06,12.873,0.371
15248000,24,118.945,-9117.68,8.23892,0.349
15250000,23,113.058,-9125.26,12.3658,0.3255
15252000,23,104.683,-9110.81,12.1107,0.321
15254000,21,100.327,-9103.84,11.7314,0.33
15256000,19,80.1341,-9133.96,12.2785,0.343571
15258000,24,107.588,-9108.52,17.0371,0.329
15260000,17,90.315,-9141.15,6.40373,0.317333
15262000,20,93.1734,-9104.65,10.087,0.318375
15264000,20,92.424,-9105.7,11.2378,0.316
15266000,21,95.5609,-9115.66,13.9815,0.354
15268000,23,113.853,-9112.89,13.5347,0.345
15270000,25,111.036,-9106.95,13.064,0.377
15272000,22,102.811,-9108.74,11.5711,0.343
15274000,23,111.805,-9112.04,10.5337,0.324
15276000,22,107.679,-9104.5,12.9694,0.315
15278000,20,91.6607,-9120.99,13.7473,0.312
15280000,21,96.6356,-9105.69,10.3739,0.321
15282000,19,89.7865,-9116.02,8.61578,0.334
15284000,20,97.8349,-9126.88,11.7437,0.316913
15286000,25,108.393,-9115.33,14.5685,0.352
15288000,16,71.3012,-9148.67,6.4327,0.310429
15290000,28,120.091,-9115.72,17.6224,0.376
15292000,26,114.803,-9120.27,14.4511,0.39
15294000,22,104.522,-9119.88,9.68964,0.35
15296000,22,107.179,-9110,13.6428,0.355333
15298000,23,109.828,-9110.81,10.7183,0.321
15300000,26,126.061,-9124,12.0875,0.332
15302000,24,115.077,-9105.94,10.066,0.365
15304000,19,96.3348,-9151.01,6.5223,0.320158
15306000,20,103.66,-9152.37,9.66227,0.299278
15308000,18,94.3753,-9155.62,8.83108,0.299
15310000,23,103.613,-9128.97,13.9612,0.33
15312000,25,112.722,-9120.96,15.1016,0.316857
15314000,29,132.972,-9117.24,23.0473,0.367
15316000,21,110.43,-9150.83,9.23672,0.31225
15318000,20,93.4505,-9123.51,12.2117,0.330667
15320000,21,96.1311,-9124.56,11.8699,0.313
15322000,23,106.982,-9128.75,10.1233,0.343
15324000,22,89.077,-9119.59,17.7203,0.338
15326000,21,92.5982,-9125.19,12.826,0.353
15328000,19,98.8579,-9151.24,8.35992,0.322542
15330000,22,107.313,-9143.62,11.401,0.327385
15332000,22,111.505,-9135.53,8.21051,0.33
15334000,23,112.954,-9133.84,10.3838,0.325
15336000,17,85.8881,-9130.84,9.2337,0.314
15338000,23,120.225,-9129.4,10.7048,0.34
15340000,22,110.724,-9123.4,14.016,0.334385
15342000,21,99.221,-9124.34,13.3482,0.313
15344000,22,112.971,-9116.99,8.57698,0.346
15346000,22,105.773,-9128.97,12.5828,0.336
15348000,22,107.351,-9132.58,10.2987,0.355
15350000,19,99.8907,-9131.35,9.83938,0.337
15352000,24,115.353,-9125.28,13.4299,0.346154
15354000,23,122.838,-9138.52,9.32852,0.3285
15356000,21,111.76,-9139.71,9.42888,0.292
15358000,18,83.9995,-9125.27,11.699,0.305
15360000,23,110.411,-9115.5,11.5763,0.32525
15362000,25,119.555,-9108.74,15.8225,0.354
15364000,22,115.876,-9113.04,8.84419,0.352
15366000,18,91.6266,-9139.08,5.64601,0.314286
15368000,19,86.4146,-9125.41,14.4438,0.355
15370000,23,116.559,-9108.97,10.7106,0.3456
15372000,20,99.464,-9134.92,8.42058,0.319
15374000,18,85.6553,-9131.91,11.6032,0.307
15376000,18,88.0792,-9128.29,7.9628,0.316304
15378000,21,103.392,-9126.69,10.793,0.327
15380000,20,94.9674,-9122.75,12.6129,0.327
15382000,19,88.0886,-9130.24,14.1219,0.332714
15384000,23,110.386,-9120.03,11.5138,0.35
15386000,24,123.034,-9114.75,10.7191,0.3505
15388000,21,102.823,-9130.92,8.69867,0.325667
15390000,18,89.1539,-9132.4,11.7037,0.328
15392000,26,111.043,-9124.92,16.4504,0.358
15394000,26,127.016,-9120.44,11.5157,0.351
15396000,20,98.9961,-9122.19,6.9446,0.3294
15398000,18,83.0962,-9132.67,9.73549,0.3325
15400000,18,87.3499,-9134.03,9.39808,0.298
15402000,24,119.653,-9110.05,13.7168,0.3472
15404000,21,103.133,-9129.61,8.94051,0.345
15406000,21,94.8421,-9135.98,14.9513,0.34
15408000,21,105.578,-9140.53,8.26767,0.338
15410000,19,91.3734,-9138.19,9.47795,0.328667
15412000,19,90.117,-9123.95,8.86037,0.316
15414000,25,112.311,-9118.57,11.5306,0.330857
15416000,17,92.9258,-9130.05,4.89623,0.304667
15418000,27,126.801,-9123.15,14.6467,0.344
15420000,19,95.297,-9129.1,9.86134,0.341
15422000,29,134.229,-9106.82,13.297,0.371
15424000,38,187.943,-9110.63,22.2103,0.377
15426000,33,157.742,-9102.6,16.9158,0.392
15428000,31,132.895,-9114.15,18.9468,0.361
15430000,22,116.609,-9115.09,12.7177,0.329154
15432000,22,107.365,-9134.33,11.6894,0.315
15434000,22,106.595,-9130.51,12.366,0.327652
15436000,23,110.437,-9137.96,10.0678,0.355375
15438000,18,85.9649,-9145.31,10.2376,0.349
15440000,20,89.8234,-9144.36,12.3107,0.35
15442000,20,92.874,-9131.94,13.8323,0.33
15444000,19,91.4304,-9129.73,11.5603,0.3125
15446000,19,97.8352,-9132.9,9.22242,0.318
15448000,21,92.5359,-9126.77,10.7896,0.331267
15450000,20,94.4967,-9124.25,6.81078,0.305
15452000,17,93.1609,-9138.44,6.33104,0.3286
15454000,17,86.3878,-9134.84,7.84973,0.331
15456000,16,82.651,-9144.8,6.11789,0.3175
15458000,17,75.8532,-9126.06,7.3183,0.307333
15460000,16,73.6609,-9129.5,7.67162,0.302
15462000,16,78.5342,-9133.41,5.95426,0.292
15464000,16,77.5917,-9130.23,7.04678,0.31
15466000,17,83.2396,-9135.11,7.473,0.298
15468000,17,91.816,-9128.5,7.64707,0.335
15470000,25,122.672,-9124.75,14.7244,0.34139
15472000,25,124.441,-9104.85,14.0589,0.347
15474000,26,131.604,-9112.32,10.5975,0.355
15476000,27,123.25,-9117.86,16.2964,0.353
15478000,26,117.638,-9113.62,19.4893,0.37
15480000,29,138.916,-9123.07,13.795,0.373
15482000,24,119.37,-9122.45,15.3446,0.339
15484000,24,121.785,-9118.39,12.9658,0.357
15486000,23,113.379,-9111.1,10.5257,0.346
15488000,23,110.652,-9123.18,12.7795,0.332947
15490000,25,129.693,-9130.39,11.5532,0.37
15492000,27,132.808,-9130.25,13.9708,0.332208
15494000,23,109.203,-9108.61,10.7488,0.354
15496000,23,115.046,-9114.48,11.8642,0.328784
15498000,24,126.285,-9128.2,10.7698,0.335333
15500000,26,124.461,-9115.26,14.3482,0.360571
15502000,27,121.931,-9118.01,20.0182,0.367
15504000,29,146.281,-9121.5,15.8871,0.348
15506000,18,89.5152,-9118.78,9.79058,0.338
15508000,24,113.805,-9121.45,12.5377,0.330222
15510000,26,129.61,-9116.58,17.4489,0.372
15512000,27,126.998,-9117.83,15.8597,0.37
15514000,23,112.029,-9125.78,10.9448,0.356
15516000,22,111.512,-9124.45,9.31864,0.343667
15518000,21,97.3813,-9109.16,9.64793,0.337
15520000,22,111.374,-9119.05,7.51313,0.346
15522000,22,107.599,-9118.84,10.9714,0.31
15524000,22,108.011,-9115.9,10.9548,0.332
15526000,25,129.038,-9117.71,11.4999,0.357
15528000,23,112.633,-9117.89,10.1359,0.296
15530000,24,113.332,-9128.81,13.0562,0.365
15532000,21,108.874,-9124.11,8.88298,0.318
15534000,17,81.8968,-9147.87,10.7262,0.325857
15536000,20,97.3557,-9142.69,10.1637,0.385
15538000,24,114.991,-9111.81,7.53595,0.334375
15540000,24,111.941,-9115.14,9.78285,0.356
15542000,18,85.1888,-9119.6,9.36211,0.312
15544000,21,100.421,-9118.94,14.0309,0.311
15546000,27,128.56,-9122.77,13.3691,0.352
15548000,23,100.103,-9107.7,12.2648,0.351
15550000,26,110.712,-9103.53,13.2406,0.328
15552000,18,86.2361,-9121.59,7.98634,0.323105
15554000,26,104.764,-9107.99,19.0877,0.344
15556000,20,100.133,-9115.06,9.7335,0.307
15558000,24,120.085,-9128.09,10.4021,0.328
15560000,24,116.958,-9119.76,16.1006,0.329
15562000,20,100.087,-9131.15,8.41532,0.323
15564000,21,108.317,-9138,10.5388,0.332214
15566000,24,125.203,-9126.81,8.89414,0.368
15568000,23,116.27,-9131.23,8.67447,0.359
15570000,21,89.4848,-9127.86,20.524,0.330429
15572000,16,77.9378,-9128.35,9.74033,0.292
15574000,18,90.9349,-9137.2,7.02324,0.3226
15576000,17,84.3052,-9123.03,6.13077,0.288667
15578000,19,95.6742,-9122.83,9.79489,0.313
15580000,18,92.7359,-9133.82,8.53727,0.35
15582000,18,80.0737,-9115.04,13.3792,0.3065
15584000,18,88.1669,-9110.92,9.54244,0.3075
15586000,18,92.151,-9117.48,9.16683,0.296
15588000,19,98.4946,-9130.42,11.8501,0.304
15590000,19,102.442,-9125.51,9.25651,0.322
15592000,19,94.6425,-9113.74,13.6508,0.295
15594000,20,99.6656,-9122.87,12.4159,0.322818
15596000,22,105.086,-9122.23,14.2375,0.306
15598000,20,91.6545,-9101.77,9.37122,0.277
15600000,23,117.025,-9120.7,6.32207,0.322
15602000,18,86.7803,-9111.02,8.27585,0.300125
15604000,22,103.312,-9112.14,10.4065,0.3
15606000,20,88.1771,-9114.1,14.8067,0.29575
15608000,20,87.4947,-9108.57,10.4463,0.322
15610000,20,94.4958,-9111.51,11.5093,0.296
15612000,20,85.2881,-9107.87,10.5947,0.322
15614000,23,109.236,-9111.62,9.99552,0.308778
15616000,17,76.1608,-9143.42,8.20636,0.278
15618000,17,71.2002,-9142.06,10.3076,0.329
15620000,26,127.996,-9116.98,13.655,0.367
15622000,24,110.9,-9109.33,10.1393,0.325
15624000,26,117.087,-9108.07,12.2063,0.325
15626000,26,121.134,-9112.24,11.4094,0.327
15628000,23,103.325,-9105.13,12.4575,0.311
15630000,21,104.389,-9117.9,13.2533,0.3109
15632000,22,97.6672,-9106.25,8.70979,0.308
15634000,23,97.3241,-9105.3,14.2153,0.331
15636000,19,94.2217,-9114.97,10.5179,0.333
15638000,18,88.7711,-9117.19,10.169,0.295
15640000,21,102.982,-9122.8,10.7481,0.304
15642000,22,106.081,-9130.77,12.4737,0.341
15644000,20,90.788,-9140.82,10.3522,0.332
15646000,17,73.8987,-9135.21,11.0034,0.318
15648000,23,117.136,-9120.65,9.12229,0.36
15650000,22,112.223,-9127.09,9.23743,0.348
15652000,23,104.198,-9104.36,10.2285,0.374
15654000,24,114.893,-9108.71,13.4681,0.341
15656000,22,102.738,-9109.01,7.27122,0.349
15658000,23,118.227,-9109.02,8.11848,0.333
15660000,21,97.1191,-9107.18,10.1619,0.324
15662000,22,108.528,-9118.75,13.6999,0.3425
15664000,20,98.926,-9119.75,9.13986,0.334
15666000,17,80.6402,-9132.07,8.25762,0.316
15668000,17,80.0592,-9141.58,9.91393,0.313429
15670000,18,87.5628,-9140.52,9.10306,0.294
15672000,19,92.2527,-9137.31,7.45969,0.319
15674000,18,83.5828,-9140.2,8.50421,0.328
15676000,21,100.481,-9150.35,10.6232,0.305
15678000,24,120.552,-9130.41,7.61459,0.344
15680000,21,99.9895,-9126.38,9.67633,0.331
15682000,21,102.42,-9127.34,12.3091,0.335
15684000,20,97.9626,-9117.24,8.7142,0.327
15686000,22,108.27,-9118.3,10.964,0.325
15688000,21,101.19,-9125.07,12.914,0.352
15690000,22,103.112,-9119.29,13.251,0.372
15692000,21,98.291,-9116.17,16.9452,0.355
15694000,21,112.507,-9119.55,7.9589,0.353
15696000,21,105.601,-9110.33,9.78107,0.33475
15698000,25,113.193,-9123.46,17.1454,0.3335
15700000,22,106.783,-9118.46,9.50479,0.314
15702000,21,100.714,-9119.26,9.18854,0.313
15704000,24,120.219,-9127.19,9.37512,0.337
15706000,24,111.321,-9116.23,14.4009,0.328556
15708000,23,105.466,-9114.29,13.7835,0.337333
15710000,24,117.134,-9115.73,11.3738,0.35
15712000,26,126.91,-9115.06,12.8728,0.371
15714000,25,116.922,-9114.81,11.9763,0.373
15716000,24,107.001,-9114.24,20.7544,0.3395
15718000,23,112.929,-9122.43,11.4106,0.322115
15720000,26,124.767,-9124.71,13.7349,0.343
15722000,25,122.336,-9114.94,10.7812,0.366
15724000,24,106.721,-9118.61,11.6961,0.322
15726000,24,103.572,-9114.37,14.2485,0.332
15728000,22,104.692,-9123.73,10.9464,0.329
15730000,23,114.044,-9115.68,7.68375,0.327
15732000,22,114.088,-9124.77,11.8528,0.322
15734000,21,101.28,-9117.48,9.46529,0.345
15736000,19,87.3066,-9136.62,9.97061,0.314
15738000,26,118.411,-9112.54,19.5555,0.3485
15740000,26,127.124,-9113.53,10.9872,0.373
15742000,18,87.6676,-9157.92,9.99,0.338
15744000,23,96.7876,-9112.34,15.6834,0.334
15746000,26,136.922,-9098.84,11.6696,0.344
15748000,22,100.911,-9109.74,12.3712,0.313
15750000,22,104.904,-9105.57,8.98445,0.353
15752000,19,80.7544,-9116.38,11.4329,0.274
15754000,25,127.107,-9096.64,14.1368,0.371
15756000,21,95.4055,-9127.74,11.2522,0.319214
15758000,23,107.448,-9099.97,11.7692,0.303
15760000,23,108.815,-9100.77,11.0282,0.321
15762000,21,108.119,-9123.86,9.3791,0.323143
15764000,23,107.564,-9123.75,12.1008,0.3475
15766000,24,122.428,-9119.46,12.1033,0.338
15768000,19,94.5607,-9129.58,9.92722,0.285
15770000,23,100.172,-9136.06,12.3023,0.329
15772000,22,102.984,-9131.66,12.6098,0.311
15774000,23,109.047,-9131.63,14.1903,0.352
15776000,22,105.266,-9110.89,11.115,0.332267
15778000,20,96.0354,-9114.46,12.3696,0.319
15780000,23,119.645,-9131.9,13.2734,0.348
15782000,26,125.155,-9110.6,11.7772,0.3255
15784000,25,126.786,-9109.43,8.69592,0.345333
15786000,26,129.861,-9122.26,15.2034,0.368
15788000,20,89.2724,-9127.13,12.3657,0.31912
15790000,28,132.214,-9117.21,15.2653,0.348143
15792000,25,123.126,-9113.94,12.0937,0.343
15794000,21,105.382,-9109.65,8.82508,0.358
15796000,23,105.91,-9119.39,15.4208,0.296
15798000,19,98.4112,-9138.41,5.69364,0.336
15800000,24,121.17,-9121.11,10.2503,0.328
15802000,20,98.4384,-9138.69,11.8318,0.33525
15804000,27,128.762,-9097.62,11.4806,0.345333
15806000,25,119.667,-9102.75,14.6953,0.339
15808000,24,122.785,-9103.61,14.9833,0.329
15810000,23,117.204,-9098.69,9.81527,0.365
15812000,27,136.942,-9124.84,15.67,0.398
15814000,24,120.302,-9125.82,10.5274,0.334
15816000,23,119.056,-9120.7,8.77916,0.317
15818000,23,114.869,-9122.58,7.65562,0.319
15820000,22,105.945,-9115.26,13.473,0.3155
15822000,23,113.35,-9117.56,13.6859,0.326
15824000,23,110.425,-9119.34,14.7703,0.345
15826000,26,124.673,-9115.37,12.2722,0.342
15828000,21,96.7533,-9121.4,11.2823,0.303
15830000,21,101.551,-9109.36,10.8791,0.34
15832000,26,122.965,-9103.31,11.8175,0.314
15834000,27,134.125,-9104.78,12.5586,0.332
15836000,26,127.304,-9120.21,13.8747,0.368
15838000,24,112.418,-9110.2,18.5897,0.318
15840000,24,121.11,-9103.06,9.09229,0.317
15842000,26,130.701,-9115.9,13.1453,0.369
15844000,24,116.639,-9122.38,14.1009,0.3245
15846000,26,129.797,-9107.5,10.5859,0.3365
15848000,24,118.082,-9104.41,11.5041,0.375
15850000,25,122.432,-9126.66,11.395,0.357
15852000,24,104.599,-9113.29,15.2282,0.336
15854000,23,100.441,-9104.76,10.7227,0.32
15856000,26,127.63,-9101.93,11.7881,0.334
15858000,21,99.856,-9114.03,8.74878,0.345
15860000,22,106.811,-9115.5,5.86336,0.347
15862000,23,105.24,-9105.42,13.4625,0.335
15864000,22,107.788,-9106.18,10.1454,0.311
15866000,22,96.378,-9114.05,13.8028,0.334
15868000,21,100.461,-9122.77,9.31352,0.334917
15870000,22,109.05,-9119.17,8.67111,0.34175
15872000,22,101.308,-9122.58,14.1111,0.324
15874000,26,119.038,-9114.4,10.5598,0.337
15876000,25,122.706,-9129.26,11.2072,0.381
15878000,23,111.475,-9125.57,12.3742,0.341
15880000,20,106.386,-9117.34,8.98488,0.358
15882000,21,113.181,-9119.94,8.27001,0.367
15884000,21,94.4655,-9116.99,18.5084,0.334
15886000,24,124.479,-9109.07,8.33723,0.355833
15888000,21,100.465,-9110.49,15.6256,0.322
15890000,24,119.869,-9123.21,8.7567,0.37
15892000,24,103.09,-9120.31,15.1876,0.34
15894000,22,112.689,-9106.27,9.56584,0.361
15896000,23,116.662,-9110.4,10.4082,0.342667
15898000,23,116.583,-9108.22,9.50079,0.359
15900000,22,107.273,-9117.53,11.456,0.336
15902000,20,105.842,-9110.92,7.66577,0.322
15904000,20,106.084,-9121.71,8.69229,0.35
15906000,19,99.4346,-9109.89,8.87932,0.311
15908000,19,93.6875,-9110.83,9.50057,0.32
15910000,21,107.663,-9115.17,11.9179,0.328
15912000,21,106.038,-9116.59,9.07993,0.323
15914000,21,99.3336,-9109.58,13.8167,0.327
15916000,21,106.83,-9115.66,9.96286,0.351
15918000,19,97.015,-9125.37,10.8362,0.328
15920000,24,119.321,-9125.33,12.4225,0.359
15922000,24,117.14,-9117.59,16.5805,0.352
15924000,20,98.7084,-9116.1,8.34385,0.347
15926000,25,121.999,-9111.43,17.0211,0.379
15928000,19,96.3793,-9117.81,6.73908,0.33025
15930000,18,90.758,-9137.4,7.0416,0.33406
15932000,21,96.2961,-9110.4,11.7837,0.324667
15934000,21,96.6524,-9114.51,9.90975,0.304
15936000,21,103.891,-9103.5,9.18387,0.331
15938000,24,116.399,-9100.49,8.72403,0.344
15940000,18,92.1167,-9112.21,8.69625,0.317769
15942000,21,110.324,-9126.52,10.1471,0.37
15944000,26,127.971,-9110.01,18.313,0.359
15946000,22,107.481,-9135.92,12.7103,0.329267
15948000,19,82.7589,-9141.89,14.1876,0.337
15950000,27,141.079,-9110.78,10.4983,0.350273
15952000,26,131.904,-9118.85,9.73906,0.385
15954000,21,106.658,-9114.77,12.611,0.35
15956000,24,127.178,-9112.15,11.6524,0.342
15958000,23,120.556,-9119.7,11.7764,0.342
15960000,21,99.7704,-9128.78,15.6183,0.362
15962000,25,121.366,-9121.2,9.12864,0.345
15964000,24,107.144,-9108.28,14.7787,0.313
15966000,22,103.765,-9105.29,7.81115,0.32
15968000,22,116.49,-9121.72,8.82735,0.356
15970000,17,88.571,-9138.89,5.86246,0.313
15972000,22,106.431,-9105,9.62244,0.335
15974000,23,108.608,-9106.94,13.2003,0.319
15976000,22,102.604,-9115.05,15.053,0.328
15978000,17,74.6367,-9142.96,12.7396,0.31475
15980000,19,87.9034,-9110.82,8.88994,0.3415
15982000,17,75.9573,-9146.69,8.19843,0.328667
15984000,19,91.2101,-9129.05,10.0588,0.308333
15986000,22,100.325,-9110.76,14.3344,0.333
15988000,20,89.1635,-9142.57,12.618,0.323
15990000,18,86.0406,-9135.58,10.6663,0.318
15992000,19,99.3648,-9137.29,7.81253,0.317333
15994000,23,112.3,-9118.66,9.71501,0.329125
15996000,20,93.9601,-9123.76,10.7549,0.325
15998000,20,98.4105,-9107.22,11.7851,0.3235
16000000,20,102.67,-9132.87,10.8736,0.298
16002000,21,103.696,-9140.01,8.236,0.35
16004000,21,102.39,-9118.55,9.34924,0.335167
16006000,22,100.812,-9131.44,12.1216,0.35525
16008000,19,94.0453,-9127.41,9.67028,0.329
16010000,21,88.2663,-9131.98,13.9514,0.314
16012000,24,108.878,-9108.35,13.7851,0.341429
16014000,20,85.5799,-9129.74,12.5312,0.351
16016000,21,95.5846,-9133.37,12.6494,0.332
16018000,21,106.384,-9126.76,9.83911,0.329
16020000,22,117.508,-9129.73,9.97401,0.32425
16022000,23,116.458,-9114.27,10.0783,0.301
16024000,21,98.8361,-9141.56,12.3629,0.357
16026000,27,129.032,-9109.79,20.392,0.35975
16028000,20,93.2263,-9119.41,10.0853,0.360333
16030000,26,134.627,-9130.12,15.7149,0.377
16032000,20,95.231,-9116.53,11.7094,0.3255
16034000,23,113.71,-9127,8.6001,0.35325
16036000,20,90.5246,-9112.27,10.5372,0.325
16038000,21,100.173,-9103.09,8.96496,0.33
16040000,24,117.992,-9111.26,11.6098,0.312
16042000,24,107.131,-9132.13,15.0612,0.332
16044000,22,108.435,-9137.67,10.1378,0.33
16046000,26,116.28,-9114.36,10.9925,0.343
16048000,19,96.8171,-9135.85,7.72643,0.316529
16050000,26,129.636,-9140.58,15.6477,0.374
16052000,24,125.544,-9131.54,11.6861,0.364
16054000,20,101.342,-9107.91,12.8455,0.326909
16056000,21,98.6003,-9113.71,15.2676,0.3371
16058000,23,108.495,-9121.91,14.1873,0.339
16060000,19,84.8878,-9133.99,9.93986,0.316
16062000,18,92.926,-9137.52,8.44034,0.321
16064000,22,99.4509,-9116.21,16.1919,0.302
16066000,24,124.536,-9123.29,11.709,0.332
16068000,24,116.501,-9123.03,11.9285,0.358
16070000,20,88.832,-9116.33,14.3302,0.308
16072000,17,71.8428,-9143.49,8.96501,0.296
16074000,20,99.5367,-9119.79,7.56958,0.318
16076000,17,69.0952,-9148.29,14.5745,0.321
16078000,19,82.7552,-9117.23,13.5259,0.285
16080000,18,87.6748,-9127.5,9.28998,0.299
16082000,22,102.547,-9116.75,8.175,0.319
16084000,18,83.4788,-9120.98,13.2432,0.3025
16086000,18,83.2321,-9121.48,11.5467,0.333
16088000,21,110.469,-9138.54,7.17517,0.33
16090000,23,110.961,-9130.32,12.1136,0.309
16092000,18,88.4376,-9137.41,10.7073,0.328
16094000,18,89.0223,-9142.43,7.37455,0.338
16096000,20,97.753,-9134.73,11.8446,0.348
16098000,22,102.553,-9127.37,12.0794,0.326
16100000,22,100.247,-9145.07,10.6437,0.345
16102000,21,105.531,-9134.13,10.0329,0.364
16104000,17,85.8379,-9130.68,13.6985,0.3197
16106000,17,90.5815,-9148.06,7.91273,0.326
16108000,17,81.7997,-9143.03,10.3801,0.3635
16110000,21,110.585,-9128.96,6.76389,0.351
16112000,24,124.548,-9137.37,11.9546,0.3305
16114000,22,101.383,-9126.72,11.1471,0.338333
16116000,18,88.1797,-9143.04,11.0791,0.33
16118000,19,85.5248,-9133.44,7.80792,0.327429
16120000,19,96.3129,-9131.41,7.52807,0.338333
16122000,18,86.2102,-9131.01,9.4106,0.333667
16124000,18,85.8859,-9138,10.8857,0.336
16126000,21,97.4238,-9135.4,8.97349,0.319
16128000,18,94.1992,-9134.76,7.13103,0.3285
16130000,15,71.541,-9141.75,10.2797,0.320333
16132000,18,89.606,-9126.58,10.254,0.301333
16134000,19,88.3521,-9130.65,7.36858,0.315538
16136000,21,91.9236,-9121.98,13.5562,0.327571
16138000,19,97.3291,-9143.35,9.55808,0.37
16140000,18,88.9625,-9129.74,10.5497,0.312
16142000,19,99.5992,-9140.3,6.83248,0.366
16144000,19,94.6803,-9136.6,11.6383,0.3345
16146000,16,79.8746,-9143.36,8.82148,0.333333
16148000,16,81.5526,-9139.72,7.64438,0.274
16150000,19,93.1138,-9135.29,10.1643,0.321
16152000,20,92.9497,-9127.25,9.00585,0.3375
16154000,18,85.1406,-9137.33,10.6899,0.313
16156000,18,90.0098,-9129.23,7.62726,0.353
16158000,17,87.3195,-9132.44,10.0903,0.313
16160000,19,90.8228,-9121.28,7.75658,0.311867
16162000,18,90.5086,-9124.12,8.98744,0.312
16164000,19,94.0191,-9126.2,10.1913,0.326
16166000,21,105.195,-9138.83,9.59108,0.342
16168000,17,91.0137,-9142.46,7.3516,0.31
16170000,19,94.9833,-9145.86,13.3827,0.341
16172000,20,95.7151,-9123.25,10.4621,0.28
16174000,19,94.7539,-9131.66,11.1523,0.326
16176000,24,113.716,-9121.1,10.6728,0.3349
16178000,22,110.615,-9133.77,12.8152,0.329
16180000,23,113.983,-9111.8,8.77631,0.334
16182000,26,120.592,-9130.61,10.3635,0.3498
16184000,26,116.311,-9122.82,15.1839,0.394
16186000,24,113.523,-9120.51,12.4089,0.34
16188000,23,107.668,-9116.28,13.331,0.358
16190000,22,111.61,-9126.54,12.0266,0.335
16192000,21,99.5775,-9129.52,9.62033,0.341615
16194000,20,95.1598,-9130.6,10.5571,0.34475
16196000,20,100.982,-9129.82,7.85847,0.324
16198000,17,75.1139,-9136.97,9.24069,0.308
16200000,20,97.5746,-9129.61,11.9303,0.316
16202000,20,95.6236,-9117.44,12.5897,0.331
16204000,21,105.994,-9110.01,10.9526,0.323
16206000,26,126.294,-9119.55,10.5832,0.354
16208000,18,84.3729,-9135.17,8.42319,0.3049
16210000,24,105.606,-9115.19,13.1428,0.33525
16212000,20,93.9982,-9137.3,14.2989,0.3348
16214000,22,105.885,-9134.22,9.10175,0.319
16216000,22,106.578,-9131.73,8.73446,0.332
16218000,23,113.669,-9127.66,12.4905,0.345
16220000,30,148.164,-9138.18,16.8747,0.33565
16222000,22,113.572,-9120.77,12.3975,0.351667
16224000,20,101.421,-9134.86,10.3266,0.317
16226000,19,100.33,-9140.33,4.94575,0.3684
16228000,21,107.321,-9144.15,10.8504,0.354
16230000,20,104.071,-9141.9,10.5723,0.331368
16232000,25,124.088,-9132.7,14.8291,0.3489
16234000,18,87.8093,-9142.03,9.90039,0.331
16236000,21,108.349,-9121.36,10.0334,0.336
16238000,23,110.46,-9138.39,10.5955,0.358
16240000,23,113.706,-9146.2,13.2502,0.372
16242000,20,94.1243,-9147.6,10.5809,0.3274
16244000,21,99.6713,-9139.51,12.3884,0.362667
16246000,21,100.685,-9121.16,13.1743,0.321
16248000,18,88.4745,-9131.77,10.8517,0.331
16250000,20,86.727,-9124.06,13.3381,0.297
16252000,19,90.8546,-9116.34,7.62497,0.318
16254000,24,122.256,-9122.04,10.3891,0.342
16256000,26,129.025,-9133.16,14.2384,0.336548
16258000,27,129.934,-9115.03,12.0044,0.3425
16260000,27,127.256,-9122.16,15.1688,0.361
16262000,23,116.399,-9120.77,12.8146,0.366
16264000,22,98.5109,-9123.56,10.4309,0.342
16266000,25,130.043,-9128.74,7.55178,0.3662
16268000,26,126.112,-9140.35,12.0754,0.377333
16270000,18,89.9633,-9135.19,6.7036,0.33337
16272000,22,120.661,-9121.74,5.49479,0.329286
16274000,24,117.481,-9125.12,12.6809,0.333
16276000,22,95.8645,-9130.77,13.0478,0.36
16278000,20,98.949,-9123.24,8.11875,0.334
16280000,20,91.1178,-9124.47,9.74156,0.311
16282000,20,87.8316,-9128.04,10.1194,0.331583
16284000,22,91.6222,-9128.13,14.5762,0.319667
16286000,18,87.3483,-9125.16,10.4267,0.3335
16288000,22,104.625,-9116.09,12.5323,0.341
16290000,17,90.8053,-9128.27,7.05324,0.305
16292000,17,87.8499,-9131.84,7.72061,0.348
16294000,20,92.3132,-9135.36,10.2029,0.323
16296000,19,86.7252,-9136.6,10.3628,0.325
16298000,19,87.2323,-9147.73,9.23896,0.321
16300000,19,95.5881,-9133.16,9.37473,0.337667
16302000,18,91.9024,-9124.87,9.95147,0.304
16304000,21,101.559,-9125.82,10.6172,0.305
16306000,20,97.3987,-9119.36,14.0425,0.315
16308000,21,100.347,-9125.67,13.2248,0.332
16310000,20,92.5544,-9128.17,11.0905,0.3195
16312000,20,95.3089,-9133.51,9.31827,0.314
16314000,22,95.6248,-9124.82,12.6607,0.332
16316000,19,87.2382,-9142.5,9.35505,0.334
16318000,18,85.7809,-9135.51,12.835,0.32
16320000,22,111.947,-9130.89,7.96245,0.343091
16322000,19,95.7946,-9139.53,10.0121,0.321
16324000,20,98.024,-9147.22,9.95864,0.312
16326000,19,98.8063,-9144.27,9.786,0.339143
16328000,20,98.6704,-9123.8,12.231,0.33
16330000,20,102.884,-9129.89,12.4644,0.35
16332000,18,82.7217,-9146.8,9.08421,0.328
16334000,18,93.5723,-9146.91,9.26963,0.332333
16336000,22,109.423,-9129.38,10.7255,0.345667
16338000,19,94.4825,-9143.27,11.7182,0.305
16340000,20,93.7053,-9133.77,9.70172,0.305
16342000,19,88.3646,-9148.07,9.94018,0.314
16344000,23,118.987,-9149.89,8.39677,0.332
16346000,23,112.885,-9149.56,8.91437,0.352
16348000,23,111.52,-9143.51,13.5661,0.351
16350000,19,91.5575,-9156.99,7.59587,0.335
16352000,20,96.0623,-9139.11,10.1847,0.3302
16354000,19,93.1277,-9135.36,8.49479,0.333
16356000,22,99.3182,-9126.33,11.9575,0.3274
16358000,22,111.97,-9138.13,10.216,0.333333
16360000,20,84.5761,-9132.78,8.67362,0.3355
16362000,26,114.32,-9115.92,14.8723,0.296
16364000,24,115.907,-9129.07,11.7872,0.348
16366000,22,95.1918,-9123.85,13.8888,0.329
16368000,22,93.7274,-9116.88,13.1567,0.299
16370000,22,95.7808,-9132.52,10.0701,0.3205
16372000,22,98.0269,-9101.32,10.5411,0.348
16374000,23,108.147,-9118.78,10.235,0.345
16376000,21,104.112,-9137.69,10.3121,0.33
16378000,28,123.632,-9117.63,13.6678,0.366
16380000,27,130.388,-9119.73,12.0101,0.38
16382000,31,151.464,-9114.8,16.7564,0.375
16384000,23,109.194,-9113.11,9.56039,0.317
16386000,23,117.17,-9126.79,9.57107,0.3165
16388000,22,101.874,-9138.31,16.6065,0.354
16390000,20,97.6169,-9120.51,10.6142,0.309
16392000,21,102.215,-9108.57,7.8539,0.316
16394000,22,104.072,-9108.89,8.03799,0.318
16396000,22,99.2021,-9125.81,11.9803,0.324111
16398000,24,111.211,-9128.87,16.4937,0.334
16400000,24,113.946,-9121.45,14.4323,0.352
16402000,25,120.992,-9118.8,11.8168,0.356
16404000,27,114.676,-9126.64,16.8826,0.355
16406000,27,114.77,-9131.86,17.1931,0.35
16408000,23,106.74,-9129.95,8.51532,0.3255
16410000,23,107.109,-9128.35,8.98759,0.336
16412000,23,113.804,-9123.24,11.1923,0.3695
16414000,20,90.7085,-9128.06,12.0172,0.309
16416000,24,116.411,-9114.81,11.8922,0.356
16418000,24,113.603,-9120.35,11.3179,0.356
16420000,21,100.593,-9137.29,9.19271,0.3377
16422000,24,112.136,-9125.15,14.9779,0.373
16424000,22,112.76,-9128.37,11.415,0.339
16426000,19,98.1688,-9133.25,11.1341,0.329
16428000,25,115.131,-9136.94,11.9583,0.334
16430000,22,99.1156,-9136.15,9.78097,0.331
16432000,22,106.596,-9134.33,9.79533,0.3458
16434000,20,90.3276,-9121.83,11.5251,0.333
16436000,19,89.734,-9124.85,8.86256,0.332
16438000,18,83.9197,-9132.11,10.991,0.307333
16440000,18,93.0694,-9143.49,7.42612,0.338
16442000,20,92.5631,-9132.62,11.982,0.352
16444000,19,83.1826,-9126.99,13.7018,0.324
16446000,17,76.7919,-9141.59,8.35205,0.3235
16448000,16,82.247,-9130.7,7.36196,0.317
16450000,17,84.0932,-9140.13,9.78898,0.319
16452000,22,101.946,-9109.29,10.5335,0.339
16454000,20,94.8515,-9115.42,8.31661,0.328222
16456000,23,115.051,-9119.24,13.848,0.322667
16458000,16,80.998,-9149.92,7.81264,0.3015
16460000,16,83.1035,-9151.73,7.86901,0.295
16462000,16,78.2334,-9154.68,12.0745,0.29
16464000,17,87.5716,-9154.94,7.74368,0.308
16466000,21,101.873,-9111.65,13.667,0.318
16468000,23,112.302,-9140.37,15.8829,0.2995
16470000,23,119.528,-9141.82,11.8903,0.35
16472000,24,111.25,-9124.58,12.8556,0.342
16474000,23,111.451,-9123.71,11.8169,0.344
16476000,22,108.144,-9126.41,11.4342,0.367
16478000,22,110.17,-9131.63,15.1987,0.353
16480000,21,88.8715,-9116.81,14.3914,0.335
16482000,19,95.2774,-9140.94,6.94819,0.299
16484000,19,90.1566,-9135.01,8.60968,0.321
16486000,23,110.14,-9126.26,13.0862,0.336158
16488000,24,114.216,-9134.87,15.4725,0.388
16490000,24,110.336,-9148.32,11.8485,0.3496
16492000,21,103.385,-9119.2,11.4642,0.363
16494000,20,100.452,-9152.49,13.632,0.34975
16496000,20,109.045,-9132.42,8.70282,0.333
16498000,20,97.6724,-9128.16,8.331,0.3434
16500000,20,96.7223,-9115.72,11.4789,0.33045
16502000,20,91.9472,-9135.03,11.6245,0.354
16504000,20,96.0717,-9145.92,12.5809,0.339
16506000,20,93.2076,-9136.16,9.18287,0.32425
16508000,16,77.3973,-9133.64,9.8347,0.287
16510000,19,91.774,-9139.78,7.54981,0.333167
16512000,21,94.9749,-9132.22,15.2342,0.327857
16514000,22,104.08,-9113.81,12.6851,0.344
16516000,19,83.75,-9127.36,11.5838,0.318
16518000,18,86.6062,-9119.32,6.871,0.331444
16520000,21,97.0106,-9118.92,9.52192,0.308
16522000,19,98.1799,-9137.51,8.08864,0.339182
16524000,22,110.226,-9124.75,10.3696,0.31
16526000,19,85.0583,-9124.38,13.1726,0.338
16528000,22,99.7739,-9116.68,9.9124,0.317286
16530000,19,93.4588,-9126.15,6.97343,0.3215
16532000,15,71.2326,-9136.49,6.04857,0.3172
16534000,22,103.978,-9119.21,10.2384,0.376
16536000,21,98.9786,-9113,9.91607,0.341
16538000,20,95.7904,-9126.19,5.93367,0.329
16540000,22,111.614,-9139.75,14.8476,0.330444
16542000,19,87.2628,-9128.78,10.9951,0.318417
16544000,19,93.3871,-9121.97,10.0026,0.314
16546000,20,100.126,-9134.2,12.2404,0.329
16548000,17,76.3653,-9122.2,11.5134,0.297
16550000,17,93.2036,-9116.81,6.09935,0.321
16552000,19,90.0133,-9127.7,11.3764,0.2995
16554000,19,91.5015,-9115.25,9.45137,0.325
16556000,19,92.7127,-9130.93,9.7656,0.311
16558000,17,80.9784,-9129.21,9.08969,0.332333
16560000,18,92.3687,-9123.04,4.77659,0.296333
16562000,17,80.9189,-9126.66,11.6256,0.315
16564000,18,92.6025,-9137.53,14.7117,0.308
16566000,20,103.515,-9139.4,10.9511,0.349
16568000,25,114.617,-9123.63,9.77099,0.332125
16570000,18,87.6401,-9129.77,12.4144,0.33325
16572000,19,96.789,-9133.04,9.167,0.302
16574000,19,83.8455,-9129.41,13.1653,0.32
16576000,18,80.5134,-9135.99,8.89075,0.313
16578000,20,99.0909,-9128.59,8.13496,0.31712
16580000,19,84.3734,-9127.92,9.73668,0.338
16582000,21,96.3927,-9126.59,8.30181,0.318667
16584000,20,97.3863,-9133.74,7.45019,0.329
16586000,19,91.8811,-9145.9,13.1624,0.33
16588000,20,93.1597,-9140.64,12.7903,0.3295
16590000,21,97.5436,-9130.35,13.5421,0.320048
16592000,22,104.73,-9117.03,10.9661,0.351
16594000,18,86.0309,-9145.12,13.7786,0.328556
16596000,19,99.7896,-9132.9,8.26723,0.307333
16598000,18,90.0161,-9145.78,4.98443,0.332
16600000,18,93.8156,-9133.87,11.0105,0.317091
16602000,18,86.3843,-9132.82,10.4757,0.32
16604000,25,122.037,-9127.48,15.3741,0.365
16606000,21,99.1976,-9130.88,12.1895,0.328
16608000,17,88.4867,-9128.31,6.00692,0.306
16610000,19,99.0999,-9133.57,11.5182,0.347
16612000,27,132.944,-9127.42,17.3533,0.3658
16614000,25,125.807,-9134.9,14.3063,0.333947
16616000,19,89.6314,-9128.31,8.59504,0.332
16618000,24,104.175,-9124.29,11.3753,0.332
16620000,21,105.056,-9140.21,15.8091,0.35025
16622000,20,104.245,-9133.66,8.11674,0.317
16624000,20,86.6861,-9136.57,10.6652,0.345833
16626000,20,79.3173,-9127.46,8.12792,0.316
16628000,21,93.773,-9137.86,12.8101,0.3425
16630000,18,97.2289,-9133.97,7.54198,0.3398
16632000,21,99.6082,-9137.3,6.71385,0.313667
16634000,21,104.179,-9135.38,10.3686,0.366
16636000,24,115.009,-9140.3,15.5443,0.388
16638000,24,119.592,-9134.61,9.86269,0.345
16640000,22,104.887,-9129.4,12.8699,0.346667
16642000,19,95.0454,-9133.52,10.1834,0.332
16644000,18,80.5412,-9128.14,9.77715,0.319931
16646000,19,86.5093,-9119.12,9.53217,0.334667
16648000,21,105.682,-9115.4,9.84729,0.355938
16650000,21,94.7316,-9142.74,5.97884,0.3212
16652000,21,94.1307,-9138,8.60033,0.3455
16654000,18,84.2809,-9132.59,7.06543,0.33
16656000,19,90.8179,-9135.66,11.5856,0.354
16658000,18,97.7074,-9147.33,7.29584,0.351
16660000,22,108.398,-9121.06,10.4221,0.32125
16662000,19,95.6846,-9121.83,7.15952,0.315
16664000,19,94.0524,-9139.39,8.58098,0.313
16666000,18,87.3994,-9124.5,10.2106,0.316
16668000,18,87.8627,-9127.05,10.8708,0.341
16670000,19,96.0066,-9138.46,7.99845,0.31175
16672000,19,80.9766,-9114.91,9.32723,0.333667
16674000,19,93.6012,-9137.04,9.87547,0.321
16676000,20,97.5597,-9128.48,11.4935,0.324
16678000,24,115.901,-9128.34,13.0904,0.362
16680000,22,103.109,-9126.28,15.6522,0.35
16682000,22,106.957,-9130.95,13.8667,0.331
16684000,22,115.581,-9130.08,6.85912,0.377
16686000,20,100.483,-9129.44,9.16635,0.317
16688000,23,111.536,-9128.86,14.2314,0.33
16690000,16,79.1845,-9126.85,8.59933,0.334
16692000,19,84.9197,-9133.59,11.8023,0.311
16694000,19,91.4487,-9135.16,13.4612,0.343
16696000,18,86.2994,-9137.72,9.80055,0.329286
16698000,18,85.4192,-9142.84,7.03895,0.307
16700000,18,92.7776,-9139.58,7.59473,0.3178
16702000,18,88.913,-9125.81,13.1799,0.315
16704000,19,95.0701,-9140.29,6.96274,0.319778
16706000,21,109.62,-9135.7,6.21352,0.356
16708000,18,85.9896,-9137.58,10.1824,0.336111
16710000,19,96.6303,-9137.17,10.1377,0.312
16712000,18,85.5316,-9138.09,9.05819,0.30575
16714000,20,94.6667,-9142.91,10.0922,0.317
16716000,23,107.896,-9138.97,11.2787,0.346
16718000,24,113.494,-9117.04,16.9048,0.325
16720000,19,91.2407,-9134.36,5.82422,0.315
16722000,23,112.073,-9127.68,14.0144,0.340545
16724000,23,112.52,-9119.89,16.6573,0.369
16726000,23,104.229,-9118.15,11.6058,0.3285
16728000,21,104.075,-9118.64,10.0664,0.346333
16730000,22,100.952,-9108.55,14.6879,0.336
16732000,19,86.594,-9123.52,8.31927,0.332
16734000,23,111.045,-9130.12,16.129,0.364
16736000,29,134.811,-9124.97,10.9382,0.334
16738000,29,140.155,-9121.7,15.227,0.378
16740000,26,122.502,-9137.56,12.3321,0.333222
16742000,21,100.517,-9123.94,8.64382,0.3263
16744000,23,110.318,-9123.75,10.8065,0.320333
16746000,19,95.6604,-9130.61,5.47171,0.318
16748000,23,113.324,-9115.24,7.08631,0.335071
16750000,25,121.19,-9133.03,16.6063,0.37
16752000,23,112.22,-9133.43,8.1759,0.3274
16754000,20,96.641,-9117.57,12.5029,0.326
16756000,23,114.611,-9119.51,5.75341,0.3095
16758000,20,88.4972,-9118.69,10.2171,0.308
16760000,22,91.3958,-9135.79,14.9783,0.3194
16762000,20,95.285,-9121.48,9.83118,0.308
16764000,20,90.5858,-9122.42,9.74706,0.291
16766000,20,87.3103,-9127.44,9.8655,0.316
16768000,20,96.4136,-9141.72,9.53754,0.325
16770000,22,106.506,-9125.22,9.43743,0.316462
16772000,22,112.403,-9124.24,9.54462,0.335333
16774000,22,103.292,-9122.21,12.4516,0.338
16776000,22,108.521,-9113.36,8.51144,0.316
16778000,20,89.0526,-9129.82,7.72587,0.321286
16780000,24,120.352,-9121.74,10.8538,0.318333
16782000,22,91.4267,-9119.34,11.3121,0.327786
16784000,24,102.47,-9116.48,12.6987,0.3385
16786000,23,111.722,-9128.6,8.07681,0.309
16788000,19,92.8687,-9160.71,10.863,0.307444
16790000,21,91.32,-9127.07,17.928,0.32769
16792000,23,116.244,-9145.65,11.7281,0.329
16794000,28,135.303,-9129.49,17.8988,0.361
16796000,24,119.847,-9133.52,12.42,0.3498
16798000,20,91.9446,-9123.99,9.08509,0.305
16800000,18,91.3232,-9149.03,5.5647,0.323
16802000,16,79.0947,-9155.87,9.95485,0.314
16804000,19,80.8899,-9113.03,12.2652,0.328
16806000,22,109.595,-9120.93,10.2619,0.356
16808000,18,90.6032,-9146.5,6.97911,0.318333
16810000,22,107.208,-9134.19,10.4891,0.367
16812000,17,81.5412,-9129.81,7.95852,0.3
16814000,20,101.612,-9130.33,8.45897,0.321
16816000,22,95.8419,-9129.45,12.5526,0.312
16818000,21,94.1225,-9130.04,13.8416,0.296
16820000,20,92.5572,-9133.89,9.64528,0.312
16822000,22,89.1856,-9106.91,7.51234,0.331389
16824000,24,102.429,-9102.46,15.0305,0.314
16826000,22,97.9481,-9121.96,13.0904,0.329125
16828000,19,87.5903,-9120.7,11.2988,0.318
16830000,18,72.2359,-9142.64,14.7315,0.32575
16832000,17,84.141,-9136.95,5.68212,0.31
16834000,17,79.2506,-9134.91,8.34472,0.306
16836000,19,90.9515,-9125.41,11.5096,0.314
16838000,25,113.349,-9136.18,11.3813,0.337667
16840000,22,99.6021,-9135.89,11.5349,0.339
16842000,22,103.008,-9137.2,16.8221,0.319
16844000,20,92.5891,-9140.5,10.3479,0.316
16846000,23,104.594,-9142.41,14.746,0.348833
16848000,20,102.653,-9126.22,5.36125,0.32725
16850000,20,100.532,-9124.72,12.06,0.347
16852000,19,91.819,-9140.29,5.87595,0.339
16854000,21,92.4706,-9128.09,10.4131,0.349
16856000,18,85.775,-9129.7,5.93416,0.311429
16858000,22,110.863,-9116.36,6.95623,0.344
16860000,19,87.0144,-9137.01,11.0593,0.3145
16862000,21,99.767,-9129.07,10.0056,0.335
16864000,19,90.3822,-9126.53,10.0675,0.337286
16866000,19,85.6996,-9117.9,11.709,0.319429
16868000,18,91.6371,-9115.79,6.76679,0.347
16870000,19,98.488,-9130.61,9.13195,0.306
16872000,22,109.822,-9124.24,9.12951,0.31
16874000,24,111.848,-9114.7,16.1386,0.314
16876000,22,94.3456,-9131.41,17.3109,0.352
16878000,20,95.8451,-9132.45,10.1657,0.294
16880000,18,94.9598,-9126.42,8.48619,0.335071
16882000,18,87.2962,-9123.5,9.37553,0.297
16884000,20,97.9891,-9125.4,11.7146,0.344
16886000,22,108.534,-9116.95,8.98748,0.331
16888000,20,98.9552,-9134.97,11.4509,0.326
16890000,22,103.381,-9137.02,12.4085,0.282
16892000,22,108.934,-9130.23,7.01919,0.332
16894000,21,102.832,-9131.41,12.4443,0.317026
16896000,29,136.137,-9133.82,17.0156,0.329
16898000,22,104.073,-9137.9,12.4424,0.3289
16900000,23,100.318,-9104.05,13.6137,0.339429
16902000,22,103.786,-9113.07,13.02,0.352
16904000,19,92.6551,-9130.98,10.5631,0.293
16906000,26,117.759,-9125.81,13.6477,0.351
16908000,24,119.619,-9118.58,8.35755,0.348
16910000,25,123.214,-9106.34,9.82933,0.345333
16912000,19,80.5543,-9131.84,13.8761,0.351
16914000,20,92.0255,-9135.61,12.7568,0.335882
16916000,21,100.71,-9117.36,11.8274,0.308
16918000,21,101.342,-9115.66,15.8657,0.295
16920000,20,99.7424,-9130.87,9.78979,0.31
16922000,28,139.692,-9103.42,13.4677,0.347333
16924000,20,91.0409,-9123.27,9.38533,0.309
16926000,25,121.616,-9111.03,13.4632,0.3384
16928000,19,88.1973,-9120.05,14.7626,0.304857
16930000,22,97.9569,-9116.08,17.9292,0.328
16932000,19,92.6674,-9130.88,12.3796,0.286333
16934000,18,85.1146,-9122.66,10.0719,0.298
16936000,20,93.1599,-9125.22,12.7877,0.313
16938000,19,81.8541,-9116.22,13.2751,0.312
16940000,20,92.1674,-9116.79,7.82657,0.312
16942000,21,96.9662,-9121.68,15.342,0.345
16944000,24,113.146,-9128.94,15.5415,0.345
16946000,25,129.658,-9122.72,12.0109,0.35
16948000,21,103.986,-9106.78,7.63537,0.313
16950000,17,85.2298,-9130.26,6.87098,0.321667
16952000,20,98.4392,-9112.98,12.1465,0.323667
16954000,23,118.665,-9116.06,11.976,0.336
16956000,23,104.394,-9115.37,15.4578,0.318571
16958000,25,104.534,-9106.15,14.8471,0.3236
16960000,25,121.618,-9102.28,12.2275,0.314
16962000,25,119.766,-9110.42,15.5692,0.33075
16964000,25,128.634,-9112.44,14.5596,0.348
16966000,27,130.195,-9101.98,12.0935,0.36
16968000,28,135.859,-9117.55,14.6912,0.352
16970000,21,103.666,-9107.22,7.0162,0.324
16972000,21,103.918,-9118.11,9.73792,0.356
16974000,26,119.651,-9128.39,18.773,0.34375
16976000,25,111.404,-9121.01,14.732,0.304
16978000,22,98.8,-9103.79,11.8884,0.316
16980000,20,98.8451,-9107.22,8.8139,0.33
16982000,20,99.2213,-9114.59,7.28778,0.305
16984000,22,104.047,-9103.2,11.418,0.30725
16986000,23,118.576,-9107.14,12.3153,0.341
16988000,21,106.846,-9117.81,11.8281,0.3195
16990000,23,112.685,-9115.23,10.8516,0.292
16992000,23,99.7571,-9124.16,9.65133,0.324
16994000,22,97.6592,-9122.96,12.3592,0.349
16996000,24,124.754,-9115.57,8.59653,0.336615
16998000,25,120.456,-9107.94,17.062,0.341091
17000000,24,114.859,-9107.46,13.1617,0.323
17002000,24,115.91,-9116.03,13.4353,0.3468
17004000,23,110.911,-9104.25,10.4168,0.337667
17006000,23,117.223,-9102.79,14.0348,0.323
17008000,25,119.616,-9102.59,12.5577,0.317
17010000,25,118.019,-9102.54,12.7,0.326
17012000,25,116.975,-9117.32,10.7155,0.3524
17014000,25,127.355,-9110.29,10.7936,0.344
17016000,22,101.137,-9111.57,10.9234,0.336
17018000,23,111.058,-9106.9,10.6692,0.324
17020000,22,101.897,-9125.24,15.5964,0.355706
17022000,24,114.367,-9125.83,11.1736,0.304
17024000,26,114.948,-9104.16,19.0163,0.329333
17026000,26,134.232,-9107.87,14.2889,0.3
17028000,24,130.383,-9104.62,7.38297,0.335
17030000,24,122.41,-9122.47,9.77596,0.348
17032000,19,93.5697,-9116.22,12.6646,0.330167
17034000,20,87.7834,-9121.31,11.2233,0.292
17036000,17,85.568,-9125.05,8.51888,0.32375
17038000,19,91.0937,-9114.93,7.39584,0.308
17040000,22,111.744,-9108.58,12.6891,0.324
17042000,24,122.151,-9111.72,8.86439,0.3
17044000,21,105.994,-9126.52,5.67844,0.3155
17046000,21,94.2615,-9113.78,12.1356,0.304
17048000,21,89.9096,-9098.38,11.388,0.299
17050000,22,97.3006,-9107.99,11.5706,0.339
17052000,21,104.326,-9104.93,7.88073,0.335
17054000,28,134.285,-9114.68,14.6878,0.323
17056000,26,125.83,-9117.02,11.3954,0.394
17058000,30,141.236,-9088.61,13.7656,0.33275
17060000,27,133.454,-9113.01,13.8765,0.317
17062000,29,137.878,-9111.94,20.701,0.363
17064000,25,126.657,-9113.98,11.0826,0.32
17066000,29,157.004,-9118.08,13.7381,0.364
17068000,20,95.4131,-9122.83,11.6011,0.309
17070000,20,90.4008,-9115.74,13.1375,0.332
17072000,26,123.644,-9116.14,14.965,0.341929
17074000,28,139.207,-9098.31,17.087,0.34075
17076000,29,145.235,-9102.4,19.2922,0.342
17078000,22,106.05,-9120.35,11.2669,0.3068
17080000,20,97.7768,-9114.2,8.31197,0.298
17082000,21,101.246,-9122.41,8.25974,0.34172
17084000,21,90.9704,-9107.23,11.859,0.3145
17086000,22,115,-9116.87,10.4191,0.296
17088000,22,113.079,-9120.65,9.5725,0.342167
17090000,25,111.521,-9095.3,17.6983,0.327111
17092000,26,119.37,-9100.93,12.1818,0.354
17094000,26,128.821,-9108.39,11.6035,0.375
17096000,27,127.501,-9112.69,14.7703,0.3475
17098000,21,103.644,-9129.81,12.8181,0.332
17100000,21,109.517,-9122,9.80689,0.32
17102000,23,113.885,-9120.43,11.3266,0.345
17104000,24,117.805,-9113.41,9.88109,0.357
17106000,25,122.798,-9127.2,18.2934,0.340333
17108000,24,115.739,-9126.44,12.9945,0.334333
17110000,23,107.834,-9117.67,11.9653,0.33
17112000,18,75.993,-9125.66,9.46761,0.29
17114000,20,88.4667,-9126.98,15.6723,0.31675
17116000,22,98.9587,-9127.91,11.5239,0.331333
17118000,23,124.874,-9119.16,8.43847,0.338
17120000,22,112.857,-9124.86,10.4094,0.32
17122000,19,88.3559,-9121.33,10.364,0.296833
17124000,21,100.26,-9115.14,8.70132,0.307
17126000,19,84.3382,-9141.26,9.62743,0.296
17128000,23,108.577,-9120.86,10.9085,0.325
17130000,23,107.98,-9115.2,11.0438,0.3219
17132000,23,119.424,-9114.62,9.14462,0.309
17134000,22,97.1176,-9106.77,15.8338,0.329
17136000,23,111.345,-9115.78,14.9609,0.326
17138000,23,115.517,-9120.43,11.1589,0.307
17140000,23,104.252,-9107.15,12.7115,0.333
17142000,22,100.08,-9109.48,10.1525,0.333
17144000,25,119.445,-9129.04,14.3159,0.326
17146000,24,117.607,-9118.18,13.7211,0.345
17148000,23,106.707,-9129.74,12.6083,0.348
17150000,23,110.348,-9137.52,14.3546,0.356
17152000,21,94.0636,-9120.87,13.6387,0.31525
17154000,22,101.552,-9113.54,8.54562,0.315
17156000,23,110.915,-9120.34,13.5253,0.34
17158000,24,122.451,-9118.24,12.4375,0.343
17160000,23,113.086,-9130.81,12.6639,0.307
17162000,21,102.867,-9111.67,6.53959,0.339
17164000,21,100.436,-9114.84,10.9384,0.313
17166000,22,106.918,-9117.28,13.0155,0.336
17168000,22,111.914,-9138.48,12.9605,0.333
17170000,22,106.233,-9131.94,13.3582,0.342
17172000,20,100.856,-9103.8,8.51817,0.325
17174000,21,102.022,-9145.46,11.4672,0.311
17176000,21,108.319,-9138.92,9.64911,0.313
17178000,21,106.608,-9111.94,13.038,0.339148
17180000,20,88.3141,-9152.6,11.3311,0.304667
17182000,26,133.139,-9130.28,11.3047,0.355333
17184000,23,104.746,-9136.93,14.1772,0.354
17186000,22,108.955,-9105.58,8.55825,0.3486
17188000,26,117.931,-9111.09,17.7736,0.368
17190000,25,116.231,-9113.39,10.1452,0.323
17192000,18,78.5379,-9140,7.65381,0.315
17194000,18,82.1526,-9130.58,12.762,0.324
17196000,19,93.8431,-9140.78,7.56512,0.3114
17198000,18,83.2989,-9135.27,8.87924,0.307
17200000,20,77.5317,-9141.33,15.6593,0.313
17202000,21,100.818,-9131.12,8.49775,0.30525
17204000,20,83.7027,-9130.42,13.0918,0.283
17206000,24,112.87,-9122.2,8.22023,0.348
17208000,24,111.254,-9118.38,13.4464,0.33
17210000,24,102.983,-9114.04,14.4679,0.348
17212000,20,101.177,-9129.53,8.91352,0.321176
17214000,17,78.2566,-9127.48,7.55003,0.318
17216000,22,102.949,-9116.53,11.6781,0.317
17218000,25,126.357,-9119.98,14.0905,0.344
17220000,21,102.822,-9118.38,11.6003,0.312
17222000,20,97.9833,-9114.38,8.83421,0.298
17224000,20,88.5919,-9114.72,12.4671,0.29
17226000,16,71.6072,-9132,9.33344,0.315
17228000,16,71.8297,-9132.45,6.78396,0.293
17230000,17,78.4311,-9130.69,9.61902,0.323
17232000,17,81.025,-9140,8.25077,0.308
17234000,22,94.6961,-9109.32,10.4717,0.3279
17236000,23,105.275,-9119.38,9.64691,0.311
17238000,26,115.005,-9122.12,12.8863,0.338
17240000,23,103.431,-9124.22,9.72089,0.306
17242000,23,98.8792,-9121.62,9.46606,0.338
17244000,23,114.814,-9131.13,9.94545,0.323871
17246000,25,118.801,-9125.52,12.6046,0.346667
17248000,15,71.9012,-9142.14,4.63772,0.312667
17250000,19,70.1884,-9122.31,9.65258,0.311
17252000,20,97.39,-9123.68,10.8301,0.331375
17254000,21,97.0951,-9140.4,14.4738,0.3225
17256000,17,79.7722,-9145.73,7.28775,0.3024
17258000,18,72.2266,-9142.74,9.65724,0.302
17260000,19,74.6794,-9127.66,10.8029,0.287
17262000,20,79.7491,-9150.79,10.9505,0.319
17264000,22,98.5221,-9128.7,15.0112,0.342
17266000,22,97.4487,-9129.28,12.3811,0.3475
17268000,22,106.975,-9128.2,10.3441,0.336
17270000,21,96.0241,-9119.92,13.8707,0.309
17272000,19,79.0676,-9116.69,10.144,0.319
17274000,20,89.6107,-9124.41,16.0792,0.3135
17276000,24,119.486,-9116.44,8.57688,0.355
17278000,22,104.571,-9112.27,10.3156,0.308
17280000,19,86.8846,-9129.83,9.2838,0.319
17282000,22,106.843,-9114.98,10.1225,0.307
17284000,20,87.0465,-9144.92,11.8447,0.307
17286000,18,83.9969,-9125.5,6.89503,0.2978
17288000,21,97.1953,-9107.13,11.5817,0.33
17290000,22,104.931,-9112.32,9.71445,0.317
17292000,25,124.38,-9107.41,13.2851,0.3235
17294000,24,111.664,-9110.78,10.4721,0.339
17296000,24,107.92,-9110.43,12.7588,0.333
17298000,25,120.976,-9115.78,10.6802,0.352
17300000,24,117.006,-9131.54,14.2133,0.319
17302000,22,101.351,-9095.9,11.6971,0.3245
17304000,22,101.872,-9108.37,15.8082,0.332
17306000,24,120.587,-9115.68,13.1211,0.31
17308000,29,146.056,-9115.16,11.1621,0.387
17310000,26,126.009,-9122.71,12.7757,0.396
17312000,19,92.4497,-9154.52,9.01555,0.326
17314000,25,120.745,-9116.55,12.6174,0.374
17316000,23,108.812,-9118.26,11.4159,0.342
17318000,26,121.772,-9109.07,14.0963,0.38
17320000,25,114.512,-9101.99,10.9416,0.357
17322000,23,92.683,-9110.84,13.4664,0.335
17324000,24,106.932,-9117.75,12.4276,0.364
17326000,24,127.326,-9112.91,14.7556,0.357
17328000,18,82.0233,-9123.19,12.803,0.319852
17330000,20,92.4152,-9112.32,8.22375,0.335
17332000,22,102.845,-9127.07,11.5451,0.327
17334000,22,100.189,-9110.34,11.2957,0.317
17336000,27,129.41,-9105.52,13.2582,0.343
17338000,21,93.0189,-9113.35,11.7057,0.305
17340000,22,106.329,-9122.52,10.312,0.3195
17342000,24,112.398,-9133.22,15.9513,0.346
17344000,25,116.194,-9128.79,12.1016,0.375
17346000,22,112.879,-9132.85,9.73012,0.326714
17348000,20,107.143,-9137.61,9.20475,0.31
17350000,17,83.9454,-9135.21,8.29331,0.325
17352000,24,119.7,-9126.17,11.0971,0.331429
17354000,28,141.645,-9120.72,16.1963,0.38
17356000,28,142.743,-9126.92,12.8969,0.378
17358000,19,91.8344,-9146.46,7.15341,0.324
17360000,20,98.5007,-9122.85,12.1197,0.3202
17362000,21,107.702,-9123.71,6.79101,0.331
17364000,25,111.181,-9136.76,10.5892,0.3202
17366000,26,121.593,-9103.99,12.5571,0.343556
17368000,25,122.488,-9108.53,14.6195,0.388
17370000,20,88.5292,-9125.28,10.1381,0.338167
17372000,24,118.354,-9127.64,13.6749,0.3455
17374000,21,98.8485,-9107.9,13.739,0.331
17376000,23,121.725,-9106.21,7.2516,0.323
17378000,26,137.968,-9121.77,13.2339,0.333
17380000,25,112.679,-9129.09,11.7088,0.317533
17382000,26,135.169,-9131.87,10.6498,0.324
17384000,17,81.2449,-9129.63,7.41907,0.31008
17386000,24,128.256,-9120.28,10.6077,0.367071
17388000,24,118.633,-9121.81,15.8214,0.374
17390000,21,106.6,-9121.78,9.16567,0.331
17392000,20,94.598,-9124.82,10.5687,0.333
17394000,22,112.807,-9114.36,10.9769,0.328
17396000,21,100.739,-9111.26,15.521,0.326
17398000,23,114.944,-9106.06,10.7805,0.3208
17400000,22,117.222,-9117.08,7.53467,0.325
17402000,22,110.544,-9115.8,11.8414,0.333
17404000,18,92.4567,-9132.56,8.30043,0.33168
17406000,22,110.527,-9121.57,12.193,0.328333
17408000,20,104.121,-9119.87,7.78431,0.331833
17410000,22,110.266,-9116.46,10.7949,0.343
17412000,25,115.95,-9129.42,11.9238,0.3474
17414000,19,85.2299,-9121.93,14.0552,0.333444
17416000,25,122.44,-9107.85,11.5674,0.3448
17418000,23,114.427,-9118.18,12.1663,0.35325
17420000,24,113.005,-9117.46,15.3693,0.336
17422000,23,109.645,-9126.39,9.45353,0.3466
17424000,22,106.41,-9117.23,8.86357,0.341889
17426000,20,97.2076,-9113.76,12.1899,0.336
17428000,19,88.6254,-9119.81,11.4126,0.315
17430000,20,93.8795,-9106.02,6.98116,0.325
17432000,19,98.4641,-9127.46,7.53336,0.343
17434000,22,97.5324,-9128.25,17.2738,0.347846
17436000,20,91.4352,-9124.59,9.36701,0.338
17438000,20,91.7006,-9115.08,11.4745,0.339
17440000,21,105.604,-9127,9.51454,0.344
17442000,20,91.4784,-9139.12,14.1094,0.326
17444000,23,104.527,-9129.04,16.5505,0.336818
17446000,21,100.212,-9133.34,12.6046,0.331
17448000,23,113.116,-9114.33,10.1006,0.337
17450000,21,100.398,-9112.71,9.51485,0.3165
17452000,16,69.0244,-9133.72,7.69304,0.3173
17454000,19,93.049,-9149.98,12.1321,0.337
17456000,17,80.8855,-9124.01,7.86315,0.309
17458000,22,117.117,-9138.63,8.78906,0.346
17460000,23,107.266,-9140.56,13.44,0.361
17462000,22,104.15,-9120.81,14.6634,0.342
17464000,23,121.65,-9125.78,12.4343,0.395
17466000,20,101.649,-9125.04,9.5082,0.349
17468000,23,107.742,-9123.56,10.7855,0.34
17470000,22,106.605,-9126.74,10.0818,0.3558
17472000,20,104.074,-9114.74,6.49964,0.341
17474000,25,127.666,-9135.42,12.6183,0.37
17476000,24,127.378,-9128.37,12.548,0.379
17478000,21,107.591,-9143.76,9.40121,0.366
17480000,21,110.754,-9132.25,12.6866,0.327
17482000,19,95.9065,-9143.63,8.89489,0.32225
17484000,19,89.7393,-9140.84,12.8933,0.318
17486000,27,129.831,-9142.28,11.8125,0.362
17488000,22,106.671,-9131.82,9.52609,0.331667
17490000,23,105.238,-9138.13,8.6293,0.326333
17492000,22,102.417,-9115.76,18.7126,0.3452
17494000,24,108.328,-9120.55,10.4512,0.340714
17496000,25,118.246,-9118.19,17.5437,0.365
17498000,24,113.962,-9125.86,9.98952,0.338
17500000,24,117.94,-9111.04,13.6187,0.336
17502000,25,119.835,-9129.86,15.3585,0.369
17504000,22,103.681,-9125.93,10.4815,0.331182
17506000,19,89.0509,-9130.74,15.073,0.291
17508000,20,94.985,-9121.94,10.8747,0.33275
17510000,22,106.088,-9116.11,13.9429,0.341
17512000,19,92.6703,-9117.51,12.7332,0.33
17514000,22,102.092,-9124.66,11.7014,0.301
17516000,21,96.1168,-9119.58,8.58615,0.326
17518000,18,91.2367,-9143.49,7.4908,0.3165
17520000,19,93.0453,-9122.92,6.33163,0.309333
17522000,22,109.29,-9115.57,12.0028,0.333
17524000,25,129.917,-9120.77,13.2851,0.362
17526000,24,110.401,-9117.62,12.5491,0.31
17528000,20,93.7846,-9133.08,11.5555,0.331
17530000,22,102.008,-9112.22,12.6764,0.3334
17532000,18,93.7079,-9127.51,8.35857,0.31625
17534000,20,102.2,-9121.91,13.3509,0.348667
17536000,16,82.413,-9128.16,11.1588,0.3115
17538000,21,106.468,-9126.82,10.8702,0.309667
17540000,20,92.15,-9127.47,11.2283,0.3005
17542000,23,116.964,-9135.52,13.0089,0.352
17544000,23,108.346,-9139.73,13.4419,0.343
17546000,21,94.8226,-9120.51,13.4749,0.348
17548000,16,77.1286,-9132.04,6.32753,0.324316
17550000,21,92.2367,-9130.36,12.8351,0.333
17552000,15,73.8988,-9140.17,9.28468,0.286
17554000,18,83.2186,-9124.08,9.94206,0.312
17556000,20,90.4312,-9133.92,9.84674,0.328167
17558000,23,106.117,-9123.36,12.0401,0.321
17560000,23,105.328,-9121.75,9.41618,0.318333
17562000,25,108.574,-9113.68,15.718,0.316
17564000,22,104.124,-9131.13,7.953,0.342
17566000,24,110.629,-9129.76,9.15778,0.334
17568000,25,106.078,-9122.63,10.3194,0.3354
17570000,22,102.796,-9131.31,12.8031,0.315
17572000,21,95.4184,-9128.24,14.0599,0.335
17574000,24,113.98,-9133.24,12.3671,0.331
17576000,22,105.974,-9135.06,10.7841,0.338
17578000,19,102.013,-9128.64,7.11851,0.316714
17580000,17,82.402,-9128.63,8.67497,0.315
17582000,21,91.5118,-9122.91,12.9635,0.34275
17584000,19,93.0866,-9126.55,12.5698,0.3305
17586000,26,119.439,-9125.59,12.0953,0.368
17588000,32,147.953,-9122.41,16.2104,0.402
17590000,27,125.097,-9112.9,11.1448,0.359
17592000,28,127.42,-9119.81,15.9832,0.361
17594000,25,104.082,-9106.82,15.9554,0.346
17596000,15,74.847,-9135.67,9.81099,0.339
17598000,24,98.5131,-9098.55,13.5533,0.347667
17600000,21,104.425,-9117.17,12.7496,0.3265
17602000,21,105.67,-9114.13,8.07051,0.3155
17604000,20,105.964,-9124.35,8.39858,0.311
17606000,21,86.0807,-9116.63,12.0384,0.318
17608000,26,109.166,-9120.11,10.4005,0.337
17610000,25,101.131,-9113.02,9.91742,0.342
17612000,21,69.1525,-9118.42,9.54249,0.286
17614000,19,98.3099,-9139.51,10.5156,0.321941
17616000,23,101.447,-9106.31,10.0308,0.327
17618000,22,110.489,-9129.19,9.62736,0.328
17620000,21,106.246,-9133.46,11.5174,0.327
17622000,17,80.2456,-9115.87,7.86201,0.325
17624000,18,79.5138,-9115.71,6.4332,0.2925
17626000,17,78.7703,-9131.18,9.43788,0.293
17628000,16,79.7958,-9131.11,5.60772,0.321
17630000,19,92.0167,-9104.54,13.6296,0.317
17632000,23,110.531,-9111.38,14.8938,0.336
17634000,23,104.595,-9107.26,16.0167,0.35
17636000,22,100.979,-9125.49,6.75749,0.297167
17638000,24,108.626,-9124.09,16.6638,0.319
17640000,24,114.412,-9123.78,14.6286,0.372
17642000,24,109.439,-9108.31,12.9552,0.334
17644000,23,112.62,-9103.3,11.3736,0.327
17646000,19,91.2143,-9121.13,9.22804,0.323
17648000,22,115.796,-9124.87,9.34085,0.308
17650000,18,85.5876,-9139.58,11.2912,0.333318
17652000,20,99.0756,-9144.68,8.58435,0.326115
17654000,25,119.625,-9118.24,15.4922,0.352
17656000,23,107.593,-9113.43,14.2643,0.356
17658000,22,107.312,-9105.03,11.3142,0.364
17660000,17,81.4917,-9146.24,9.5381,0.3185
17662000,24,125.77,-9119.5,12.5597,0.345
17664000,21,110.994,-9115.16,10.1061,0.323
17666000,26,114.779,-9112.89,11.5168,0.351
17668000,25,119.893,-9110.56,8.64709,0.326
17670000,24,110.003,-9118.26,12.2461,0.34
17672000,27,133.373,-9113,15.9578,0.34175
17674000,22,98.8904,-9132.41,10.1579,0.337667
17676000,21,99.2977,-9119.28,8.89627,0.334
17678000,19,93.6295,-9152.98,9.64951,0.327815
17680000,20,99.9486,-9133.04,12.2618,0.332
17682000,21,113.714,-9114.15,8.85237,0.35
17684000,22,108.885,-9115.36,12.3031,0.338
17686000,22,100.621,-9110.58,11.8088,0.363
17688000,22,110.996,-9115.22,9.86455,0.338
17690000,19,92.5185,-9108.77,9.18762,0.35
17692000,19,87.9008,-9121.2,7.67186,0.315
17694000,20,89.6447,-9151.15,15.3636,0.327
17696000,16,71.3224,-9140.74,7.91433,0.305
17698000,23,106.823,-9116.64,13.9045,0.324667
17700000,20,97.15,-9122.72,11.979,0.343
17702000,22,110.517,-9116.84,9.39962,0.358
17704000,20,104.657,-9116.05,10.1254,0.319
17706000,18,89.1612,-9140.47,6.0828,0.327909
17708000,21,95.2513,-9130.52,12.0025,0.3215
17710000,21,97.137,-9131.25,15.3497,0.305
17712000,18,86.4672,-9142.14,8.45268,0.318
17714000,23,116.222,-9131.54,16.7621,0.346286
17716000,24,112.597,-9118.5,14.0454,0.343
17718000,22,110.343,-9124.9,12.8882,0.342
17720000,25,110.637,-9106.38,16.7431,0.3435
17722000,28,140.136,-9121.23,15.4774,0.363
17724000,25,130.917,-9135.1,12.5241,0.365
17726000,23,118.248,-9123.5,12.9474,0.378
17728000,24,124.215,-9118.75,14.97,0.333
17730000,20,91.5349,-9131.31,11.6155,0.327
17732000,23,104.861,-9106.89,12.2397,0.342583
17734000,23,108.922,-9121.57,14.8185,0.273
17736000,20,94.7419,-9126.4,10.0848,0.317
17738000,17,86.4443,-9128.91,7.28318,0.341
17740000,21,92.1378,-9142.34,10.1999,0.343667
17742000,21,99.6947,-9147.64,7.91385,0.371
17744000,22,98.8793,-9127.16,8.24061,0.327
17746000,24,116.37,-9113.11,13.0931,0.373
17748000,24,125.368,-9115.42,14.0326,0.348
17750000,21,90.7664,-9125.66,11.2174,0.3395
17752000,22,103.97,-9114.71,14.1047,0.339
17754000,22,111.583,-9110.62,13.499,0.367
17756000,19,78.8205,-9121.22,15.2972,0.303
17758000,20,86.4304,-9139.46,8.21731,0.334625
17760000,19,94.154,-9141.16,7.44189,0.335722
17762000,20,103.367,-9140.98,9.14779,0.341
17764000,23,107.254,-9124.23,7.6249,0.3424
17766000,26,120.35,-9125.16,10.8137,0.338
17768000,19,89.9959,-9124.66,9.47252,0.3342
17770000,25,129.124,-9110.67,13.1775,0.338846
17772000,26,125.939,-9106.95,14.9356,0.351
17774000,21,110.544,-9108.71,9.13744,0.352
17776000,21,103.888,-9121.28,13.4328,0.31
17778000,22,111.879,-9116.29,12.0384,0.329
17780000,21,101.139,-9110.72,7.38855,0.295
17782000,21,103.583,-9107.86,12.3626,0.289
17784000,21,98.02,-9134.41,10.4353,0.327875
17786000,19,99.7561,-9122.58,7.93733,0.349263
17788000,20,99.145,-9121.49,13.7919,0.315
17790000,25,117.585,-9124.63,13.9653,0.364
17792000,23,117.663,-9117.16,13.1764,0.314444
17794000,20,107.683,-9123.8,6.6738,0.331333
17796000,22,112.945,-9135.39,7.88262,0.349
17798000,20,97.1635,-9128.77,9.12804,0.335
17800000,21,99.3405,-9127.02,16.9521,0.325
17802000,21,99.0829,-9137.16,12.0567,0.338
17804000,28,129.411,-9121.17,12.9609,0.373
17806000,25,115.959,-9119.77,16.7201,0.34
17808000,24,112.399,-9130.26,13.313,0.344
17810000,24,113.907,-9124.65,10.8194,0.352
17812000,23,105.738,-9118.96,14.3701,0.36
17814000,23,116.402,-9106.76,16.9801,0.3313
17816000,18,93.5422,-9139.56,10.8777,0.321
17818000,16,70.0742,-9138.62,8.09972,0.2985
17820000,23,97.5119,-9137.4,20.1917,0.353
17822000,19,81.6106,-9123.02,6.62767,0.336
17824000,21,99.4519,-9126.4,12.1878,0.327731
17826000,25,121.929,-9118.86,9.03341,0.341333
17828000,18,87.6031,-9136.27,12.1368,0.346333
17830000,27,134.886,-9126.38,13.822,0.351
17832000,23,108.318,-9113.84,11.5514,0.336
17834000,20,99.2801,-9127.78,10.1973,0.3265
17836000,22,97.6262,-9142.23,16.1043,0.320833
17838000,20,104.831,-9134.11,6.78675,0.332
17840000,20,95.7107,-9130.55,8.56952,0.332
17842000,23,114.103,-9124.32,15.6459,0.356
17844000,20,106.917,-9119.66,7.71397,0.359
17846000,19,92.8418,-9118.98,10.4512,0.326
17848000,19,86.8884,-9121.54,10.3857,0.319
17850000,25,126.295,-9098.59,14.4059,0.332
17852000,28,139.625,-9098.19,16.6342,0.357
17854000,30,146.599,-9109.11,15.8805,0.386
17856000,29,131.517,-9110.06,16.718,0.363
17858000,25,132.815,-9127.1,12.8143,0.352
17860000,29,135.58,-9109.23,17.362,0.3645
17862000,24,110.056,-9106.7,11.5462,0.35
17864000,23,104.96,-9107.05,14.9233,0.331
17866000,24,118.521,-9106.94,13.5392,0.347
17868000,24,117.117,-9108.6,9.84683,0.376
17870000,21,105.526,-9102.64,6.68351,0.325
17872000,20,96.117,-9123.39,10.5515,0.315692
17874000,23,112.06,-9118.68,9.59342,0.35425
17876000,20,103.795,-9137.9,8.06263,0.306333
17878000,21,98.5648,-9130.23,13.0316,0.325333
17880000,17,81.7448,-9129.84,10.3293,0.336333
17882000,17,76.7798,-9135.2,8.39531,0.342
17884000,20,101.316,-9119.6,10.0431,0.3463
17886000,22,109.187,-9128.96,13.03,0.335426
17888000,19,94.0928,-9123.93,10.2648,0.319333
17890000,17,86.4229,-9124.13,6.97234,0.3
17892000,23,114.937,-9130.49,11.4795,0.351
17894000,18,86.6892,-9130.28,6.93016,0.312455
17896000,21,109.983,-9132.58,6.93601,0.326667
17898000,23,113.738,-9123.24,9.45585,0.355
17900000,22,104.403,-9130.14,11.5755,0.345
17902000,23,104.87,-9110.84,12.4872,0.288
17904000,21,92.6481,-9126.13,11.8721,0.336278
17906000,20,94.2051,-9134.84,9.44996,0.352667
17908000,22,97.1165,-9137.73,15.2072,0.349
17910000,23,108.582,-9132.42,10.8997,0.3545
17912000,26,120.722,-9131.01,14.7593,0.369
17914000,19,96.4257,-9134.31,7.91536,0.330857
17916000,22,99.2129,-9125.78,14.6592,0.34175
17918000,22,106.913,-9129.43,9.74745,0.317
17920000,22,96.0129,-9124.28,12.6326,0.35
17922000,19,97.0105,-9138.79,7.50582,0.316778
17924000,21,98.3309,-9118.49,9.82274,0.327889
17926000,21,100.771,-9126.49,11.4395,0.331
17928000,23,124.88,-9120.92,9.57219,0.348895
17930000,21,110.888,-9136.66,7.47141,0.32
17932000,28,139.274,-9130.63,14.726,0.367
17934000,23,121.802,-9132.14,9.96514,0.3195
17936000,21,101.496,-9129.21,9.41285,0.326333
17938000,19,89.6479,-9135.89,9.0933,0.349
17940000,20,106.558,-9123.32,8.24481,0.344769
17942000,22,105.361,-9136.42,13.271,0.363
17944000,22,111.393,-9139.21,7.32983,0.3305
17946000,22,117.861,-9135.17,10.0482,0.331667
17948000,22,119.663,-9138.16,11.5048,0.357
17950000,24,115.646,-9126.43,10.0773,0.336
17952000,26,115.37,-9137.07,17.826,0.357
17954000,19,90.9524,-9122.59,7.35586,0.299
17956000,20,107.257,-9121.69,7.81858,0.35
17958000,24,112.704,-9126.17,14.7808,0.340571
17960000,22,93.6178,-9129.6,14.3912,0.335
17962000,25,111.89,-9127.45,13.6012,0.325
17964000,23,112.012,-9141.9,10.902,0.36
17966000,21,103.919,-9121.89,12.4573,0.334
17968000,19,85.8751,-9124.16,8.62497,0.32
17970000,21,107.598,-9134.86,10.9183,0.3395
17972000,23,105.961,-9131.53,11.7667,0.337
17974000,20,97.9802,-9138.87,7.25346,0.342
17976000,20,95.255,-9136.98,7.34569,0.325
17978000,22,106.786,-9135.04,13.7898,0.340091
17980000,22,98.3404,-9124.89,16.3701,0.365
17982000,20,93.2996,-9148.46,10.0092,0.353
17984000,18,79.4963,-9134.4,11.69,0.333
17986000,18,85.5427,-9136.37,8.67115,0.348
17988000,21,102.147,-9120.97,8.41163,0.327
17990000,19,93.0665,-9116.57,12.1557,0.324
17992000,25,125.005,-9134.18,10.7689,0.314375
17994000,24,119.691,-9133.45,13.2998,0.351
17996000,23,112.831,-9120.53,12.1907,0.326111
17998000,18,91.0528,-9129.73,9.02652,0.3525
18000000,23,108.079,-9119.92,16.6636,0.328
18002000,25,118.591,-9113.96,9.9618,0.355583
18004000,25,115.787,-9117.91,12.7248,0.352
18006000,22,110.806,-9119.05,9.26082,0.3366
18008000,22,106.428,-9115.3,8.19543,0.35975
18010000,23,110.422,-9139.99,19.6118,0.351
18012000,24,119.075,-9125.02,11.8192,0.371
18014000,22,109.178,-9131,12.1579,0.3465
18016000,24,115,-9121.4,9.39367,0.344
18018000,24,121.639,-9116.28,11.1058,0.353
18020000,24,114.872,-9116.98,12.1206,0.375
18022000,21,95.518,-9115.2,14.3583,0.344471
18024000,24,113.9,-9113.35,14.084,0.33
18026000,26,122.153,-9116.89,13.2225,0.311
18028000,26,110.667,-9133.63,10.2022,0.35
18030000,27,121.654,-9127.81,13.755,0.352
18032000,22,99.5015,-9120.81,14.2647,0.3235
18034000,21,98.8394,-9123.15,10.7517,0.338
18036000,20,94.3693,-9117.65,11.0944,0.3435
18038000,20,91.2266,-9120.16,11.2098,0.324
18040000,24,119.651,-9128.06,9.70254,0.338412
18042000,21,109.52,-9129.39,8.32613,0.351
18044000,24,117.809,-9113.28,8.07977,0.340769
18046000,24,119.712,-9112.59,11.8216,0.3305
18048000,23,112.117,-9122.82,14.6019,0.347
18050000,23,114.175,-9120.26,12.8664,0.338
18052000,19,88.001,-9124.08,11.3609,0.328333
18054000,23,118.625,-9106.53,12.0577,0.35
18056000,19,87.6469,-9117.84,9.14337,0.334091
18058000,22,107.249,-9130.71,11.0758,0.318429
18060000,20,92.4593,-9120.79,13.1324,0.335
18062000,20,97.2525,-9130.34,9.00576,0.312
18064000,20,99.4736,-9150.75,6.21362,0.314
18066000,24,114.163,-9131.48,9.25525,0.318
18068000,23,119.201,-9141.33,11.3717,0.333
18070000,21,107.866,-9125.76,11.2671,0.326
18072000,22,109.636,-9129.08,12.2885,0.359
18074000,21,98.5144,-9133.36,11.7164,0.321
18076000,23,114.102,-9127.46,10.2311,0.307
18078000,22,102.594,-9133.82,13.7895,0.348
18080000,21,103.645,-9120.56,14.933,0.350893
18082000,27,134.562,-9118.91,16.9008,0.348
18084000,26,127.565,-9120.01,15.9808,0.349
18086000,24,106.325,-9120.54,18.6335,0.356
18088000,28,138.219,-9110.16,12.3747,0.345444
18090000,29,133.539,-9118.59,13.2918,0.363
18092000,28,125.234,-9116.21,17.0066,0.348
18094000,27,128.546,-9115.46,15.5291,0.349
18096000,28,138.103,-9112.46,11.2215,0.354
18098000,23,116.045,-9107.53,10.7959,0.367
18100000,23,120.131,-9139.1,11.4461,0.375
18102000,20,95.0543,-9108.67,13.8803,0.33375
18104000,23,111.146,-9117.24,16.4485,0.295
18106000,23,115.764,-9125.68,10.7804,0.326
18108000,25,126.885,-9110.81,12.8277,0.323818
18110000,21,106.857,-9123.07,9.0535,0.336333
18112000,24,125.526,-9116.3,8.97519,0.35625
18114000,24,116.167,-9107.26,14.2202,0.349
18116000,23,112.237,-9118.7,10.7623,0.313
18118000,24,114.155,-9104.74,13.644,0.335714
18120000,25,109.413,-9106.07,17.2394,0.343
18122000,26,124.864,-9124.4,17.4791,0.3542
18124000,24,110.673,-9121.27,13.6563,0.332
18126000,22,115.62,-9123.57,8.38197,0.338
18128000,23,115.656,-9121.47,9.05671,0.34
18130000,21,103.534,-9108.93,7.55482,0.369
18132000,27,134.621,-9104.9,10.3614,0.3374
18134000,29,141.512,-9105.46,14.5104,0.368
18136000,29,148.904,-9118.18,12.749,0.364
18138000,24,122.506,-9110.15,10.4018,0.343
18140000,23,103.505,-9110.29,14.3659,0.355
18142000,24,108.577,-9102.09,13.7555,0.354
18144000,23,105.911,-9111.03,11.4615,0.3265
18146000,24,113.809,-9116.66,10.068,0.355
18148000,25,121.877,-9112.13,12.8013,0.334
18150000,24,127.054,-9135,9.66398,0.361
18152000,21,103.734,-9126.06,11.5013,0.339
18154000,22,102.05,-9112.04,10.5081,0.313
18156000,20,99.5209,-9117.22,8.75298,0.340167
18158000,23,121.5,-9122.73,10.0411,0.3626
18160000,21,105.212,-9120.1,12.8375,0.339
18162000,17,78.4421,-9126.26,10.9632,0.338
18164000,24,107.175,-9138.39,21.2203,0.365
18166000,23,94.0714,-9120.54,18.9506,0.318
18168000,24,116.032,-9135.18,9.14115,0.349125
18170000,18,91.2884,-9119.23,6.19787,0.313
18172000,22,111.644,-9109,9.38505,0.294
18174000,22,102.234,-9119.04,11.2332,0.314286
18176000,19,89.8181,-9117.87,7.60215,0.330125
18178000,21,103.56,-9119.54,9.44773,0.307
18180000,23,116.838,-9127.08,9.12851,0.3334
18182000,23,113.224,-9133.35,10.3482,0.363
18184000,27,130.543,-9119.94,16.1076,0.325
18186000,23,108.714,-9115.78,11.9355,0.323
18188000,26,126.273,-9115.57,16.3082,0.3311
18190000,24,119.499,-9115.93,11.4711,0.344
18192000,26,121.034,-9118.48,13.7086,0.374
18194000,25,103.04,-9113.31,15.3136,0.3522
18196000,22,98.4873,-9119.13,9.24593,0.333
18198000,23,110.098,-9131.92,10.1013,0.340091
18200000,20,99.5731,-9117.33,8.35837,0.32225
18202000,22,102.555,-9118.62,12.2148,0.360667
18204000,23,120.344,-9118.83,10.665,0.342
18206000,23,111.142,-9109.32,12.8554,0.361333
18208000,26,113.052,-9103.93,14.4635,0.334
18210000,21,111.022,-9121.17,9.61444,0.3468
18212000,20,95.8557,-9125.3,10.0475,0.323875
18214000,19,92.5382,-9132.1,10.8988,0.311667
18216000,19,96.9722,-9118.55,10.6617,0.317
18218000,20,95.4696,-9126.73,9.36019,0.320333
18220000,21,107.394,-9121.08,8.66117,0.32
18222000,20,91.3688,-9118.95,13.6301,0.3092
18224000,22,101.031,-9103.92,14.2929,0.320333
18226000,23,114.019,-9128.21,8.81278,0.319375
18228000,18,80.2415,-9124.52,15.6806,0.313
18230000,21,90.3665,-9112.7,13.1852,0.344571
18232000,22,106.33,-9125,10.0299,0.345667
18234000,22,111.076,-9121.81,12.6737,0.351
18236000,23,105.479,-9109.07,10.8009,0.3285
18238000,21,105.448,-9119.19,11.3929,0.34875
18240000,21,101.009,-9128.05,7.89638,0.2958
18242000,23,105.227,-9121.1,12.3431,0.321
18244000,24,107.353,-9115.78,21.1676,0.347
18246000,23,107.687,-9119.71,6.9567,0.358
18248000,20,98.6528,-9126.64,7.48017,0.316222
18250000,19,76.4961,-9117.19,14.8722,0.325667
18252000,20,98.5249,-9122.11,9.38065,0.333
18254000,22,97.7677,-9140.94,17.1677,0.318
18256000,22,105.641,-9115.97,10.0937,0.329167
18258000,20,97.9524,-9117.96,9.80406,0.344
18260000,25,132.449,-9127.69,8.62386,0.382
18262000,19,95.286,-9123.92,7.54859,0.331538
18264000,18,82.93,-9125.97,11.7864,0.3445
18266000,20,106.802,-9132.87,9.35001,0.3232
18268000,20,108.236,-9123.63,9.50012,0.324
18270000,20,99.4251,-9124.04,10.2522,0.334
18272000,19,98.0665,-9121.69,8.07957,0.324
18274000,24,110.503,-9119.88,16.7054,0.356
18276000,22,111.337,-9111.48,9.64253,0.336
18278000,21,103.503,-9113.18,10.9763,0.341
18280000,21,104.074,-9115.8,10.169,0.3422
18282000,21,98.3246,-9113.08,14.071,0.317333
18284000,27,130.301,-9128.72,12.5058,0.34675
18286000,25,127.285,-9125.24,11.7334,0.3655
18288000,19,95.3838,-9130.39,6.83999,0.334667
18290000,24,119.63,-9138.46,11.2204,0.357778
18292000,22,106.17,-9117.29,7.85289,0.3576
18294000,21,105.897,-9108.52,10.4339,0.33425
18296000,22,104.561,-9110.34,7.97439,0.33
18298000,22,106.429,-9111.19,12.4649,0.356
18300000,22,116.635,-9111.92,11.2758,0.320636
18302000,19,99.0333,-9130.36,10.3616,0.323
18304000,20,90.7839,-9109.5,9.61733,0.324
18306000,19,95.4815,-9115.13,9.28645,0.297
18308000,19,79.5896,-9119.98,13.7266,0.32
18310000,20,88.5701,-9109.24,12.2267,0.29
18312000,22,101.165,-9113.91,11.6524,0.307444
18314000,17,82.307,-9124.61,7.43831,0.302
18316000,20,99.5327,-9133.27,12.034,0.320333
18318000,19,88.5029,-9127.73,11.346,0.306
18320000,19,89.177,-9117.77,9.00088,0.319333
18322000,18,87.0045,-9108.99,8.50577,0.3
18324000,24,121.27,-9114.41,15.0717,0.321
18326000,27,132.189,-9110.26,16.3689,0.374
18328000,25,126.532,-9107.01,10.0364,0.361
18330000,18,90.4901,-9131.38,9.5124,0.289
18332000,21,101.11,-9101.81,8.3514,0.339
18334000,21,111.89,-9121.7,7.32987,0.31525
18336000,25,126.345,-9084.7,9.33209,0.312
18338000,25,124.401,-9099.81,12.6604,0.309
18340000,27,137.813,-9097.03,15.4988,0.338
18342000,22,93.9331,-9114.72,14.1032,0.326
18344000,29,137.103,-9091.94,18.1018,0.325
18346000,28,134.673,-9086.66,15.1102,0.3495
18348000,24,118.068,-9120.05,10.9522,0.395
18350000,27,126.775,-9121.07,14.2418,0.355
18352000,25,115.846,-9113.14,14.0201,0.326
18354000,27,127.88,-9106.48,14.2873,0.33
18356000,25,127.849,-9097.89,12.6561,0.332667
18358000,27,133.751,-9110.15,13.352,0.372
18360000,29,144.643,-9104.04,9.00781,0.354
18362000,28,134.69,-9095.38,13.6824,0.339625
18364000,28,141.286,-9101.22,12.2099,0.34375
18366000,29,140.437,-9103.75,12.6949,0.322
18368000,26,125.081,-9107.09,10.9673,0.3174
18370000,28,130.182,-9100.31,13.9744,0.352667
18372000,29,143.578,-9116.27,14.0027,0.365
18374000,28,133.581,-9102.11,16.1588,0.352
18376000,25,123.828,-9106.45,13.6485,0.363
18378000,24,119.158,-9101.99,10.9774,0.329333
18380000,25,111.257,-9098.28,15.6019,0.321
18382000,23,110.437,-9100.96,12.7405,0.318
18384000,23,109.523,-9103.23,12.2229,0.298
18386000,22,110.455,-9108.4,10.109,0.3256
18388000,27,120.961,-9100.99,15.1162,0.361333
18390000,27,124.428,-9102.52,11.9077,0.343
18392000,27,130.319,-9094.31,11.9182,0.353
18394000,25,120.742,-9112.9,15.3091,0.333
18396000,21,103.026,-9135.08,12.283,0.352421
18398000,19,94.5314,-9137.27,14.3368,0.339
18400000,20,92.7611,-9133.75,12.5357,0.314
18402000,25,122.062,-9105.82,12.2957,0.338
18404000,25,112.61,-9102.86,17.8449,0.33
18406000,23,122.485,-9109.98,10.321,0.332083
18408000,25,129.225,-9110.7,12.7746,0.364
18410000,27,134.885,-9109.56,15.6909,0.368
18412000,22,102.416,-9105.42,13.6453,0.324
18414000,26,127.124,-9111.88,11.856,0.353
18416000,25,124.316,-9093.85,12.8085,0.33
18418000,22,113.175,-9105.41,8.92676,0.327
18420000,23,108.783,-9100.69,14.9211,0.315
18422000,19,93.7521,-9124.5,8.15193,0.33
18424000,19,95.5814,-9127.43,10.7318,0.340208
18426000,19,90.9584,-9145.25,10.4124,0.314
18428000,25,122.168,-9123.87,12.7342,0.341
18430000,21,109.919,-9115.81,12.6083,0.344
18432000,20,104.886,-9103.31,8.22619,0.302
18434000,22,116.113,-9113.66,12.6015,0.318
18436000,17,81.1073,-9139.55,9.02652,0.3304
18438000,21,97.4749,-9129.58,9.60017,0.348
18440000,19,95.1176,-9135.21,5.36452,0.312556
18442000,18,88.0437,-9129.92,9.38977,0.325
18444000,16,80.4426,-9135.08,7.66214,0.288
18446000,17,81.5998,-9135.35,10.9349,0.326
18448000,15,75.8135,-9145.64,6.19704,0.29475
18450000,23,105.683,-9117.08,12.4985,0.323
18452000,22,108.612,-9114.68,10.1374,0.347
18454000,24,106.956,-9111.83,12.2665,0.3545
18456000,23,103.794,-9114.99,10.8926,0.345
18458000,22,98.8502,-9116.35,13.0375,0.312
18460000,19,84.561,-9119.78,11.1039,0.288
18462000,23,114.143,-9123.12,10.3136,0.321
18464000,19,96.3904,-9131.73,5.16379,0.318529
18466000,23,106.16,-9118.44,16.6607,0.371
18468000,22,104.172,-9130.31,11.7949,0.327
18470000,22,103.927,-9125.16,11.4341,0.32
18472000,23,118.688,-9116.42,8.41907,0.322833
18474000,20,96.2475,-9138.24,8.03081,0.314077
18476000,28,125.075,-9105.54,13.4617,0.36
18478000,28,126.142,-9112.44,12.0013,0.36
18480000,28,133.276,-9116.59,14.9226,0.363
18482000,21,105.519,-9137.75,9.816,0.319455
18484000,19,90.6466,-9116.2,9.40883,0.328
18486000,24,110.496,-9112.57,13.9455,0.3122
18488000,25,121.57,-9115.58,10.8846,0.343
18490000,27,130.047,-9120.77,9.52152,0.336
18492000,26,130.454,-9112.61,12.6771,0.357
18494000,25,116.138,-9098.04,10.147,0.34225
18496000,31,146.082,-9113.3,17.5866,0.343
18498000,31,143.955,-9108.63,16.3983,0.392
18500000,28,138.907,-9104.62,9.4763,0.321
18502000,24,116.97,-9107.15,11.2484,0.336
18504000,24,119.753,-9114.77,14.2831,0.339368
18506000,20,88.2501,-9101.43,9.57403,0.338333
18508000,25,129.961,-9125.77,10.2008,0.33075
18510000,21,101.912,-9120.25,12.0604,0.331
18512000,21,107.456,-9126.49,15.5649,0.351368
18514000,21,108.624,-9134.66,12.2783,0.33
18516000,20,106.207,-9129.2,9.64162,0.325
18518000,21,105.867,-9129.42,8.79221,0.333
18520000,21,103.927,-9117.94,7.59984,0.332
18522000,19,92.1314,-9135,7.80648,0.312118
18524000,21,109.989,-9120.74,8.92239,0.302
18526000,23,110.067,-9114.35,13.969,0.332
18528000,25,128.868,-9107.11,9.51846,0.310714
18530000,23,120.812,-9110.07,9.29854,0.327
18532000,19,95.2237,-9123.86,10.5845,0.318
18534000,27,129.538,-9115.86,11.0611,0.336
18536000,19,93.9791,-9130.04,9.36327,0.322
18538000,28,144.881,-9111.19,11.2127,0.385
18540000,26,130.694,-9103.65,9.04159,0.340333
18542000,23,104.368,-9101.38,11.8637,0.283
18544000,29,143.233,-9121.73,16.7447,0.3666
18546000,24,107.549,-9124.6,12.7025,0.362
18548000,25,117.877,-9120.35,11.4187,0.353
18550000,22,113.591,-9125.73,12.0324,0.368667
18552000,25,117.845,-9101.5,12.9936,0.318
18554000,22,97.2763,-9119.73,14.4147,0.341
18556000,21,103.839,-9124.82,9.38426,0.344
18558000,20,106.343,-9125.43,7.72217,0.332
18560000,22,116.569,-9142.06,13.498,0.322375
18562000,27,131.911,-9115.89,12.8228,0.348667
18564000,25,127.277,-9132.43,20.7635,0.358333
18566000,26,124.4,-9102.07,16.2161,0.325
18568000,24,106.633,-9115.71,12.371,0.327
18570000,25,119.033,-9106.02,11.1315,0.321
18572000,24,104.823,-9111.78,13.8183,0.326
18574000,24,116.754,-9111,13.3243,0.335
18576000,23,111.921,-9119.22,9.25085,0.326
18578000,26,128.792,-9123.03,10.1472,0.332625
18580000,25,121.23,-9120.26,17.4442,0.342
18582000,21,102.367,-9123.29,8.55867,0.339
18584000,19,87.7207,-9121.75,10.8719,0.34
18586000,19,94.4935,-9110.49,7.40633,0.328
18588000,21,101.17,-9129.01,12.846,0.344917
18590000,16,85.8005,-9143.39,7.75362,0.327
18592000,22,99.4891,-9115.69,12.7812,0.327
18594000,23,93.2607,-9125.03,17.2489,0.337
18596000,19,91.9685,-9148.24,15.5852,0.3255
18598000,27,129.214,-9111.85,13.7893,0.335444
18600000,25,122.321,-9121.1,13.2132,0.322
18602000,26,124.765,-9122.06,11.2138,0.329
18604000,26,138.997,-9113.63,10.1565,0.337
18606000,26,134.606,-9113.99,11.7825,0.351
18608000,19,86.8901,-9119.36,10.668,0.330571
18610000,16,86.9922,-9138.51,6.82006,0.293
18612000,17,82.212,-9134.81,10.1051,0.312
18614000,18,88.2164,-9144.91,11.5922,0.337
18616000,23,110.041,-9105.47,13.8225,0.31
18618000,22,107.345,-9105.47,12.3056,0.36
18620000,24,114.132,-9104.32,15.3443,0.349
18622000,23,115.828,-9111.07,15.3885,0.339
18624000,25,133.94,-9111.78,7.50077,0.333
18626000,24,121.618,-9128.07,8.14335,0.346
18628000,21,99.3132,-9115.29,11.078,0.332
18630000,20,93.5269,-9123.35,10.2598,0.333
18632000,18,93.2536,-9123,5.15195,0.325
18634000,18,92.7023,-9126.63,5.68693,0.284
18636000,20,95.346,-9115.11,10.0875,0.324
18638000,18,91.7161,-9126.61,8.04917,0.32
18640000,18,90.6407,-9132.05,11.3491,0.337714
18642000,20,97.686,-9135.66,10.9381,0.332
18644000,21,107.701,-9132.75,10.1537,0.353
18646000,23,104.616,-9123.22,10.9121,0.33
18648000,18,92.8094,-9126.95,7.22978,0.35
18650000,20,87.4572,-9137.44,11.2585,0.3586
18652000,21,105.339,-9122.3,9.84072,0.321833
18654000,19,98.9171,-9125.56,8.52919,0.3118
18656000,21,99.5452,-9125.03,10.76,0.329
18658000,20,99.9833,-9130.43,9.75518,0.328
18660000,18,97.0742,-9131.51,8.84461,0.331571
18662000,18,91.7112,-9138.47,8.9312,0.3095
18664000,17,77.5132,-9131.02,10.7485,0.297667
18666000,18,94.299,-9126.35,12.1131,0.326
18668000,20,100.581,-9132.7,12.4767,0.321
18670000,21,101.873,-9129.73,7.82145,0.332333
18672000,21,85.5299,-9109.76,19.4464,0.35
18674000,28,134.846,-9104.43,14.8496,0.344
18676000,28,131.658,-9095.37,12.1277,0.318
18678000,23,119.45,-9115.2,8.67089,0.334583
18680000,23,108.932,-9097.45,13.108,0.324
18682000,21,104.99,-9120.75,5.54026,0.3157
18684000,26,129.755,-9109.23,11.4193,0.3448
18686000,17,82.9512,-9123.75,9.79053,0.34
18688000,19,97.2931,-9123.16,10.1988,0.302
18690000,20,107.867,-9129.14,6.72883,0.288
18692000,21,99.9902,-9109.18,13.2951,0.331273
18694000,21,105.719,-9123.9,9.96728,0.349
18696000,25,124.574,-9127.09,15.0741,0.355
18698000,20,101.714,-9133.52,12.1004,0.331
18700000,21,111.316,-9128.84,10.2328,0.326667
18702000,22,111.678,-9125.61,9.81973,0.35
18704000,19,90.1576,-9134.4,11.1775,0.325
18706000,19,86.9585,-9133.72,10.3559,0.323
18708000,20,89.6037,-9124.21,10.4878,0.339
18710000,23,103.587,-9121.81,11.2583,0.3318
18712000,17,87.6826,-9143.2,10.5023,0.352385
18714000,19,87.8185,-9131.42,14.4425,0.326
18716000,20,91.2499,-9123.64,10.4368,0.324
18718000,21,91.9527,-9110.38,11.4819,0.299
18720000,19,83.0594,-9124.27,10.8966,0.292
18722000,20,93.8373,-9124.94,7.47058,0.3095
18724000,22,103.451,-9130.99,10.7145,0.343
18726000,20,91.9449,-9118.58,9.07579,0.336
18728000,19,85.0996,-9129.32,12.4279,0.278
18730000,21,91.7495,-9115.36,7.21607,0.332
18732000,17,88.9833,-9137.28,10.9028,0.325
18734000,17,88.6017,-9151.61,6.7446,0.333
18736000,23,107.249,-9109.12,12.7954,0.322
18738000,19,104.275,-9132.55,6.24949,0.32975
18740000,20,104.319,-9132.25,10.8045,0.342
18742000,21,115.314,-9132.59,9.77795,0.319
18744000,21,97.8454,-9132.8,10.6606,0.336
18746000,20,93.5865,-9138.07,10.3581,0.356
18748000,20,98.1589,-9139.11,11.4896,0.336
18750000,18,97.801,-9146.59,6.86296,0.353125
18752000,25,130.614,-9126.81,9.21608,0.327545
18754000,24,114.59,-9127.85,9.7003,0.323
18756000,23,105.018,-9127.12,13.6386,0.339
18758000,19,91.4512,-9137.92,6.45311,0.317
18760000,18,79.3587,-9138.29,7.327,0.321
18762000,23,110.691,-9110.68,10.6389,0.34
18764000,22,100.076,-9104.75,15.2612,0.308
18766000,28,141.578,-9106.8,16.9978,0.38
18768000,18,90.956,-9132.66,11.4875,0.302
18770000,16,82.7041,-9129.66,7.00677,0.305
18772000,21,103.564,-9129.32,8.80574,0.329556
18774000,18,92.9455,-9124.56,7.80104,0.289
18776000,21,101.601,-9122.21,11.6085,0.341
18778000,20,96.7251,-9142.47,7.25368,0.336
18780000,21,98.1075,-9130.06,11.8595,0.35075
18782000,19,95.4664,-9138.4,7.9756,0.3195
18784000,22,117.165,-9139.22,11.2787,0.366
18786000,28,139.363,-9131.53,17.7467,0.361
18788000,22,100.286,-9143.11,15.9177,0.365
18790000,25,115.039,-9107.13,14.9305,0.343769
18792000,21,94.3446,-9114.96,9.83988,0.316
18794000,22,107.14,-9111.47,9.5986,0.319
18796000,19,92.3658,-9131.76,8.74401,0.317059
18798000,24,116.291,-9106.15,16.2471,0.339667
18800000,27,131.947,-9114.09,12.4166,0.333
18802000,26,129.89,-9106.91,13.849,0.372
18804000,25,122.802,-9113.73,13.2359,0.3545
18806000,25,111.719,-9107.85,13.4069,0.367
18808000,26,114.875,-9114.8,19.2732,0.356
18810000,26,131.603,-9115.62,13.0898,0.346
18812000,23,116.403,-9120.52,9.34851,0.343
18814000,21,107.765,-9115.17,11.8361,0.328
18816000,21,105.73,-9114.55,12.8113,0.316
18818000,20,88.0581,-9136.88,13.4226,0.320667
18820000,18,77.9034,-9141.03,13.9127,0.316783
18822000,22,113.444,-9133.5,9.43395,0.353
18824000,23,114.498,-9126.01,9.29594,0.335
18826000,21,94.1909,-9101.88,11.7423,0.336556
18828000,22,105.817,-9121.05,12.289,0.293
18830000,23,99.527,-9115.53,13.9588,0.342
18832000,19,89.0122,-9122.23,10.1791,0.305
18834000,20,96.3268,-9127.63,15.9283,0.324
18836000,19,89.5375,-9118.77,10.3906,0.308
18838000,19,82.9189,-9133.58,13.2424,0.3
18840000,21,104.419,-9108.92,8.81004,0.332
18842000,19,88.8267,-9107.38,11.5943,0.306
18844000,22,106.515,-9109.43,11.1766,0.341
18846000,23,121.003,-9130.49,7.48941,0.3332
18848000,22,105.685,-9119.63,7.87062,0.336
18850000,20,101.288,-9134.73,6.81122,0.326857
18852000,19,94.3004,-9132.99,9.66173,0.329
18854000,25,121.523,-9116.25,11.0919,0.345
18856000,23,107.492,-9112.08,8.49253,0.374
18858000,24,109.175,-9108.92,17.5147,0.326
18860000,26,123.695,-9104.31,10.1564,0.348
18862000,25,125.709,-9097.4,11.525,0.319
18864000,27,126.004,-9110.71,14.9815,0.36
18866000,28,129.155,-9097.23,16.2556,0.351
18868000,23,96.9482,-9100.68,12.1295,0.348789
18870000,23,109.727,-9118.27,13.685,0.355
18872000,17,80.0173,-9147.63,9.56988,0.31835
18874000,19,85.1649,-9138.92,12.8883,0.319
18876000,19,89.1614,-9145.2,11.7528,0.32375
18878000,18,85.8556,-9136.84,11.7356,0.344
18880000,16,74.828,-9145.64,11.8866,0.308
18882000,19,93.2718,-9136.36,9.2419,0.31775
18884000,22,97.2068,-9101.78,12.5361,0.336
18886000,24,114.31,-9109.39,8.94385,0.31
18888000,30,144.809,-9106.4,16.2173,0.365
18890000,31,130.364,-9114.86,21.7453,0.34
18892000,22,111.878,-9137.53,11.056,0.3311
18894000,24,110.774,-9100.09,15.7745,0.34
18896000,22,102.455,-9105.62,13.8441,0.314
18898000,23,105.407,-9091.33,15.2008,0.343
18900000,27,119.632,-9095.12,14.9453,0.352
18902000,25,111.594,-9101.66,16.054,0.363
18904000,24,104.347,-9099.39,12.201,0.344
18906000,26,116.848,-9104.86,11.7292,0.34
18908000,21,106.242,-9115.23,11.2584,0.369
18910000,24,116.576,-9110.23,15.5211,0.353
18912000,23,105.756,-9115.26,14.5663,0.346
18914000,22,110.143,-9124,13.3293,0.336
18916000,20,81.3608,-9102.08,12.4876,0.336
18918000,20,86.8354,-9109.5,8.89767,0.309
18920000,21,105.05,-9110.64,11.2453,0.336
18922000,19,83.2104,-9108.34,14.8112,0.317
18924000,20,102.502,-9129.18,7.30688,0.29
18926000,19,86.8315,-9113.65,13.4543,0.3195
18928000,20,94.4996,-9119.58,7.76182,0.309
18930000,27,123.512,-9118.11,11.717,0.336
18932000,20,92.991,-9153.16,11.998,0.318429
18934000,17,76.8117,-9134.65,7.69974,0.261
18936000,18,91.175,-9135.12,7.14306,0.320833
18938000,18,80.1503,-9125.89,8.32819,0.304
18940000,24,121.091,-9119.27,9.26341,0.341
18942000,24,122.448,-9127.65,10.3234,0.317
18944000,25,121.225,-9112.13,13.0842,0.341
18946000,25,117.306,-9123.57,10.6184,0.331
18948000,23,118.717,-9127.16,11.367,0.342
18950000,20,91.6336,-9120.31,12.8546,0.298667
18952000,22,85.4318,-9122.32,15.9515,0.330333
18954000,21,90.1609,-9128.24,7.38284,0.299
18956000,22,94.8874,-9124.6,11.7448,0.3284
18958000,26,129.082,-9127.99,19.4122,0.312
18960000,20,91.4577,-9131.76,9.87575,0.34
18962000,19,87.9554,-9133.78,7.13274,0.35
18964000,19,92.8945,-9128.44,8.16342,0.3
18966000,21,104.878,-9128.58,10.2745,0.318
18968000,21,104.94,-9127.38,9.91207,0.309
18970000,23,114.288,-9130.44,13.6348,0.3
18972000,22,111,-9139.27,6.70429,0.314
18974000,21,100.98,-9130.27,11.4981,0.335
18976000,24,123.711,-9128.39,7.60057,0.366
18978000,20,93.6951,-9138.2,9.1041,0.308
18980000,26,127.979,-9143.39,9.50605,0.344375
18982000,27,118.971,-9131.8,13.2918,0.347
18984000,22,114.551,-9125.54,12.3883,0.322
18986000,17,68.3822,-9125.67,10.2527,0.32803
18988000,19,84.0546,-9117.14,12.4179,0.337333
18990000,22,105.023,-9126.02,12.6584,0.338
18992000,24,105.625,-9120.87,12.3583,0.334
18994000,21,108.461,-9111.14,12.9605,0.328
18996000,26,122.367,-9118.78,12.5948,0.357
18998000,27,140.267,-9124.07,10.3881,0.328
19000000,29,142.478,-9122.78,21.691,0.349
19002000,20,97.7675,-9123.74,9.48945,0.355167
19004000,20,93.2274,-9131.81,9.83335,0.338
19006000,21,91.219,-9131.72,13.7551,0.344
19008000,27,129.13,-9119.99,15.1935,0.328
19010000,24,116.911,-9126.21,12.742,0.313
19012000,22,104.747,-9126.27,13.528,0.3275
19014000,22,102.506,-9114.75,12.2095,0.318
19016000,24,119.325,-9125.72,12.7166,0.342
19018000,25,115.505,-9131.09,15.5059,0.344143
19020000,22,102.159,-9124.52,13.9429,0.322
19022000,23,116.019,-9131.59,7.33508,0.326
19024000,22,102.041,-9105.55,10.3958,0.31925
19026000,20,93.2911,-9120.35,9.94913,0.33125
19028000,21,104.328,-9127.02,8.97244,0.312
19030000,22,112.53,-9129.48,9.77022,0.36
19032000,21,107.899,-9127.93,11.806,0.317429
19034000,23,97.9351,-9112.31,9.29323,0.326818
19036000,22,94.6827,-9120.12,9.69234,0.357
19038000,23,112.545,-9124.61,15.0868,0.333705
19040000,22,105.532,-9131.13,15.4793,0.354
19042000,19,81.6355,-9118.76,12.446,0.3228
19044000,23,110.994,-9119.35,14.699,0.33
19046000,23,114.468,-9124.68,8.99674,0.342
19048000,22,107.079,-9113.27,9.42803,0.3295
19050000,21,98.4216,-9113.81,9.63809,0.327
19052000,22,95.4883,-9120.03,13.3441,0.3322
19054000,21,88.5563,-9117.21,10.5004,0.319
19056000,21,98.2601,-9120.69,6.57862,0.33
19058000,21,82.4313,-9105.27,15.0608,0.305
19060000,23,101.98,-9097.86,8.14133,0.358
19062000,25,111.835,-9104.86,12.7032,0.335
19064000,28,136.564,-9118.44,11.9914,0.37
19066000,24,101.364,-9126.89,13.8885,0.361
19068000,24,114.818,-9110.93,9.72966,0.354667
19070000,25,113.376,-9118.79,12.5809,0.324
19072000,23,113.163,-9136.12,9.09845,0.325571
19074000,33,147.596,-9123.21,14.8437,0.38
19076000,26,109.236,-9106.99,13.5414,0.359
19078000,20,89.177,-9122.36,11.3065,0.341
19080000,23,101.587,-9117,10.3108,0.36
19082000,23,95.0914,-9109.71,13.0734,0.349
19084000,21,97.6781,-9119.03,7.68484,0.328
19086000,18,74.4159,-9122.67,14.0666,0.318
19088000,20,98.6998,-9127.17,7.94661,0.308
19090000,21,96.5213,-9118.93,10.6256,0.331789
19092000,18,81.7296,-9127.69,11.5425,0.326
19094000,27,133.744,-9108.98,11.9324,0.381
19096000,24,117.521,-9112.84,14.6578,0.34
19098000,25,117.369,-9136.26,13.8647,0.351
19100000,25,121.267,-9119.51,13.7904,0.358
19102000,20,85.0638,-9121.34,16.8044,0.3054
19104000,23,96.0348,-9113.57,13.3917,0.331333
19106000,23,105.637,-9114.91,11.9216,0.327
19108000,23,111.168,-9113.87,13.3912,0.345333
19110000,23,107.751,-9108.87,14.5034,0.356
19112000,22,95.4547,-9127.32,15.4713,0.311111
19114000,20,89.4846,-9120.9,6.1993,0.314
19116000,21,103.944,-9116.89,6.06285,0.344
19118000,24,110.163,-9113.7,13.2436,0.333818
19120000,22,95.7679,-9107.02,8.67981,0.286
19122000,24,107.947,-9122.95,14.9378,0.367
19124000,23,107.648,-9131.19,10.0093,0.3245
19126000,19,93.692,-9130.54,12.3293,0.332
19128000,20,92.4385,-9136.54,12.5614,0.311
19130000,23,105.39,-9110.39,17.2246,0.331447
19132000,20,87.5576,-9133.35,11.286,0.35
19134000,21,107.915,-9109.61,15.0132,0.33
19136000,25,129.213,-9119.52,10.7471,0.328
19138000,21,104.539,-9127.27,8.69112,0.314
19140000,25,120.059,-9114.78,12.8355,0.342
19142000,26,127.153,-9111.78,12.7897,0.351
19144000,21,98.5454,-9106.03,11.0374,0.352
19146000,18,73.6944,-9112.9,10.2995,0.282
19148000,24,104.709,-9107.71,12.924,0.3
19150000,22,101.755,-9096.85,9.40942,0.345
19152000,23,106.985,-9097.66,11.9278,0.313
19154000,23,108.914,-9122.96,14.3659,0.32664
19156000,24,116.256,-9130.31,10.8228,0.3485
19158000,25,119.555,-9118.75,12.1919,0.334333
19160000,26,124.11,-9111.13,12.4308,0.330857
19162000,26,124.395,-9104.55,10.8806,0.348
19164000,23,117.425,-9112.88,10.0895,0.345
19166000,21,106.347,-9123.78,6.73288,0.320318
19168000,22,113.25,-9105.7,9.68804,0.330667
19170000,22,105.664,-9116.16,12.174,0.317
19172000,20,98.4477,-9111.22,9.6924,0.318
19174000,19,101.26,-9121.05,5.63041,0.324167
19176000,19,99.883,-9119.17,7.65205,0.322
19178000,21,99.6364,-9119.16,14.9057,0.322
19180000,22,105.413,-9124.01,13.9116,0.341429
19182000,22,106.339,-9107.5,9.76719,0.306
19184000,21,98.9762,-9118.14,11.8516,0.365
19186000,22,100.484,-9112.06,11.541,0.32975
19188000,20,102.433,-9106.49,8.52003,0.325
19190000,19,88.859,-9130.87,9.06155,0.325121
19192000,24,124.477,-9104.51,12.0145,0.3265
19194000,21,106.88,-9127.28,11.2231,0.337667
19196000,21,108.578,-9123.36,10.3666,0.322
19198000,26,128.309,-9130.23,13.4377,0.3275
19200000,23,115.607,-9115.17,10.9177,0.340571
19202000,24,116.487,-9129,15.664,0.355
19204000,26,121.612,-9103.24,8.34581,0.342
19206000,25,125.9,-9128.81,11.8021,0.358833
19208000,24,116.626,-9127.44,9.63171,0.342
19210000,26,124.844,-9130.1,12.228,0.343
19212000,25,123.488,-9122.33,13.4822,0.359
19214000,26,108.79,-9121.54,14.5953,0.3925
19216000,23,111.547,-9097.31,12.285,0.35
19218000,24,112.407,-9108.62,10.0627,0.367
19220000,22,102.613,-9133.16,12.616,0.345
19222000,19,95.0222,-9115.9,8.75554,0.3116
19224000,20,101.301,-9110.91,10.8201,0.306
19226000,22,103.455,-9108.9,11.9517,0.324
19228000,19,94.7224,-9119.62,8.72381,0.292
19230000,16,68.7412,-9130.54,13.6482,0.341176
19232000,18,89.0003,-9139.64,7.04638,0.279
19234000,19,91.433,-9116.44,8.81071,0.309
19236000,20,96.8668,-9122.05,10.3517,0.307571
19238000,21,108.74,-9120.13,8.55755,0.334
19240000,18,84.7773,-9144.57,13.0373,0.294
19242000,22,106.112,-9111.15,7.19682,0.323143
19244000,20,102.48,-9099.49,7.18579,0.322
19246000,23,112.537,-9108.03,10.5785,0.342
19248000,20,99.9601,-9128.03,12.1315,0.334
19250000,22,100.599,-9097.7,10.8863,0.327
19252000,21,94.245,-9095.41,11.9487,0.307
19254000,20,95.3755,-9120.91,7.9759,0.326061
19256000,20,102.604,-9142.67,7.30288,0.332
19258000,22,106.255,-9118.63,11.0017,0.323
19260000,21,101.358,-9124.34,6.52283,0.33375
19262000,21,84.5926,-9118.94,8.56286,0.287
19264000,23,102.842,-9097.8,10.968,0.324091
19266000,24,101.054,-9093.86,12.2272,0.309
19268000,23,94.6354,-9100.32,15.2093,0.321
19270000,26,109.704,-9100.93,12.8684,0.343
19272000,17,75.5758,-9112.45,13.0742,0.327
19274000,18,85.8321,-9120.79,7.27753,0.31
19276000,18,83.4962,-9122.98,8.77637,0.285
19278000,19,77.71,-9118.34,12.8365,0.289
19280000,24,111.79,-9106.79,14.8493,0.333
19282000,22,99.7293,-9099.6,12.322,0.328
19284000,17,79.9019,-9138.52,9.97726,0.314
19286000,27,130.985,-9112.16,15.0076,0.33
19288000,27,137.778,-9115.73,14.3053,0.342
19290000,24,110.823,-9115.22,18.6169,0.342
19292000,18,88.2539,-9129.42,8.09676,0.307286
19294000,19,83.3311,-9132.33,9.19392,0.3
19296000,20,85.8294,-9118.12,10.3932,0.327
19298000,17,78.3118,-9132.12,12.7399,0.297
19300000,20,94.1033,-9128.63,11.1144,0.339
19302000,18,87.7856,-9137.34,8.80955,0.326
19304000,21,101.708,-9137.88,10.904,0.33475
19306000,21,103.265,-9137.3,9.40422,0.337
19308000,25,118.684,-9119.21,15.1235,0.338
19310000,20,96.4903,-9136.93,13.1135,0.330071
19312000,18,82.21,-9142.42,11.7628,0.363667
19314000,19,79.7296,-9130.38,11.0607,0.312
19316000,19,96.2474,-9112.46,6.6772,0.3424
19318000,16,74.7056,-9129.68,10.4541,0.308
19320000,18,88.0753,-9129.96,10.483,0.3085
19322000,16,78.8262,-9128.87,5.37259,0.343
19324000,20,87.0051,-9125.11,14.9741,0.326286
19326000,24,112.801,-9126.48,9.62598,0.3215
19328000,22,98.0228,-9105.84,11.4621,0.281
19330000,24,119.804,-9128.91,9.8057,0.328
19332000,22,104.996,-9110.9,8.24735,0.338
19334000,21,91.5053,-9123.85,8.57682,0.338
19336000,17,77.845,-9115.77,6.80074,0.31
19338000,18,83.3956,-9128.54,9.51745,0.317
19340000,19,98.1739,-9123.52,9.51587,0.341
19342000,20,103.302,-9123.3,9.82799,0.318471
19344000,22,106.975,-9121.54,12.6359,0.33025
19346000,20,99.7619,-9125.7,10.5194,0.339
19348000,20,82.4432,-9133.61,9.23021,0.335857
19350000,18,87.7562,-9140.3,8.18349,0.3235
19352000,26,116.351,-9109.88,17.1771,0.348
19354000,18,91.1104,-9150.97,10.5302,0.3378
19356000,18,85.7177,-9124.68,9.85386,0.316
19358000,21,102.834,-9134.81,11.3206,0.33
19360000,23,99.9384,-9115.96,13.1926,0.343714
19362000,20,93.1962,-9127.71,13.5631,0.311
19364000,24,118.617,-9118.95,12.1856,0.37
19366000,20,100.036,-9113.56,6.41607,0.358
19368000,19,96.8057,-9141.17,8.35201,0.32376
19370000,21,94.1188,-9113.11,11.8915,0.314
19372000,21,100.81,-9121.86,8.25385,0.34
19374000,23,104.552,-9115.56,12.9597,0.3332
19376000,20,93.817,-9127.17,14.1136,0.302
19378000,21,98.3192,-9117.7,13.1494,0.3105
19380000,19,91.7996,-9111.4,9.83498,0.315
19382000,21,95.2291,-9136.84,10.46,0.329929
19384000,19,89.9815,-9117.93,13.3019,0.316286
19386000,22,98.3317,-9128.08,14.4478,0.311
19388000,21,101.328,-9122.23,11.9697,0.315
19390000,17,93.9852,-9126.18,7.87979,0.327
19392000,21,105.866,-9108.39,8.41791,0.313556
19394000,21,103.536,-9109.92,11.6858,0.332
19396000,19,101.871,-9131.38,8.68018,0.3476
19398000,18,89.4815,-9135.45,6.51361,0.335
19400000,22,102.027,-9115.78,11.357,0.338
19402000,22,101.494,-9111.96,12.7353,0.326
19404000,20,96.8613,-9110.88,12.6275,0.331
19406000,21,101.532,-9126.19,14.6799,0.322444
19408000,20,101.969,-9124.85,8.39748,0.306
19410000,21,106.884,-9116.2,7.78189,0.3455
19412000,21,97.4048,-9123.96,12.5868,0.348
19414000,24,119.136,-9122.7,10.3246,0.353
19416000,22,97.2649,-9131.08,15.1296,0.340394
19418000,18,82.9031,-9126.9,10.8962,0.355
19420000,22,101.499,-9115.46,10.6873,0.3495
19422000,20,97.8009,-9131.39,7.67046,0.348
19424000,20,88.4025,-9124.59,10.0407,0.3312
19426000,21,99.6191,-9119.19,8.12774,0.2975
19428000,20,98.2545,-9135.37,11.9967,0.342667
19430000,20,102.235,-9128.27,9.57684,0.355
19432000,22,113.149,-9124.16,12.6077,0.36
19434000,21,88.7936,-9111.95,12.5702,0.320143
19436000,21,102.664,-9127.19,11.1207,0.337
19438000,19,86.58,-9114.37,8.09819,0.30525
19440000,23,108.707,-9121.13,11.7921,0.317
19442000,26,113.088,-9125.75,16.518,0.347667
19444000,25,114.666,-9120.85,11.3311,0.405
19446000,26,118.79,-9116.71,17.1041,0.354
19448000,21,97.0176,-9110.27,14.4691,0.3194
19450000,23,112.034,-9117.54,10.7649,0.357
19452000,24,119.575,-9126.15,12.7754,0.348
19454000,22,100.93,-9121.38,14.1297,0.363
19456000,20,101.185,-9132.09,10.6478,0.326
19458000,18,80.4492,-9136.29,12.3265,0.301
19460000,20,94.6947,-9133.84,12.705,0.337
19462000,18,86.525,-9141.68,9.97988,0.281
19464000,18,92.0929,-9140.05,7.50321,0.32
19466000,22,115.767,-9139.08,6.90265,0.351
19468000,25,132.702,-9127.53,14.0615,0.349286
19470000,23,112.492,-9113.86,11.4811,0.3145
19472000,21,100.911,-9126.32,15.9328,0.345
19474000,25,125.775,-9122.63,10.6172,0.328
19476000,26,125.979,-9120.71,13.1847,0.368
19478000,25,123.711,-9117.37,14.3578,0.353
19480000,24,112.926,-9116.97,11.2,0.358
19482000,19,91.1377,-9130.63,7.77242,0.319
19484000,20,91.7134,-9116.98,10.8336,0.341
19486000,17,84.8933,-9131.08,8.53684,0.294
19488000,18,84.8286,-9137.73,8.0681,0.332
19490000,20,95.2344,-9117.64,9.00406,0.341444
19492000,20,81.3109,-9126.67,14.1301,0.33125
19494000,21,92.0094,-9120.53,16.5899,0.326
19496000,21,100.107,-9127.88,9.21028,0.323
19498000,24,119.593,-9112.36,12.6145,0.316
19500000,24,108.822,-9139.34,18.3035,0.334071
19502000,20,94.065,-9132.39,12.5443,0.3215
19504000,27,134.741,-9135.13,12.2166,0.355
19506000,23,102.855,-9132.03,11.5037,0.3389
19508000,24,117.43,-9128.91,9.12409,0.322333
19510000,23,104.866,-9121.62,14.927,0.3365
19512000,23,108.424,-9111.76,9.24548,0.32
19514000,24,100.22,-9116.39,13.7193,0.354
19516000,21,88.002,-9123.83,12.1419,0.3352
19518000,22,100.444,-9128.86,13.3279,0.34
19520000,25,113.86,-9121.52,7.86697,0.32775
19522000,23,108.403,-9120.1,11.5705,0.337
19524000,21,92.1678,-9100.99,12.6554,0.333
19526000,20,83.5997,-9125.67,14.7362,0.335
19528000,22,100.479,-9119.51,11.3287,0.333
19530000,21,93.4123,-9109.57,9.76294,0.3155
19532000,22,101.833,-9110.81,13.6251,0.297333
19534000,22,99.3904,-9122.92,10.4863,0.297
19536000,23,99.2631,-9120.22,8.80087,0.348
19538000,24,120.521,-9120.23,11.8353,0.343
19540000,19,81.8252,-9122.79,11.1742,0.331
19542000,20,93.6828,-9122.89,12.4296,0.3305
19544000,18,86.0804,-9129.47,7.42814,0.3315
19546000,19,83.1755,-9118.82,13.5817,0.313
19548000,22,92.2922,-9099.47,9.67784,0.329
19550000,21,108.18,-9122.19,7.03603,0.333167
19552000,23,117.724,-9130.83,12.1535,0.34
19554000,22,101.488,-9130.6,12.325,0.314231
19556000,24,117.085,-9134.7,13.2828,0.331333
19558000,22,107.594,-9142.57,11.331,0.371
19560000,23,103.808,-9117.57,14.8312,0.3186
19562000,19,92.2597,-9127.2,9.89439,0.297
19564000,21,111.671,-9123.53,8.98694,0.34
19566000,18,76.7759,-9123.04,10.0551,0.305947
19568000,23,108.497,-9116.13,11.1641,0.316667
19570000,20,97.0167,-9112.06,10.0481,0.324333
19572000,18,85.6111,-9139.59,8.29254,0.304667
19574000,22,107.552,-9113.97,9.15097,0.322909
19576000,24,119.756,-9122.24,13.2686,0.332
19578000,24,124.52,-9112.36,7.80675,0.3232
19580000,20,90.6091,-9123.55,7.90635,0.315
19582000,24,104.163,-9110.76,15.0779,0.338
19584000,22,112.069,-9117.57,11.4791,0.327571
19586000,19,86.7388,-9124.85,9.84165,0.317429
19588000,22,108.18,-9118.64,10.5879,0.3475
19590000,23,111.709,-9107.85,10.0239,0.322
19592000,23,109.924,-9122.74,12.362,0.341
19594000,23,113.887,-9119.34,7.60419,0.332
19596000,20,81.9251,-9117.05,10.8168,0.3
19598000,25,126.304,-9116.22,9.72552,0.329636
19600000,21,94.0223,-9104.22,11.6665,0.312
19602000,24,106.184,-9115.86,13.2574,0.316
19604000,23,102.824,-9112.89,9.51266,0.33
19606000,25,112.165,-9118.84,14.8309,0.318286
19608000,23,111.732,-9106.18,11.9238,0.292
19610000,25,118.807,-9101,9.11592,0.32
19612000,26,128.047,-9110.64,15.2363,0.339
19614000,22,100.31,-9129.14,8.99367,0.33575
19616000,21,95.0539,-9114.2,7.88456,0.345
19618000,19,87.7798,-9129.51,9.52893,0.319
19620000,21,96.8829,-9128.08,8.8303,0.302
19622000,21,97.362,-9119.09,8.21897,0.322
19624000,20,89.7023,-9120.34,9.34048,0.32
19626000,21,100.282,-9124.98,10.9683,0.308
19628000,28,132.718,-9139.52,14.0043,0.336345
19630000,26,135.153,-9126.46,13.7255,0.335
19632000,23,109.676,-9123.11,13.2619,0.367
19634000,21,100.869,-9098,10.3816,0.328
19636000,20,99.1183,-9141.33,12.3235,0.307
19638000,23,113.437,-9118.61,11.7894,0.347
19640000,21,99.0584,-9108.02,9.90193,0.324
19642000,22,104.863,-9134,8.86941,0.331
19644000,20,100.094,-9137.56,8.25685,0.318
19646000,19,84.9108,-9127.43,12.6023,0.314
19648000,19,84.9955,-9126.42,12.7974,0.348
19650000,24,108.775,-9101.69,10.2415,0.322
19652000,25,114.205,-9104.47,13.9907,0.343
19654000,25,119.164,-9105.26,12.1999,0.321
19656000,27,120.686,-9101.63,17.4675,0.344
19658000,32,157.561,-9098.98,16.0212,0.381
19660000,33,163.091,-9092.47,19.6724,0.364
19662000,34,170.552,-9103.58,21.9888,0.368
19664000,23,114.938,-9114.73,10.241,0.326789
19666000,20,95.5466,-9123.1,9.93156,0.331
19668000,28,132.635,-9094.68,14.6348,0.355667
19670000,31,145.735,-9099.85,20.7367,0.349
19672000,31,140.683,-9113.24,17.6126,0.349
19674000,32,160.936,-9117.23,14.6219,0.35
19676000,29,152.155,-9114.2,11.7228,0.358
19678000,22,107.381,-9130.54,10.7842,0.332455
19680000,22,108.498,-9127.25,12.7507,0.355
19682000,24,118.054,-9113.42,8.94468,0.328
19684000,21,88.0816,-9113.68,14.1873,0.326381
19686000,28,135.002,-9109.5,10.659,0.346
19688000,22,109.201,-9127.02,8.36398,0.33425
19690000,25,110.213,-9125.37,12.4898,0.353667
19692000,23,113.28,-9107.64,12.0608,0.319
19694000,23,111.023,-9112.53,11.2479,0.321
19696000,22,110.752,-9113.47,8.02753,0.323667
19698000,20,93.9834,-9125.54,10.6246,0.31
19700000,23,99.6185,-9111.04,14.1507,0.315
19702000,21,105.315,-9135.06,10.1749,0.3175
19704000,24,118.903,-9123.06,10.3669,0.304
19706000,21,103.121,-9123.83,10.8352,0.356
19708000,23,113.499,-9114.9,9.9658,0.34
19710000,23,111.148,-9120.81,10.7371,0.359
19712000,20,93.0498,-9138.47,8.46376,0.3327
19714000,20,76.2723,-9120.12,16.6016,0.318
19716000,20,92.4481,-9112.05,8.08626,0.333
19718000,23,108.692,-9124.39,11.2545,0.34
19720000,20,94.7664,-9138.59,11.3178,0.3205
19722000,23,113.164,-9129.42,13.6985,0.343
19724000,21,99.8166,-9131.75,10.5709,0.36
19726000,18,79.4187,-9120.93,11.4712,0.28
19728000,19,81.5936,-9130.47,10.2865,0.332
19730000,24,103.06,-9118.92,13.355,0.33
19732000,23,115.817,-9115.96,8.37871,0.338
19734000,22,104.04,-9103.06,12.0117,0.352
19736000,20,93.4499,-9127.07,7.34636,0.3165
19738000,21,89.7346,-9116.85,12.947,0.343
19740000,21,103.655,-9113.2,8.55099,0.34
19742000,23,117.015,-9110.12,13.1483,0.361
19744000,24,98.3511,-9117.53,12.5038,0.345167
19746000,20,90.2956,-9120.61,9.61102,0.324
19748000,20,93.6974,-9128.15,8.81021,0.334
19750000,18,84.4972,-9131.58,8.12127,0.304
19752000,22,97.368,-9114.87,16.5389,0.344
19754000,23,114.954,-9114.13,11.351,0.357
19756000,20,96.3002,-9116.12,9.5436,0.294
19758000,23,109.222,-9113.97,14.5502,0.334
19760000,25,120.993,-9113.81,15.6459,0.388
19762000,21,97.2484,-9117.34,14.9977,0.356
19764000,22,114.551,-9121.7,8.67455,0.333
19766000,23,119.573,-9123.73,12.2072,0.341
19768000,24,115.829,-9114.26,12.5727,0.343
19770000,25,116.715,-9122.9,13.002,0.36
19772000,21,104.091,-9131.86,9.48645,0.3145
19774000,23,108.228,-9132.75,12.9086,0.328154
19776000,25,113.165,-9112.27,12.3447,0.334
19778000,23,106.059,-9131.4,13.8017,0.32125
19780000,21,96.3283,-9104.16,10.1062,0.359
19782000,20,92.9556,-9104.05,16.6451,0.316
19784000,28,142.209,-9131.28,14.549,0.344
19786000,27,128.307,-9120.1,14.5295,0.392
19788000,25,119.711,-9119.85,14.1441,0.369
19790000,18,83.1457,-9127.21,7.50653,0.3516
19792000,22,101.335,-9107.43,10.8574,0.313
19794000,25,120.928,-9131.52,11.0033,0.3475
19796000,18,93.9127,-9143.22,8.32939,0.327
19798000,17,86.705,-9139.05,6.65206,0.307
19800000,19,101.301,-9150.07,7.05259,0.324
19802000,23,116.489,-9102.02,8.53987,0.32825
19804000,22,109.181,-9122.35,9.85016,0.33
19806000,18,93.2479,-9121.53,5.28678,0.314462
19808000,21,106.873,-9114.15,8.59578,0.312
19810000,19,90.8201,-9118.86,8.70749,0.316462
19812000,20,96.9159,-9119.31,13.9338,0.382
19814000,25,121.874,-9112.88,11.2457,0.347
19816000,21,107.218,-9117.18,9.02559,0.341
19818000,21,110.62,-9124.88,8.52629,0.311
19820000,23,109.326,-9124.69,11.8305,0.35
19822000,19,80.6831,-9118.52,13.6646,0.326
19824000,20,83.9195,-9126.22,15.0284,0.314
19826000,20,88.3834,-9116.34,9.73034,0.319
19828000,22,98.6038,-9109.61,11.0676,0.3055
19830000,21,87.545,-9098.96,14.0203,0.285
19832000,23,102.868,-9112.97,10.2212,0.313
19834000,23,118.98,-9112.51,8.63451,0.296
19836000,23,114.829,-9131.75,13.8424,0.365
19838000,20,100.711,-9102.42,7.56744,0.347
19840000,20,88.2508,-9124.22,12.8466,0.313
19842000,20,92.1027,-9122.81,10.7729,0.312
19844000,23,105.641,-9133.77,12.6462,0.358
19846000,22,106.485,-9121.32,11.8407,0.321375
19848000,21,94.0915,-9116.34,10.0926,0.338333
19850000,21,93.0353,-9116.05,14.7806,0.344
19852000,19,98.0777,-9121.38,9.96271,0.3209
19854000,21,98.2794,-9121.44,13.2892,0.328
19856000,21,97.7306,-9127.8,9.22463,0.319
19858000,19,99.3155,-9140.14,8.06395,0.298
19860000,24,114.344,-9142,15.3503,0.3235
19862000,22,110.658,-9127.46,8.78918,0.341
19864000,21,104.894,-9134.02,10.6571,0.325765
19866000,21,94.5255,-9124.27,12.6131,0.331
19868000,21,96.5851,-9114.82,9.0189,0.335
19870000,19,85.7072,-9125.22,11.3311,0.337
19872000,19,94.9899,-9125.55,6.36732,0.335889
19874000,18,76.3103,-9123.41,10.8714,0.317
19876000,23,114.113,-9130.07,12.162,0.348
19878000,20,94.2838,-9140.25,11.7381,0.348
19880000,23,115.238,-9135.84,10.3914,0.35
19882000,18,91.6381,-9141.42,7.97549,0.31475
19884000,19,89.9763,-9139.57,13.2654,0.336
19886000,18,84.9071,-9143.49,7.29391,0.297
19888000,19,86.5542,-9124.84,13.2533,0.309571
19890000,20,96.9735,-9131.39,8.78206,0.306
19892000,20,91.7677,-9125.11,11.6123,0.315
19894000,19,90.2588,-9127.2,10.1985,0.308
19896000,21,94.563,-9136.15,16.3574,0.323
19898000,19,87.6758,-9128.88,10.3317,0.315
19900000,20,101.488,-9133.83,5.8461,0.308538
19902000,21,90.3256,-9119.76,9.61919,0.314333
19904000,21,92.2291,-9123.61,8.93427,0.33
19906000,22,105.551,-9128.29,10.6507,0.33
19908000,21,101.162,-9109.35,12.6675,0.346
19910000,20,103.694,-9118.82,10.1226,0.325
19912000,24,124.264,-9125.18,10.4999,0.362
19914000,21,96.9492,-9141.3,11.7808,0.324
19916000,22,97.539,-9135,12.4498,0.338
19918000,22,99.2256,-9128.27,5.75404,0.327
19920000,29,134.302,-9117.3,12.2677,0.3485
19922000,25,118.345,-9120.65,11.9871,0.341
19924000,23,106.801,-9110.81,13.3309,0.345
19926000,27,123.143,-9120.54,14.4869,0.33825
19928000,22,101.387,-9108.16,16.9785,0.322
19930000,21,99.6437,-9114.43,12.7425,0.33175
19932000,27,128.708,-9122.82,11.6114,0.358857
19934000,25,107.292,-9114.1,15.0747,0.349833
19936000,25,113.411,-9116.11,12.3339,0.361
19938000,25,122.825,-9119.47,11.9092,0.368
19940000,25,120.354,-9120.59,15.2828,0.363
19942000,22,105.904,-9122.75,10.2998,0.353167
19944000,22,101.173,-9116.24,13.8544,0.36
19946000,21,95.9916,-9119.16,12.6591,0.33
19948000,21,106.973,-9131.76,9.35405,0.326
19950000,21,99.9054,-9121.78,14.5762,0.321
19952000,15,68.6257,-9136.12,5.89752,0.312609
19954000,21,101.148,-9123.61,10.8012,0.329615
19956000,19,89.7243,-9138.41,9.16121,0.359
19958000,23,121.801,-9120.67,11.8146,0.329
19960000,21,111.68,-9123.3,7.90892,0.323
19962000,20,95.659,-9115.76,12.3488,0.31325
19964000,22,107.273,-9129.12,12.8951,0.323
19966000,21,110.96,-9130.2,6.98683,0.349
19968000,21,107.152,-9135.46,6.31761,0.376
19970000,19,94.052,-9137.46,11.7747,0.317
19972000,24,115.403,-9127.58,11.6076,0.330625
19974000,27,131.787,-9114.83,13.9177,0.333
19976000,25,127.385,-9118.61,12.0116,0.356
19978000,25,116.686,-9109.22,13.9404,0.324
19980000,22,113.209,-9108.55,9.59167,0.352
19982000,26,129.562,-9115.72,16.5185,0.34425
19984000,26,132.335,-9125.73,11.8725,0.353
19986000,22,117.274,-9123.67,9.01124,0.344
19988000,23,115.017,-9111.9,13.7398,0.33
19990000,20,92.4154,-9120.35,13.8686,0.32
19992000,19,94.5945,-9114.8,11.586,0.309
19994000,26,115.059,-9119.26,10.6723,0.346167
19996000,30,143.034,-9109.55,17.727,0.353
19998000,24,111.904,-9112.64,17.0653,0.369
